{
"type": "FeatureCollection",
"name": "page_2.4_train_lines_reference",
"crs": { "type": "name", "properties": { "name": "urn:ogc:def:crs:OGC:1.3:CRS84" } },
"features": [
{ "type": "Feature", "properties": { "SHORT_NAME": "Alamein" }, "geometry": { "type": "LineString", "coordinates": [ [ 145.079692630000011, -37.86820591 ], [ 145.079845979999988, -37.86737833 ], [ 145.079925839999987, -37.86692084 ], [ 145.07999418, -37.86649948 ], [ 145.08006556, -37.86609701 ], [ 145.08034927, -37.86459107 ], [ 145.080420550000014, -37.86422716 ], [ 145.080469380000011, -37.86403204 ], [ 145.08051036, -37.86389861 ], [ 145.08055586, -37.86376562 ], [ 145.08060205000001, -37.86364597 ], [ 145.08086216, -37.86304462 ], [ 145.08135192, -37.86192441 ], [ 145.08154621, -37.86148068 ], [ 145.08180503, -37.86088038 ], [ 145.08186756, -37.86067377 ], [ 145.08191943, -37.86053204 ], [ 145.08207841, -37.86015199 ], [ 145.0826802, -37.85877802 ], [ 145.08277197000001, -37.85855702 ], [ 145.08282682, -37.85841417 ], [ 145.08288725, -37.85824456 ], [ 145.08292931, -37.85810818 ], [ 145.08297479, -37.8579367 ], [ 145.08301785, -37.85773112 ], [ 145.08305576, -37.85750067 ], [ 145.08307943, -37.85730667 ], [ 145.083085829999987, -37.85722206 ], [ 145.08309373, -37.85705746 ], [ 145.08309415, -37.85686993 ], [ 145.083088909999987, -37.85669501 ], [ 145.08307229, -37.85647206 ], [ 145.08304705, -37.85627924 ], [ 145.08301455, -37.85608162 ], [ 145.0829813, -37.85593049 ], [ 145.08292988, -37.8557304 ], [ 145.08283612, -37.85544041 ], [ 145.08274499, -37.85521146 ], [ 145.08265617, -37.8550159 ], [ 145.082565859999988, -37.85483852 ], [ 145.08240776, -37.85455811 ], [ 145.08167573, -37.853416 ], [ 145.08083141, -37.852113 ], [ 145.08058312, -37.85172577 ], [ 145.08020735, -37.85113982 ], [ 145.079640860000012, -37.8502694 ], [ 145.07897258, -37.84923214 ], [ 145.07690061, -37.84603046 ], [ 145.07674906, -37.8458053 ], [ 145.076456439999987, -37.84539354 ], [ 145.07582423, -37.84456286 ], [ 145.07569358, -37.84438211 ], [ 145.075589040000011, -37.84422873 ], [ 145.07538283, -37.84390345 ], [ 145.07530351, -37.84377644 ], [ 145.075216899999987, -37.8436284 ], [ 145.07513828, -37.84348797 ], [ 145.075056530000012, -37.8433319 ], [ 145.07492384, -37.84306379 ], [ 145.07462215000001, -37.84251211 ], [ 145.07354526, -37.84083243 ], [ 145.07267606, -37.8394958 ], [ 145.07212494, -37.83863579 ], [ 145.07121701, -37.83716991 ], [ 145.070714939999988, -37.836369 ], [ 145.07052735, -37.83606331 ], [ 145.070464820000012, -37.83597271 ], [ 145.07010946, -37.83541193 ], [ 145.069847900000013, -37.83499706 ], [ 145.0696399, -37.83465967 ], [ 145.069492380000014, -37.83435572 ], [ 145.069389089999987, -37.83405068 ], [ 145.069334059999989, -37.83381664 ], [ 145.06930463, -37.83354652 ], [ 145.06930728, -37.83333154 ], [ 145.069327429999987, -37.83312073 ], [ 145.06936284, -37.8329089 ], [ 145.069371929999988, -37.83281713 ], [ 145.06961981, -37.83156791 ], [ 145.069664069999988, -37.83130395 ], [ 145.069677399999989, -37.83124587 ], [ 145.06976954000001, -37.83062294 ], [ 145.069822679999987, -37.83017079 ], [ 145.06989034, -37.82963218 ], [ 145.069934679999989, -37.8293392 ], [ 145.070044270000011, -37.82866087 ], [ 145.07005935, -37.82854451 ], [ 145.07006995, -37.82842987 ], [ 145.0700728, -37.82834638 ], [ 145.070071649999988, -37.82826399 ], [ 145.070067310000013, -37.82819534 ], [ 145.07005676, -37.82808982 ], [ 145.07002773, -37.82792208 ], [ 145.07001066, -37.82784898 ], [ 145.069989819999989, -37.82777664 ], [ 145.06994441, -37.82764026 ], [ 145.06991975, -37.82757939 ], [ 145.06987751, -37.82748669 ], [ 145.06983395, -37.82740108 ], [ 145.06977738, -37.82730499 ], [ 145.06973235000001, -37.82723648 ], [ 145.06968773, -37.82717438 ], [ 145.06961956, -37.82708702 ], [ 145.06953908, -37.82699693 ], [ 145.06946592, -37.82692264 ], [ 145.0693999, -37.82686217 ], [ 145.069310660000014, -37.82678564 ], [ 145.06923027, -37.82672259 ], [ 145.06916435, -37.82667564 ], [ 145.06907254, -37.82661492 ], [ 145.06891149, -37.82652099 ], [ 145.068823149999986, -37.82647548 ], [ 145.06873055, -37.82643196 ], [ 145.06862694, -37.82638818 ], [ 145.06853145, -37.82635092 ], [ 145.06846299, -37.82632718 ], [ 145.068294720000011, -37.8262753 ], [ 145.06811284, -37.82623096 ], [ 145.06794868, -37.82619997 ], [ 145.06779486, -37.8261778 ], [ 145.067611559999989, -37.82616172 ], [ 145.067488520000012, -37.82615718 ], [ 145.067334890000012, -37.82615799 ], [ 145.06724811, -37.82616179 ], [ 145.067089040000013, -37.82617486 ], [ 145.06687621, -37.82620246 ], [ 145.06554412, -37.82643562 ], [ 145.0653331, -37.82646721 ], [ 145.065093319999988, -37.82649111 ], [ 145.06484445000001, -37.82650189 ], [ 145.06473114, -37.82650327 ], [ 145.06455219, -37.82649916 ], [ 145.064323, -37.82648728 ], [ 145.06418795, -37.8264856 ], [ 145.06266488, -37.8265358 ], [ 145.06069079, -37.8265972 ], [ 145.06038353, -37.82661648 ], [ 145.05984845, -37.82667516 ], [ 145.05966859, -37.82669292 ], [ 145.059360590000011, -37.82671849 ], [ 145.05923021000001, -37.82672526 ], [ 145.05898681, -37.8267308 ], [ 145.05870248, -37.82673341 ], [ 145.058601180000011, -37.82673147 ] ] } },
{ "type": "Feature", "properties": { "SHORT_NAME": "Belgrave" }, "geometry": { "type": "LineString", "coordinates": [ [ 145.35509348, -37.90907662 ], [ 145.35469568, -37.90953726 ], [ 145.354566369999986, -37.9096791 ], [ 145.35451387, -37.90973334 ], [ 145.354426749999988, -37.90981431 ], [ 145.35431804000001, -37.90990463 ], [ 145.354221630000012, -37.90997898 ], [ 145.354134749999986, -37.91003914 ], [ 145.353996669999987, -37.91012553 ], [ 145.35387745, -37.91018757 ], [ 145.35371665, -37.9102622 ], [ 145.35353565, -37.91033483 ], [ 145.3534304, -37.91037183 ], [ 145.35328572, -37.91041766 ], [ 145.35319955, -37.91044088 ], [ 145.35296875, -37.9104919 ], [ 145.35276653, -37.91052152 ], [ 145.35268308, -37.91052954 ], [ 145.352502750000014, -37.91054144 ], [ 145.35227355, -37.91054129 ], [ 145.35208904000001, -37.91053159 ], [ 145.352012519999988, -37.9105252 ], [ 145.351880130000012, -37.91050901 ], [ 145.351781609999989, -37.91049421 ], [ 145.35166826, -37.91047162 ], [ 145.351561370000013, -37.91044957 ], [ 145.35149055, -37.910432 ], [ 145.35140994, -37.91041023 ], [ 145.351236089999986, -37.91035598 ], [ 145.351020940000012, -37.9102714 ], [ 145.350876950000014, -37.91020486 ], [ 145.350745210000014, -37.91013939 ], [ 145.35027169, -37.90988933 ], [ 145.35008815, -37.90979519 ], [ 145.35000783000001, -37.90975514 ], [ 145.349901100000011, -37.90970579 ], [ 145.34968263, -37.90961756 ], [ 145.349494990000011, -37.90954941 ], [ 145.34928735, -37.90948539 ], [ 145.34913325, -37.90944349 ], [ 145.348977780000013, -37.90940697 ], [ 145.34868631, -37.90934313 ], [ 145.347744150000011, -37.90916976 ], [ 145.34695747, -37.90903272 ], [ 145.34669677, -37.90899202 ], [ 145.34642839, -37.90895869 ], [ 145.346170949999987, -37.90893461 ], [ 145.34583152, -37.90891479 ], [ 145.345473449999986, -37.90890444 ], [ 145.345266650000013, -37.90889486 ], [ 145.34513965, -37.9088874 ], [ 145.34498274, -37.90887447 ], [ 145.34476374, -37.90884552 ], [ 145.34462897, -37.9088247 ], [ 145.344512759999986, -37.90880243 ], [ 145.34427901, -37.90874678 ], [ 145.34417561, -37.90871639 ], [ 145.34399926, -37.90865777 ], [ 145.34385180000001, -37.90860387 ], [ 145.343762919999989, -37.90856531 ], [ 145.34358328, -37.9084805 ], [ 145.34349469, -37.9084341 ], [ 145.34290952, -37.90808701 ], [ 145.34239315, -37.90777116 ], [ 145.34219729, -37.90765449 ], [ 145.34202435, -37.90756013 ], [ 145.34185154, -37.90747046 ], [ 145.341711479999987, -37.90740648 ], [ 145.341564150000011, -37.90734709 ], [ 145.34137444000001, -37.90728034 ], [ 145.341107490000013, -37.90720916 ], [ 145.34094719, -37.9071704 ], [ 145.34078326, -37.90714105 ], [ 145.34063805, -37.90711891 ], [ 145.34037502000001, -37.90708591 ], [ 145.340011409999988, -37.90704437 ], [ 145.339828720000014, -37.90701963 ], [ 145.339673940000011, -37.90699338 ], [ 145.33949675, -37.90695699 ], [ 145.33928192, -37.90689989 ], [ 145.33910556, -37.90684207 ], [ 145.33896594, -37.90678864 ], [ 145.33873325, -37.90669163 ], [ 145.33859213, -37.90662411 ], [ 145.33811669, -37.90636596 ], [ 145.33750193, -37.90602681 ], [ 145.33722874, -37.90587947 ], [ 145.3370687, -37.90579872 ], [ 145.33688258, -37.90571462 ], [ 145.33661908, -37.90561194 ], [ 145.33647145, -37.90556596 ], [ 145.33634115000001, -37.90552879 ], [ 145.336175419999989, -37.90548887 ], [ 145.33601255, -37.90545313 ], [ 145.33587728, -37.90542923 ], [ 145.3356101, -37.90539922 ], [ 145.33494893, -37.90535833 ], [ 145.334784, -37.90534374 ], [ 145.334628689999988, -37.90532559 ], [ 145.33444143, -37.90529716 ], [ 145.33429877, -37.90526847 ], [ 145.33413556, -37.90522786 ], [ 145.33392218, -37.9051622 ], [ 145.3334045, -37.90496282 ], [ 145.333101950000014, -37.90484174 ], [ 145.33287682, -37.90474753 ], [ 145.33270223, -37.90466214 ], [ 145.33254215, -37.90457354 ], [ 145.33238936, -37.90447936 ], [ 145.33221357, -37.90436142 ], [ 145.332037820000011, -37.90423637 ], [ 145.3317127, -37.90399717 ], [ 145.331503450000014, -37.90383442 ], [ 145.33138329, -37.9037362 ], [ 145.331316390000012, -37.90368154 ], [ 145.33111734, -37.90350577 ], [ 145.330689049999989, -37.90311128 ], [ 145.330588479999989, -37.90302153 ], [ 145.33049788, -37.90294391 ], [ 145.33039295, -37.90286123 ], [ 145.33029011, -37.90278704 ], [ 145.33017055, -37.90271216 ], [ 145.33007337, -37.90265419 ], [ 145.3297628, -37.90247621 ], [ 145.329570929999988, -37.90235011 ], [ 145.32939986, -37.90224494 ], [ 145.32919088, -37.90213671 ], [ 145.328998320000011, -37.90204143 ], [ 145.32875347, -37.90192962 ], [ 145.32850754, -37.90183069 ], [ 145.32826866, -37.90174177 ], [ 145.3279345, -37.90162149 ], [ 145.32769983, -37.90152218 ], [ 145.32741845000001, -37.90139192 ], [ 145.327165189999988, -37.90126008 ], [ 145.32656101, -37.90093471 ], [ 145.32616556, -37.90071379 ], [ 145.32578615, -37.90049237 ], [ 145.325510259999987, -37.90034092 ], [ 145.32526003000001, -37.90021596 ], [ 145.325053489999988, -37.90012074 ], [ 145.32476773, -37.90000321 ], [ 145.3242305, -37.89979107 ], [ 145.32394677, -37.89966393 ], [ 145.32363006, -37.89950738 ], [ 145.323309490000014, -37.89932996 ], [ 145.32276126, -37.89902142 ], [ 145.321964869999988, -37.89858298 ], [ 145.321371559999989, -37.89824639 ], [ 145.32099116, -37.89802539 ], [ 145.3206276, -37.89781851 ], [ 145.32031090000001, -37.89764682 ], [ 145.320056099999988, -37.89749908 ], [ 145.3197663, -37.89730956 ], [ 145.318980970000013, -37.8967615 ], [ 145.31862245, -37.89653891 ], [ 145.31835117, -37.89639084 ], [ 145.31809458, -37.89625668 ], [ 145.31710478, -37.8957639 ], [ 145.31649042, -37.89544014 ], [ 145.316326299999986, -37.89534109 ], [ 145.31618695, -37.89524267 ], [ 145.315992130000012, -37.89508361 ], [ 145.315832910000012, -37.89493389 ], [ 145.31571402, -37.89480151 ], [ 145.31561258, -37.89468146 ], [ 145.31542565, -37.89443582 ], [ 145.31514929, -37.89404696 ], [ 145.31502747, -37.89389832 ], [ 145.314909879999988, -37.89376407 ], [ 145.31476415, -37.8936313 ], [ 145.31461059, -37.89350816 ], [ 145.31445897, -37.89339974 ], [ 145.3142378, -37.89326932 ], [ 145.31415285, -37.89322466 ], [ 145.31404815, -37.89317783 ], [ 145.313928229999988, -37.89313051 ], [ 145.31380375, -37.89308394 ], [ 145.313675249999989, -37.89304389 ], [ 145.31354545, -37.89301058 ], [ 145.313355879999989, -37.89297073 ], [ 145.31313673, -37.89293614 ], [ 145.31302621, -37.89292572 ], [ 145.31282335, -37.89291461 ], [ 145.31271014, -37.89291227 ], [ 145.31250344, -37.89291543 ], [ 145.311139200000014, -37.89297156 ], [ 145.310827210000014, -37.89297907 ], [ 145.31058611, -37.8929793 ], [ 145.310359260000013, -37.89297334 ], [ 145.31021637, -37.89296616 ], [ 145.30957751, -37.89293012 ], [ 145.309166229999988, -37.89290277 ], [ 145.30889155, -37.89287989 ], [ 145.30875009, -37.89286488 ], [ 145.30858397, -37.89284366 ], [ 145.308290050000011, -37.89279663 ], [ 145.3072843, -37.89262797 ], [ 145.306311740000012, -37.89246537 ], [ 145.30609701, -37.8924265 ], [ 145.306015550000012, -37.89240838 ], [ 145.30587075, -37.89237034 ], [ 145.305595860000011, -37.89228717 ], [ 145.30546458, -37.89223932 ], [ 145.305345859999989, -37.89218966 ], [ 145.305010720000013, -37.89203118 ], [ 145.30483209, -37.89195588 ], [ 145.3043873, -37.89178879 ], [ 145.30411928, -37.8916839 ], [ 145.30370148, -37.89151521 ], [ 145.30293798, -37.89119283 ], [ 145.302709279999988, -37.89108968 ], [ 145.30249464, -37.8909879 ], [ 145.302135060000012, -37.89080491 ], [ 145.301340180000011, -37.89037906 ], [ 145.300603810000013, -37.88997586 ], [ 145.300377700000013, -37.88984391 ], [ 145.30017253, -37.8897163 ], [ 145.29992855, -37.88955083 ], [ 145.29962824, -37.88932281 ], [ 145.29932075, -37.88905134 ], [ 145.29917604, -37.88891551 ], [ 145.29904543, -37.88877998 ], [ 145.298887549999989, -37.8886043 ], [ 145.29878162, -37.88847831 ], [ 145.29851765, -37.88812456 ], [ 145.29841922, -37.8879793 ], [ 145.29833295, -37.8878344 ], [ 145.29817315, -37.8875492 ], [ 145.29797542, -37.88716811 ], [ 145.297819049999987, -37.88685799 ], [ 145.29752836, -37.88629206 ], [ 145.29735982, -37.88595203 ], [ 145.29721917, -37.88568504 ], [ 145.29710114, -37.88544794 ], [ 145.29593559, -37.88317029 ], [ 145.29583405, -37.88296822 ], [ 145.29579847, -37.88290353 ], [ 145.29559416, -37.88249819 ], [ 145.29549705, -37.88231609 ], [ 145.29540667, -37.882133 ], [ 145.29532394, -37.88197788 ], [ 145.29499321, -37.88133035 ], [ 145.29465074, -37.88065479 ], [ 145.294465, -37.88029811 ], [ 145.29430084, -37.87997147 ], [ 145.29383335, -37.87906277 ], [ 145.293638859999987, -37.87867639 ], [ 145.29212815, -37.87571717 ], [ 145.29202562, -37.87550967 ], [ 145.291953580000012, -37.87537488 ], [ 145.29171761, -37.87491436 ], [ 145.29127774, -37.87404309 ], [ 145.29113562, -37.87378274 ], [ 145.29101354, -37.87358477 ], [ 145.29087411, -37.8733752 ], [ 145.290656790000014, -37.87308717 ], [ 145.290050580000013, -37.8723747 ], [ 145.28987232, -37.87216826 ], [ 145.2889281, -37.87104929 ], [ 145.288535169999989, -37.87052953 ], [ 145.28818651, -37.86998851 ], [ 145.28789676, -37.86943699 ], [ 145.287632589999987, -37.86884619 ], [ 145.287369790000014, -37.86809346 ], [ 145.28697816, -37.86685581 ], [ 145.28681316, -37.86631799 ], [ 145.286699160000012, -37.86591458 ], [ 145.28659233, -37.8654717 ], [ 145.28646353, -37.86496136 ], [ 145.286271660000011, -37.86434728 ], [ 145.28612155, -37.86381473 ], [ 145.28600619, -37.86338696 ], [ 145.28586404, -37.8629624 ], [ 145.28570543, -37.86255157 ], [ 145.28516764, -37.86142353 ], [ 145.28492429, -37.86099128 ], [ 145.284700179999987, -37.86054759 ], [ 145.28458322, -37.86032194 ], [ 145.284381700000012, -37.85991904 ], [ 145.28432806, -37.85980561 ], [ 145.284215350000011, -37.85957803 ], [ 145.28407864, -37.85932181 ], [ 145.28386666, -37.8589586 ], [ 145.283627990000014, -37.85854029 ], [ 145.28335709000001, -37.85801733 ], [ 145.28311965, -37.8575419 ], [ 145.28284747, -37.85708868 ], [ 145.28252559, -37.8566323 ], [ 145.28219973, -37.85624471 ], [ 145.278387009999989, -37.85228551 ], [ 145.275317230000013, -37.84910967 ], [ 145.27374185, -37.84747351 ], [ 145.27299482, -37.84669409 ], [ 145.27245566, -37.84614869 ], [ 145.271830709999989, -37.84549642 ], [ 145.271113219999989, -37.84475293 ], [ 145.2703845, -37.84401936 ], [ 145.269940319999989, -37.84360837 ], [ 145.26970701, -37.84339884 ], [ 145.26949238, -37.84321256 ], [ 145.2692227, -37.84296941 ], [ 145.2690826, -37.84283722 ], [ 145.26888311, -37.84263962 ], [ 145.26870241, -37.84245546 ], [ 145.268497419999989, -37.84224553 ], [ 145.26814719, -37.84188061 ], [ 145.26804062, -37.84176756 ], [ 145.267365579999989, -37.84106866 ], [ 145.267220900000012, -37.840909 ], [ 145.26672573, -37.84030357 ], [ 145.26624285, -37.83977601 ], [ 145.26528535, -37.83878067 ], [ 145.26465579, -37.83811666 ], [ 145.26396374, -37.83739441 ], [ 145.26364324, -37.83707661 ], [ 145.263322789999989, -37.83678106 ], [ 145.26303581, -37.83653647 ], [ 145.26287475, -37.8364072 ], [ 145.26271115, -37.83628006 ], [ 145.262614750000012, -37.83620916 ], [ 145.262119790000014, -37.83588823 ], [ 145.261662480000012, -37.83561923 ], [ 145.261156840000012, -37.83537141 ], [ 145.260733069999986, -37.83517968 ], [ 145.26029861, -37.8350123 ], [ 145.25982966, -37.8348573 ], [ 145.25942945, -37.83473162 ], [ 145.258580630000012, -37.83454306 ], [ 145.25825297, -37.8344681 ], [ 145.257910040000013, -37.83440012 ], [ 145.257050920000012, -37.83424907 ], [ 145.2530932, -37.83349162 ], [ 145.25164985, -37.83320434 ], [ 145.249477250000012, -37.83278688 ], [ 145.24886702, -37.83264497 ], [ 145.248394850000011, -37.8324978 ], [ 145.24791081, -37.83229549 ], [ 145.24758888, -37.83213344 ], [ 145.247122960000013, -37.83185217 ], [ 145.246810540000013, -37.83162447 ], [ 145.246460500000012, -37.83132997 ], [ 145.24617355, -37.83104398 ], [ 145.24590659, -37.83071989 ], [ 145.24570405, -37.83042966 ], [ 145.245543160000011, -37.83016591 ], [ 145.245295129999988, -37.82971467 ], [ 145.2449758, -37.82914107 ], [ 145.244609419999989, -37.82847259 ], [ 145.24313484000001, -37.82577544 ], [ 145.24254391, -37.82466958 ], [ 145.2409888, -37.82181007 ], [ 145.2403866, -37.82072214 ], [ 145.23982335, -37.81968806 ], [ 145.23950937, -37.81911749 ], [ 145.239114519999987, -37.81838909 ], [ 145.23878262, -37.81781312 ], [ 145.23845111, -37.81727824 ], [ 145.23807631, -37.81669631 ], [ 145.237658329999988, -37.81606687 ], [ 145.23746037, -37.81582617 ], [ 145.23728112, -37.81564901 ], [ 145.23708973, -37.81547582 ], [ 145.23694762, -37.81536086 ], [ 145.23675708, -37.81522399 ], [ 145.236563929999988, -37.81509619 ], [ 145.236340649999988, -37.81497416 ], [ 145.23610903, -37.81485948 ], [ 145.23589725, -37.8147697 ], [ 145.23568261, -37.81469079 ], [ 145.23546219, -37.81462079 ], [ 145.23523544, -37.81455404 ], [ 145.2347542, -37.81444589 ], [ 145.23455997, -37.81441621 ], [ 145.234368640000014, -37.81439334 ], [ 145.234129020000012, -37.81437118 ], [ 145.23388841, -37.81436208 ], [ 145.23365739, -37.8143605 ], [ 145.233384730000012, -37.81436597 ], [ 145.233164609999989, -37.81438366 ], [ 145.23290767, -37.81441117 ], [ 145.232704250000012, -37.81444777 ], [ 145.23243603, -37.81450088 ], [ 145.23202848, -37.81461778 ], [ 145.23160031, -37.81478024 ], [ 145.2313691, -37.81487707 ], [ 145.23063523, -37.81520093 ], [ 145.22997436, -37.81548399 ], [ 145.22904773, -37.81589209 ], [ 145.22821337, -37.81625634 ], [ 145.22809422, -37.81630312 ], [ 145.22782633, -37.81639867 ], [ 145.22769028, -37.81645367 ], [ 145.22528578, -37.81751134 ], [ 145.224676859999988, -37.81773909 ], [ 145.22402913, -37.81794571 ], [ 145.22345382, -37.8180887 ], [ 145.223097059999986, -37.8181565 ], [ 145.22261706, -37.81823811 ], [ 145.22206043, -37.81830271 ], [ 145.22145828, -37.8183567 ], [ 145.22049744, -37.81842149 ], [ 145.22035265, -37.81842831 ], [ 145.218628529999989, -37.8185294 ], [ 145.217612300000013, -37.81860631 ], [ 145.21635296, -37.81868259 ], [ 145.21537417, -37.81874716 ], [ 145.21458574, -37.81879459 ], [ 145.21360537000001, -37.81885876 ], [ 145.212848369999989, -37.81890279 ], [ 145.212534049999988, -37.81891568 ], [ 145.21219985, -37.81892422 ], [ 145.21183019, -37.81892329 ], [ 145.21143853, -37.81891662 ], [ 145.21104832, -37.81890132 ], [ 145.21077084, -37.81888467 ], [ 145.21024843, -37.81884438 ], [ 145.20214836, -37.81818792 ], [ 145.198429979999986, -37.81789777 ], [ 145.196689170000013, -37.81775054 ], [ 145.19610555, -37.81771448 ], [ 145.19563485, -37.81771592 ], [ 145.19520775, -37.81774199 ], [ 145.19465868, -37.81781739 ], [ 145.19418955, -37.81788509 ], [ 145.1927382, -37.81811597 ], [ 145.191901449999989, -37.8182484 ], [ 145.19166307, -37.81828259 ], [ 145.19106192000001, -37.81838312 ], [ 145.19036619, -37.81847643 ], [ 145.189705300000014, -37.8185253 ], [ 145.18902125, -37.81855921 ], [ 145.18841361, -37.81859934 ], [ 145.185635240000011, -37.81901429 ], [ 145.1853558, -37.81906414 ], [ 145.183960219999989, -37.81927902 ], [ 145.18295214, -37.81941541 ], [ 145.182306430000011, -37.81949772 ], [ 145.181712370000014, -37.81958183 ], [ 145.1800771, -37.81983666 ], [ 145.17935035, -37.81995258 ], [ 145.178645069999988, -37.82005009 ], [ 145.17838085, -37.82007656 ], [ 145.17647373, -37.82029316 ], [ 145.17608887, -37.82034226 ], [ 145.17536475, -37.82044324 ], [ 145.174921180000013, -37.82052802 ], [ 145.17480778, -37.82055167 ], [ 145.174069190000012, -37.82068658 ], [ 145.173101190000011, -37.82086866 ], [ 145.17141921000001, -37.82117726 ], [ 145.17092699, -37.8212536 ], [ 145.17015193, -37.82136476 ], [ 145.16795625, -37.82170308 ], [ 145.16765812, -37.82174512 ], [ 145.16734759, -37.82178337 ], [ 145.16706186, -37.82181118 ], [ 145.16667171, -37.821839 ], [ 145.16636867, -37.82184996 ], [ 145.16588601, -37.8218519 ], [ 145.1653579, -37.82183124 ], [ 145.16500843, -37.82180399 ], [ 145.1646211, -37.82176379 ], [ 145.162403930000011, -37.82148751 ], [ 145.16081637, -37.82129474 ], [ 145.157815879999987, -37.82092358 ], [ 145.15720027, -37.82084447 ], [ 145.152820850000012, -37.82030434 ], [ 145.152356020000013, -37.82026587 ], [ 145.15204552, -37.8202527 ], [ 145.15167686, -37.82024367 ], [ 145.150944040000013, -37.82023667 ], [ 145.15006843, -37.82022481 ], [ 145.14977486, -37.82022083 ], [ 145.14910353, -37.82021704 ], [ 145.148262460000012, -37.82018219 ], [ 145.14722314, -37.82007941 ], [ 145.14447768, -37.81978186 ], [ 145.14420586, -37.81976208 ], [ 145.143927569999988, -37.81975571 ], [ 145.143754550000011, -37.8197556 ], [ 145.14347378, -37.81977577 ], [ 145.143252960000012, -37.81980176 ], [ 145.14305575, -37.81983281 ], [ 145.14286095, -37.81987218 ], [ 145.14253277, -37.8199619 ], [ 145.142188690000012, -37.82007813 ], [ 145.14188425, -37.82020851 ], [ 145.14134465, -37.8204882 ], [ 145.1408878, -37.82071593 ], [ 145.14022595, -37.82104523 ], [ 145.13982877, -37.8212355 ], [ 145.139505789999987, -37.82136171 ], [ 145.139172300000013, -37.82146323 ], [ 145.13883891, -37.82153826 ], [ 145.13856887, -37.82158301 ], [ 145.13820535, -37.821618 ], [ 145.1378157, -37.82162139 ], [ 145.13745272, -37.8216033 ], [ 145.137000410000013, -37.82154577 ], [ 145.132031360000013, -37.82081251 ], [ 145.13145259, -37.8207242 ], [ 145.13076168, -37.82061446 ], [ 145.13015293, -37.82051251 ], [ 145.12955199000001, -37.82041618 ], [ 145.12835209, -37.82024932 ], [ 145.12766093, -37.82016281 ], [ 145.12603456, -37.81994652 ], [ 145.12553567, -37.81987648 ], [ 145.12482949, -37.8197689 ], [ 145.123699679999987, -37.81960284 ], [ 145.12183413, -37.81934392 ], [ 145.12069901000001, -37.81918649 ], [ 145.1178993, -37.81873118 ], [ 145.116815190000011, -37.81850703 ], [ 145.1164023, -37.81843788 ], [ 145.11606325, -37.81838631 ], [ 145.115688760000012, -37.81834391 ], [ 145.11525153, -37.81829771 ], [ 145.11489835, -37.81827953 ], [ 145.11461657000001, -37.81826799 ], [ 145.11406455, -37.81823734 ], [ 145.11355101, -37.81821722 ], [ 145.11303331, -37.81820866 ], [ 145.112345260000012, -37.81822457 ], [ 145.11056427, -37.81828388 ], [ 145.10988093, -37.81830211 ], [ 145.10914212, -37.8183262 ], [ 145.10875413, -37.81834989 ], [ 145.1083433, -37.8183961 ], [ 145.108086429999986, -37.81843632 ], [ 145.10773042, -37.81852017 ], [ 145.10741106, -37.81860552 ], [ 145.107106069999986, -37.81871074 ], [ 145.10690883, -37.81878706 ], [ 145.10665074, -37.81889772 ], [ 145.10630597, -37.81908359 ], [ 145.10605329, -37.81923543 ], [ 145.10501058, -37.81993033 ], [ 145.104437960000013, -37.82033188 ], [ 145.10133448, -37.82244564 ], [ 145.104437960000013, -37.82033188 ], [ 145.10501058, -37.81993033 ], [ 145.10605329, -37.81923543 ], [ 145.10630597, -37.81908359 ], [ 145.10665074, -37.81889772 ], [ 145.10690883, -37.81878706 ], [ 145.107106069999986, -37.81871074 ], [ 145.10741106, -37.81860552 ], [ 145.10773042, -37.81852017 ], [ 145.108086429999986, -37.81843632 ], [ 145.1083433, -37.8183961 ], [ 145.10875413, -37.81834989 ], [ 145.10914212, -37.8183262 ], [ 145.10988093, -37.81830211 ], [ 145.11056427, -37.81828388 ], [ 145.112345260000012, -37.81822457 ], [ 145.11303331, -37.81820866 ], [ 145.11355101, -37.81821722 ], [ 145.11406455, -37.81823734 ], [ 145.11461657000001, -37.81826799 ], [ 145.11489835, -37.81827953 ], [ 145.11525153, -37.81829771 ], [ 145.115688760000012, -37.81834391 ], [ 145.11606325, -37.81838631 ], [ 145.1164023, -37.81843788 ], [ 145.116815190000011, -37.81850703 ], [ 145.1178993, -37.81873118 ], [ 145.11644421, -37.81848271 ], [ 145.11616946, -37.81844019 ], [ 145.11595326, -37.8184097 ], [ 145.115719469999988, -37.81838253 ], [ 145.11535204, -37.81834799 ], [ 145.11489115, -37.81831709 ], [ 145.1138058, -37.81826267 ], [ 145.113341819999988, -37.81825001 ], [ 145.11234819, -37.81826581 ], [ 145.11222888, -37.8182711 ], [ 145.110998880000011, -37.81830302 ], [ 145.109046510000013, -37.8183691 ], [ 145.10858883, -37.81840807 ], [ 145.10829604, -37.81844473 ], [ 145.10809445000001, -37.81848277 ], [ 145.10787457, -37.81852943 ], [ 145.107559220000013, -37.81861331 ], [ 145.107107649999989, -37.81875979 ], [ 145.106825500000014, -37.81886962 ], [ 145.106507349999987, -37.81902293 ], [ 145.106253110000011, -37.81916917 ], [ 145.1060381, -37.81929656 ], [ 145.10562954, -37.81956008 ], [ 145.10505228, -37.81996128 ], [ 145.10437694, -37.82042561 ], [ 145.103662289999988, -37.82092076 ], [ 145.103182729999986, -37.82130793 ], [ 145.10249597, -37.82178694 ], [ 145.10073795, -37.8229716 ], [ 145.09961684000001, -37.82368943 ], [ 145.099346090000012, -37.823836 ], [ 145.099060150000014, -37.82397252 ], [ 145.09868149, -37.82414484 ], [ 145.098351009999988, -37.82428576 ], [ 145.09794542, -37.82442277 ], [ 145.09718257, -37.824659 ], [ 145.096779489999989, -37.82476017 ], [ 145.09638518, -37.82484248 ], [ 145.0959466, -37.82491451 ], [ 145.095486, -37.8249724 ], [ 145.09490956, -37.82501516 ], [ 145.09448845, -37.82503529 ], [ 145.09405132, -37.82503741 ], [ 145.09351084, -37.82502046 ], [ 145.09295031, -37.82497074 ], [ 145.092561280000012, -37.8249228 ], [ 145.09053803, -37.82459306 ], [ 145.08995221, -37.82449317 ], [ 145.089514509999987, -37.82442957 ], [ 145.08865302000001, -37.82429609 ], [ 145.08827037, -37.82423004 ], [ 145.087793440000013, -37.82412379 ], [ 145.08710814, -37.8239654 ], [ 145.086683349999987, -37.82388587 ], [ 145.08597918000001, -37.82376303 ], [ 145.08556606, -37.82370252 ], [ 145.085277850000011, -37.82367088 ], [ 145.08492243, -37.82365501 ], [ 145.084604539999987, -37.82365074 ], [ 145.08422714, -37.82366767 ], [ 145.08398972, -37.82368886 ], [ 145.08370666, -37.82372598 ], [ 145.08332846, -37.82380021 ], [ 145.08285908, -37.82392937 ], [ 145.08249734, -37.82406533 ], [ 145.08199564, -37.82425839 ], [ 145.081695380000014, -37.82439372 ], [ 145.08158683, -37.82443927 ], [ 145.08086161, -37.82476089 ], [ 145.07968743, -37.82528219 ], [ 145.07924617, -37.82546541 ], [ 145.07866424, -37.82566238 ], [ 145.07831149, -37.82574927 ], [ 145.07794444000001, -37.82581771 ], [ 145.07765702, -37.82585628 ], [ 145.0773552, -37.82588073 ], [ 145.07693554, -37.82589226 ], [ 145.07654118, -37.8258796 ], [ 145.07636691, -37.82586576 ], [ 145.07595505, -37.82582659 ], [ 145.0752498, -37.8257673 ], [ 145.07123979, -37.82552694 ], [ 145.071061390000011, -37.82551942 ], [ 145.07068586, -37.82551633 ], [ 145.07015891, -37.82553851 ], [ 145.06998927, -37.82555628 ], [ 145.06998632, -37.825552 ], [ 145.069662670000014, -37.82558959 ], [ 145.06937989, -37.82562866 ], [ 145.06909758, -37.82568017 ], [ 145.06896905, -37.8257078 ], [ 145.068262440000012, -37.8258751 ], [ 145.06800164, -37.82592949 ], [ 145.067873240000011, -37.82595171 ], [ 145.06759194, -37.82599504 ], [ 145.06746517, -37.82601152 ], [ 145.06702173, -37.82605949 ], [ 145.06692039, -37.82607242 ], [ 145.06672608, -37.82610384 ], [ 145.06650335, -37.82614929 ], [ 145.06591072, -37.82629339 ], [ 145.06568546, -37.82634421 ], [ 145.06552794000001, -37.8263765 ], [ 145.065274460000012, -37.82642019 ], [ 145.06514461, -37.82643707 ], [ 145.06501087, -37.82645074 ], [ 145.06484728, -37.82646301 ], [ 145.06207905, -37.82655419 ], [ 145.0617921, -37.82653937 ], [ 145.06158161, -37.82653383 ], [ 145.060753440000013, -37.82656066 ], [ 145.06040676, -37.82656666 ], [ 145.05856669, -37.82657373 ], [ 145.057735220000012, -37.82657931 ], [ 145.05750224, -37.82657745 ], [ 145.05735705, -37.82657271 ], [ 145.05717271, -37.82656201 ], [ 145.05689784, -37.8265417 ], [ 145.0567562, -37.82652728 ], [ 145.056563250000011, -37.82649824 ], [ 145.0563644, -37.82646017 ], [ 145.05626976, -37.82643833 ], [ 145.05611045, -37.82639569 ], [ 145.05597587, -37.82635066 ], [ 145.05572804, -37.82626077 ], [ 145.055497550000013, -37.82616432 ], [ 145.05536905, -37.82610398 ], [ 145.05520246, -37.8260185 ], [ 145.05511156, -37.82596708 ], [ 145.05497323, -37.82588269 ], [ 145.05489011, -37.82582887 ], [ 145.0547559, -37.825735 ], [ 145.054681140000014, -37.82567898 ], [ 145.054548250000011, -37.82557369 ], [ 145.05448877, -37.82552386 ], [ 145.05435614000001, -37.82540442 ], [ 145.05422771, -37.82528082 ], [ 145.05410286, -37.82515088 ], [ 145.05380359, -37.82482682 ], [ 145.053721810000013, -37.82473508 ], [ 145.05360234, -37.8246164 ], [ 145.05351583, -37.82453621 ], [ 145.05339029000001, -37.82442833 ], [ 145.05330486, -37.8243587 ], [ 145.05319659, -37.82427652 ], [ 145.053105030000012, -37.82421121 ], [ 145.05291127000001, -37.82408382 ], [ 145.052803430000012, -37.82401967 ], [ 145.05262561, -37.82392094 ], [ 145.052434729999987, -37.82382631 ], [ 145.052310330000012, -37.82376991 ], [ 145.05212443, -37.82369339 ], [ 145.051902610000013, -37.82361339 ], [ 145.05179761, -37.82357966 ], [ 145.05172063, -37.82355631 ], [ 145.051524699999987, -37.82350269 ], [ 145.051334020000013, -37.82345672 ], [ 145.05104402, -37.82339893 ], [ 145.05085347, -37.82336514 ], [ 145.04907995, -37.82306568 ], [ 145.047373850000014, -37.82276497 ], [ 145.04693336, -37.82269702 ], [ 145.04631803, -37.82261579 ], [ 145.04605099, -37.82258379 ], [ 145.04517352, -37.82247847 ], [ 145.04466450000001, -37.82242046 ], [ 145.044344880000011, -37.82238739 ], [ 145.04404294, -37.82236021 ], [ 145.04372909, -37.82233679 ], [ 145.04300988, -37.82229212 ], [ 145.04257485, -37.82225876 ], [ 145.04233145, -37.82223912 ], [ 145.04199895, -37.8222034 ], [ 145.04004914, -37.82196558 ], [ 145.039093079999986, -37.82183413 ], [ 145.03860824, -37.82177694 ], [ 145.03841202000001, -37.82175637 ], [ 145.03814846, -37.82173873 ], [ 145.03756848, -37.82170924 ], [ 145.037265569999988, -37.82169752 ], [ 145.03693075000001, -37.8216768 ], [ 145.03661395, -37.82164511 ], [ 145.036534569999986, -37.82163514 ], [ 145.035969560000012, -37.82155957 ], [ 145.03569965, -37.82153317 ], [ 145.035021050000012, -37.8214484 ], [ 145.034753239999986, -37.82141987 ], [ 145.034468870000012, -37.82139457 ], [ 145.0342354, -37.82137797 ], [ 145.03378264, -37.8213577 ], [ 145.03308139, -37.82133896 ], [ 145.03276205, -37.8213256 ], [ 145.03246174, -37.82131049 ], [ 145.03201347000001, -37.82127119 ], [ 145.031518620000014, -37.82121479 ], [ 145.030079879999988, -37.82103636 ], [ 145.02955237, -37.82096499 ], [ 145.02879784000001, -37.82084377 ], [ 145.028463, -37.82079427 ], [ 145.02778045, -37.82070913 ], [ 145.027498259999987, -37.82067917 ], [ 145.02717227, -37.82065127 ], [ 145.027011359999989, -37.82064433 ], [ 145.02684957, -37.82064063 ], [ 145.026690620000011, -37.8206413 ], [ 145.02637493, -37.82065764 ], [ 145.02619805, -37.8206745 ], [ 145.02599439, -37.82069866 ], [ 145.02580115, -37.82072841 ], [ 145.025568639999989, -37.82076966 ], [ 145.02535168, -37.82081549 ], [ 145.02514559, -37.82086701 ], [ 145.02492439, -37.82093548 ], [ 145.0247278, -37.82100554 ], [ 145.02458152, -37.82106347 ], [ 145.024251959999987, -37.82121231 ], [ 145.023910480000012, -37.82139871 ], [ 145.02372714, -37.82150873 ], [ 145.023589500000014, -37.82160051 ], [ 145.02335105, -37.82176602 ], [ 145.0229683, -37.82204752 ], [ 145.0228138, -37.82216208 ], [ 145.02264161, -37.82228418 ], [ 145.02180396, -37.82292734 ], [ 145.0212564, -37.82331727 ], [ 145.02071, -37.82369767 ], [ 145.020293259999988, -37.82399166 ], [ 145.01976122, -37.82434427 ], [ 145.019203299999987, -37.82468319 ], [ 145.01864538, -37.82498831 ], [ 145.01803603, -37.82533412 ], [ 145.01763255, -37.8255646 ], [ 145.01685146, -37.8260188 ], [ 145.01590742, -37.82658831 ], [ 145.015418110000013, -37.82687979 ], [ 145.014980400000013, -37.82708996 ], [ 145.01461135, -37.8272391 ], [ 145.01423365, -37.827368 ], [ 145.01382168, -37.82750352 ], [ 145.01352982, -37.82759169 ], [ 145.01316938, -37.82768663 ], [ 145.01284324, -37.82776124 ], [ 145.01249132, -37.82782217 ], [ 145.01202779, -37.82787644 ], [ 145.01140976, -37.8279171 ], [ 145.01104085, -37.82791708 ], [ 145.010506889999988, -37.8278986 ], [ 145.00976126, -37.82782544 ], [ 145.009286519999989, -37.82776821 ], [ 145.00813252, -37.82764136 ], [ 145.00663646000001, -37.82747527 ], [ 145.00554986, -37.82737748 ], [ 145.004690040000014, -37.82730487 ], [ 145.00415066, -37.82725202 ], [ 145.003739919999987, -37.82720631 ], [ 145.00315226, -37.82713633 ], [ 145.002865109999988, -37.82710839 ], [ 145.00211393, -37.82702679 ], [ 144.998249249999986, -37.82659608 ], [ 144.995647, -37.82631146 ], [ 144.995061349999986, -37.82624328 ], [ 144.994629089999989, -37.82619572 ], [ 144.99425955000001, -37.82613103 ], [ 144.993951110000012, -37.82604656 ], [ 144.99367469, -37.82594561 ], [ 144.99341035, -37.82582287 ], [ 144.99317186, -37.8256893 ], [ 144.992925109999987, -37.8255209 ], [ 144.99200696, -37.82480593 ], [ 144.99185836, -37.82468408 ], [ 144.99147173, -37.8244248 ], [ 144.9912251, -37.82428172 ], [ 144.991002009999988, -37.8241713 ], [ 144.99077749, -37.82407591 ], [ 144.99059104, -37.82400911 ], [ 144.990182800000014, -37.82388913 ], [ 144.98933684, -37.82365975 ], [ 144.98805386, -37.82331224 ], [ 144.98682509, -37.82302674 ], [ 144.98650816, -37.82293337 ], [ 144.986296399999986, -37.82286216 ], [ 144.9860529, -37.82276752 ], [ 144.985412919999987, -37.82250108 ], [ 144.98442053, -37.82206757 ], [ 144.98378749, -37.82177196 ], [ 144.98345089, -37.82160038 ], [ 144.98275353, -37.8212222 ], [ 144.98214997, -37.82086688 ], [ 144.98171546, -37.8205862 ], [ 144.98141782, -37.82039023 ], [ 144.9810315, -37.82014227 ], [ 144.980259030000013, -37.81969096 ], [ 144.98005201, -37.8195671 ], [ 144.97927445, -37.81916526 ], [ 144.978896170000013, -37.81895231 ], [ 144.97817071, -37.81852747 ], [ 144.97759675, -37.81820437 ], [ 144.97742771, -37.81810062 ], [ 144.97722386, -37.81796924 ], [ 144.9768336, -37.81770012 ], [ 144.97650771, -37.81747021 ], [ 144.976231469999988, -37.8172901 ], [ 144.97597129, -37.81713756 ], [ 144.975676240000013, -37.81699353 ], [ 144.97539332, -37.81687484 ], [ 144.97511835, -37.81677738 ], [ 144.97487693, -37.81670736 ], [ 144.97456381, -37.816626 ], [ 144.97423461, -37.81657176 ], [ 144.97369851, -37.81650622 ], [ 144.973581700000011, -37.81649916 ], [ 144.97341928, -37.81649393 ], [ 144.973092009999988, -37.81649794 ], [ 144.972782310000014, -37.81651973 ], [ 144.97261647, -37.8165358 ], [ 144.97247533, -37.81655428 ], [ 144.9721951, -37.8165992 ], [ 144.97191476, -37.81666079 ], [ 144.97156895, -37.81675279 ], [ 144.97123849, -37.81684821 ], [ 144.97092867, -37.81694903 ], [ 144.97068257, -37.81701697 ], [ 144.970508849999987, -37.81706787 ], [ 144.96922686, -37.81735874 ], [ 144.96903875000001, -37.81741624 ], [ 144.96817998, -37.81766772 ], [ 144.9679899, -37.817714 ], [ 144.967829, -37.81774862 ], [ 144.9659896, -37.81826144 ] ] } },
{ "type": "Feature", "properties": { "SHORT_NAME": "City Circle" }, "geometry": { "type": "LineString", "coordinates": [ [ 144.9648487, -37.81853876 ], [ 144.962665390000012, -37.8192205 ], [ 144.962261360000014, -37.81933868 ], [ 144.96214795, -37.81936862 ], [ 144.961962199999988, -37.81941019 ], [ 144.961775640000013, -37.81943589 ], [ 144.96164984, -37.81945002 ], [ 144.96122889, -37.819485 ], [ 144.961059729999988, -37.81950559 ], [ 144.96091558, -37.81952571 ], [ 144.96078262, -37.81954828 ], [ 144.96064644, -37.81957612 ], [ 144.960425140000012, -37.81962951 ], [ 144.960082879999987, -37.8197237 ], [ 144.95942464, -37.81992263 ], [ 144.95921701, -37.8199831 ], [ 144.95898336, -37.82006016 ], [ 144.9587611, -37.82014858 ], [ 144.95847555, -37.82027061 ], [ 144.95818537, -37.82043247 ], [ 144.95791441, -37.82059801 ], [ 144.957491589999989, -37.82086941 ], [ 144.95723307, -37.82101208 ], [ 144.95696661, -37.82111686 ], [ 144.95668581000001, -37.82120229 ], [ 144.95640475, -37.82126022 ], [ 144.956102210000012, -37.82129327 ], [ 144.95579224, -37.82130339 ], [ 144.955486650000012, -37.82127862 ], [ 144.955207120000011, -37.82123141 ], [ 144.95495263, -37.82116589 ], [ 144.95466722, -37.8210645 ], [ 144.954508659999988, -37.82099326 ], [ 144.954353450000013, -37.82091613 ], [ 144.9540244, -37.82070783 ], [ 144.95381611, -37.82054938 ], [ 144.95370535, -37.82045473 ], [ 144.953404870000014, -37.82017068 ], [ 144.95323857, -37.81997692 ], [ 144.95314317, -37.8198445 ], [ 144.952962789999987, -37.8195639 ], [ 144.9527564, -37.81923003 ], [ 144.95270919, -37.81915847 ], [ 144.95243853, -37.81872489 ], [ 144.95227688, -37.81849021 ], [ 144.95206761, -37.8182237 ], [ 144.95160998, -37.81765034 ], [ 144.95147681, -37.81750347 ], [ 144.9512004, -37.81722498 ], [ 144.95103943, -37.81704014 ], [ 144.95057931, -37.81647061 ], [ 144.950397259999988, -37.81623494 ], [ 144.95027098, -37.81603628 ], [ 144.95018242, -37.81584162 ], [ 144.950106330000011, -37.81563979 ], [ 144.95007135, -37.81549147 ], [ 144.95005211, -37.81534956 ], [ 144.95003933000001, -37.81514207 ], [ 144.95005604, -37.81494447 ], [ 144.95008661, -37.81475918 ], [ 144.950150900000011, -37.81454194 ], [ 144.95024555, -37.81432722 ], [ 144.95035106, -37.81415143 ], [ 144.95043225, -37.81402938 ], [ 144.95052069, -37.81392026 ], [ 144.95068727, -37.8137459 ], [ 144.95081707, -37.81363209 ], [ 144.95094667, -37.81352998 ], [ 144.95116224, -37.81339117 ], [ 144.95140722, -37.81325701 ], [ 144.951733929999989, -37.81312896 ], [ 144.95196198, -37.81304858 ], [ 144.95604864, -37.81189336 ], [ 144.95914529, -37.81098849 ], [ 144.961616959999986, -37.81027134 ], [ 144.96255485, -37.80999496 ], [ 144.963407389999986, -37.80974891 ], [ 144.96835425, -37.80830678 ], [ 144.96865098, -37.80823881 ], [ 144.96888816, -37.80820523 ], [ 144.96913389, -37.8081828 ], [ 144.96940161, -37.80817471 ], [ 144.96963354, -37.8081833 ], [ 144.96989556, -37.808209 ], [ 144.97014114000001, -37.80825009 ], [ 144.97037554, -37.80830559 ], [ 144.97063863, -37.80838771 ], [ 144.970877879999989, -37.80848186 ], [ 144.97113332, -37.80860252 ], [ 144.97138307, -37.80874867 ], [ 144.97157991, -37.80889021 ], [ 144.971778980000011, -37.80906612 ], [ 144.971953649999989, -37.80924567 ], [ 144.97213172, -37.809467 ], [ 144.97228375, -37.80972267 ], [ 144.97263535, -37.81042678 ], [ 144.97291955, -37.81101672 ], [ 144.97328421, -37.81178377 ], [ 144.97418389, -37.81347769 ], [ 144.97432885, -37.81374342 ], [ 144.974430649999988, -37.81395442 ], [ 144.97450899, -37.81410969 ], [ 144.974533189999988, -37.81416769 ], [ 144.97456073, -37.81424918 ], [ 144.974597460000012, -37.81441401 ], [ 144.97460959, -37.81456868 ], [ 144.97460694, -37.81474878 ], [ 144.97458821, -37.81487697 ], [ 144.97454475, -37.81503311 ], [ 144.974454189999989, -37.8152418 ], [ 144.97434564, -37.815419 ], [ 144.97424221, -37.81554969 ], [ 144.97407185, -37.81571888 ], [ 144.97390729, -37.81584609 ], [ 144.97374192, -37.81595292 ], [ 144.9734814, -37.81607911 ], [ 144.97324624, -37.81615851 ], [ 144.97287577, -37.81626352 ], [ 144.971316519999988, -37.81668689 ], [ 144.970772649999986, -37.81684297 ], [ 144.97061484, -37.81689342 ], [ 144.97048747, -37.81694016 ], [ 144.970258589999986, -37.81703481 ], [ 144.96996776, -37.81714316 ], [ 144.96922686, -37.81735874 ], [ 144.96903875000001, -37.81741624 ], [ 144.96817998, -37.81766772 ], [ 144.9679899, -37.817714 ], [ 144.96781415, -37.81774332 ], [ 144.96768746, -37.81776934 ], [ 144.967497689999988, -37.81781266 ], [ 144.96709669, -37.81789108 ], [ 144.9668584, -37.81794734 ], [ 144.96584544000001, -37.81824057 ], [ 144.96573876, -37.81827414 ], [ 144.96498692, -37.81849438 ], [ 144.9648487, -37.81853876 ] ] } },
{ "type": "Feature", "properties": { "SHORT_NAME": "Craigieburn" }, "geometry": { "type": "LineString", "coordinates": [ [ 144.94309421, -37.60254113 ], [ 144.94280738, -37.60320843 ], [ 144.94259463, -37.6037148 ], [ 144.94241358, -37.6042301 ], [ 144.94226204, -37.60474321 ], [ 144.94216545, -37.60514914 ], [ 144.941837060000012, -37.60679306 ], [ 144.94168635, -37.60752626 ], [ 144.93898927, -37.62092344 ], [ 144.93673671, -37.63205016 ], [ 144.93656194, -37.63293217 ], [ 144.93639828, -37.63373624 ], [ 144.93610457, -37.63520608 ], [ 144.9355373, -37.63800167 ], [ 144.93530986, -37.63912319 ], [ 144.935197249999987, -37.63970312 ], [ 144.9350765, -37.64026173 ], [ 144.934927640000012, -37.64102081 ], [ 144.9348028, -37.64160837 ], [ 144.93463748, -37.64245034 ], [ 144.93452671, -37.642992 ], [ 144.934059850000011, -37.64532504 ], [ 144.933941909999987, -37.64589199 ], [ 144.93382625000001, -37.6463237 ], [ 144.933678570000012, -37.64681434 ], [ 144.933514980000012, -37.64729433 ], [ 144.93331389, -37.6477615 ], [ 144.93308947, -37.6482398 ], [ 144.932839159999986, -37.64869168 ], [ 144.93250655, -37.64924171 ], [ 144.9307953, -37.6519451 ], [ 144.928979, -37.65482299 ], [ 144.92865584, -37.65532838 ], [ 144.92750153, -37.65716896 ], [ 144.9273373, -37.65743707 ], [ 144.92721087000001, -37.65765879 ], [ 144.92699925, -37.65805772 ], [ 144.92689327, -37.65827728 ], [ 144.9267753, -37.65854124 ], [ 144.92665582, -37.65883049 ], [ 144.926569519999987, -37.65905986 ], [ 144.92643403, -37.65946437 ], [ 144.92632857000001, -37.65983218 ], [ 144.92623912, -37.66021127 ], [ 144.92619187, -37.66043898 ], [ 144.92597523, -37.6615266 ], [ 144.92554349, -37.66371962 ], [ 144.92506703, -37.66611291 ], [ 144.92485918, -37.66718086 ], [ 144.92467968, -37.66811827 ], [ 144.92423969, -37.6703316 ], [ 144.92345368, -37.67432507 ], [ 144.923234720000011, -37.67541562 ], [ 144.92296647, -37.67679341 ], [ 144.92281734, -37.67750596 ], [ 144.92273241, -37.67785152 ], [ 144.92263721, -37.67819553 ], [ 144.922560370000014, -37.6784339 ], [ 144.922462950000011, -37.6787111 ], [ 144.92237415, -37.67893925 ], [ 144.9222608, -37.6792104 ], [ 144.922063939999987, -37.67963373 ], [ 144.921874769999988, -37.67999673 ], [ 144.921641599999987, -37.68040437 ], [ 144.921484670000012, -37.68064808 ], [ 144.9213416, -37.68085418 ], [ 144.92104605, -37.68125018 ], [ 144.92082199, -37.68153037 ], [ 144.91969826, -37.68297615 ], [ 144.919614990000014, -37.68308318 ], [ 144.91941245000001, -37.68333158 ], [ 144.918789339999989, -37.68412696 ], [ 144.918685829999987, -37.6842641 ], [ 144.91836647, -37.68467102 ], [ 144.91821361, -37.68487794 ], [ 144.917880989999986, -37.68535339 ], [ 144.917408920000014, -37.68616432 ], [ 144.917272059999988, -37.68642748 ], [ 144.91708173, -37.68684244 ], [ 144.91690731, -37.68728076 ], [ 144.916719590000014, -37.68784537 ], [ 144.91667001, -37.6880205 ], [ 144.91655329, -37.68851193 ], [ 144.91649704, -37.68885248 ], [ 144.916451419999987, -37.68921017 ], [ 144.916376359999987, -37.68989041 ], [ 144.91618437, -37.69196434 ], [ 144.9161631, -37.69216501 ], [ 144.91598868, -37.6940929 ], [ 144.91593544, -37.69461311 ], [ 144.91587507, -37.69534336 ], [ 144.915731169999987, -37.69707586 ], [ 144.91570786, -37.69741006 ], [ 144.9157004, -37.69798849 ], [ 144.91572055, -37.69865798 ], [ 144.91577806, -37.69928523 ], [ 144.9158371, -37.69972452 ], [ 144.91598865, -37.70050537 ], [ 144.916284030000014, -37.70151667 ], [ 144.91644994, -37.70200742 ], [ 144.91683573, -37.70293786 ], [ 144.91699549, -37.70331648 ], [ 144.917200830000013, -37.7038902 ], [ 144.917525970000014, -37.70491338 ], [ 144.91764627, -37.70529193 ], [ 144.91778198, -37.70580467 ], [ 144.917947629999986, -37.70632604 ], [ 144.9182065, -37.70759777 ], [ 144.91903377, -37.71016778 ], [ 144.919214939999989, -37.7107389 ], [ 144.91943466, -37.71144904 ], [ 144.92050666, -37.71479531 ], [ 144.92123855, -37.7170856 ], [ 144.92156227000001, -37.7181064 ], [ 144.92176765, -37.71874211 ], [ 144.92187586, -37.71908809 ], [ 144.922005610000014, -37.71945446 ], [ 144.92216253, -37.71985969 ], [ 144.92238258, -37.72036887 ], [ 144.92252348, -37.72066964 ], [ 144.92274995, -37.72111152 ], [ 144.92289845, -37.72138782 ], [ 144.92315545, -37.72180906 ], [ 144.92353035, -37.72238017 ], [ 144.92602885, -37.7259094 ], [ 144.92641382, -37.72647049 ], [ 144.92674095000001, -37.72699028 ], [ 144.927092359999989, -37.72763631 ], [ 144.92724526, -37.72795125 ], [ 144.92739153, -37.72825996 ], [ 144.92763104, -37.72882191 ], [ 144.927829980000013, -37.7293864 ], [ 144.92791175, -37.72964422 ], [ 144.928007009999988, -37.72995924 ], [ 144.92810721, -37.73034166 ], [ 144.928213129999989, -37.73081169 ], [ 144.92828974, -37.7312465 ], [ 144.92849225, -37.73246918 ], [ 144.92880505, -37.73430264 ], [ 144.928881389999987, -37.7347798 ], [ 144.92895385, -37.73520517 ], [ 144.929135230000014, -37.73630708 ], [ 144.92920856, -37.73671327 ], [ 144.929260879999987, -37.73703888 ], [ 144.92936025, -37.73762216 ], [ 144.92941212, -37.73797228 ], [ 144.92946208, -37.73837419 ], [ 144.92948755, -37.73873484 ], [ 144.9294889, -37.73905721 ], [ 144.929483620000013, -37.73926286 ], [ 144.929450010000011, -37.73963842 ], [ 144.9294138, -37.73989498 ], [ 144.9293535, -37.74018978 ], [ 144.9292734, -37.74051496 ], [ 144.92919605, -37.74074565 ], [ 144.92906735, -37.74115298 ], [ 144.92887004, -37.74156703 ], [ 144.928733920000013, -37.7418294 ], [ 144.92862964, -37.74200817 ], [ 144.9284666, -37.74227971 ], [ 144.928176, -37.7426895 ], [ 144.927831270000013, -37.74311159 ], [ 144.92761413, -37.74334487 ], [ 144.92734665, -37.74360899 ], [ 144.9271138, -37.74382 ], [ 144.92684262, -37.74404584 ], [ 144.92651966, -37.74429718 ], [ 144.926197660000014, -37.74451798 ], [ 144.92583708, -37.7447426 ], [ 144.92547772, -37.74493976 ], [ 144.925007029999989, -37.74518164 ], [ 144.9240829, -37.74560793 ], [ 144.92345665, -37.74590492 ], [ 144.92308516, -37.74607671 ], [ 144.92250994, -37.746318 ], [ 144.92203372, -37.74655391 ], [ 144.92156566, -37.74681466 ], [ 144.921231830000011, -37.74701937 ], [ 144.920772129999989, -37.7473419 ], [ 144.92041993, -37.74759054 ], [ 144.91995649, -37.74797744 ], [ 144.919558239999986, -37.74835449 ], [ 144.9193457, -37.74856783 ], [ 144.91916415, -37.74875693 ], [ 144.919020780000011, -37.74891598 ], [ 144.91886165, -37.74909872 ], [ 144.918631119999986, -37.74937483 ], [ 144.91845629, -37.74959947 ], [ 144.918324399999989, -37.74977791 ], [ 144.918267070000013, -37.74985927 ], [ 144.91816885, -37.75000271 ], [ 144.918022189999988, -37.7502264 ], [ 144.917897180000011, -37.75043462 ], [ 144.91779408, -37.7506143 ], [ 144.91763946, -37.75090318 ], [ 144.9175209, -37.75115252 ], [ 144.91731475, -37.7516639 ], [ 144.91721476, -37.75192284 ], [ 144.9167381, -37.75324491 ], [ 144.91661774, -37.75358667 ], [ 144.91649816, -37.75393692 ], [ 144.91630935, -37.75458206 ], [ 144.91625782, -37.75478013 ], [ 144.91623289, -37.75488819 ], [ 144.916216139999989, -37.7549873 ], [ 144.91620042, -37.75513896 ], [ 144.91619986, -37.75527629 ], [ 144.91621863, -37.75611219 ], [ 144.91622684, -37.75681877 ], [ 144.91623865, -37.75702499 ], [ 144.9162359, -37.75736973 ], [ 144.916245049999986, -37.75769071 ], [ 144.91625269, -37.75785522 ], [ 144.91626582, -37.75801856 ], [ 144.91628966, -37.75826519 ], [ 144.91635378, -37.75879144 ], [ 144.91639131, -37.7590839 ], [ 144.91642585, -37.75930944 ], [ 144.916476390000014, -37.7595916 ], [ 144.91656335, -37.76003633 ], [ 144.91663091, -37.76033077 ], [ 144.916656280000012, -37.76040962 ], [ 144.91670994, -37.76064551 ], [ 144.9168254, -37.76104506 ], [ 144.91687325, -37.7611845 ], [ 144.91692537, -37.76135404 ], [ 144.91706614, -37.76170528 ], [ 144.917146800000012, -37.76188532 ], [ 144.91731843, -37.76224153 ], [ 144.91761756, -37.76277094 ], [ 144.917898470000011, -37.7632255 ], [ 144.91824227, -37.76377354 ], [ 144.91827847, -37.76382267 ], [ 144.91853968, -37.7642676 ], [ 144.91869105, -37.76454531 ], [ 144.91886585, -37.76489797 ], [ 144.91893875, -37.7650511 ], [ 144.91903224, -37.76526741 ], [ 144.91911316, -37.7654626 ], [ 144.91920628, -37.76569647 ], [ 144.91928445, -37.76592459 ], [ 144.919397049999986, -37.76629363 ], [ 144.91947309, -37.76655757 ], [ 144.919503600000013, -37.7666923 ], [ 144.91960814, -37.76717474 ], [ 144.919959729999988, -37.76885543 ], [ 144.92060899, -37.77199947 ], [ 144.92069335, -37.77238828 ], [ 144.92075712, -37.77266931 ], [ 144.92082876, -37.77294859 ], [ 144.92089815, -37.773187 ], [ 144.9209687, -37.77341246 ], [ 144.92105976, -37.77367541 ], [ 144.92111757, -37.77382873 ], [ 144.92121369, -37.77406914 ], [ 144.92133679, -37.77435582 ], [ 144.92145905000001, -37.77461986 ], [ 144.921627769999986, -37.77494383 ], [ 144.92171717, -37.7751042 ], [ 144.92186443, -37.77534723 ], [ 144.92198532, -37.77555906 ], [ 144.92211685, -37.77575973 ], [ 144.92230195, -37.77602614 ], [ 144.92253414000001, -37.77633808 ], [ 144.92272685, -37.77658398 ], [ 144.922855809999987, -37.77673883 ], [ 144.92307019, -37.77698133 ], [ 144.92328038, -37.77721123 ], [ 144.92406349, -37.77804997 ], [ 144.92417076000001, -37.77815613 ], [ 144.92569967, -37.77977283 ], [ 144.926081900000014, -37.78018941 ], [ 144.92648822000001, -37.78068653 ], [ 144.92690256, -37.78125463 ], [ 144.92713579, -37.78162002 ], [ 144.92732055, -37.78193228 ], [ 144.927504160000012, -37.78226931 ], [ 144.9276439, -37.78254284 ], [ 144.92779187, -37.78285923 ], [ 144.9280364, -37.78345029 ], [ 144.928174500000011, -37.78385617 ], [ 144.92827768, -37.78420278 ], [ 144.928458010000014, -37.78492193 ], [ 144.92883427000001, -37.78657491 ], [ 144.929011370000012, -37.78728391 ], [ 144.92903937, -37.78740363 ], [ 144.929238410000011, -37.78826252 ], [ 144.92969844000001, -37.79018597 ], [ 144.92981379, -37.79070752 ], [ 144.92998344, -37.79141982 ], [ 144.930345390000014, -37.79296899 ], [ 144.930500669999986, -37.79361867 ], [ 144.930537109999989, -37.79374512 ], [ 144.9306832, -37.79425243 ], [ 144.93072183000001, -37.79437378 ], [ 144.930931359999988, -37.79498007 ], [ 144.930999320000012, -37.79520223 ], [ 144.93210173, -37.79849556 ], [ 144.93225322, -37.79891529 ], [ 144.93238066, -37.79916318 ], [ 144.93267569, -37.79963274 ], [ 144.93280686, -37.79983258 ], [ 144.93305045, -37.80019182 ], [ 144.93314043, -37.80030893 ], [ 144.93324689, -37.80043769 ], [ 144.93329977, -37.80049647 ], [ 144.93342316, -37.80062489 ], [ 144.933582519999987, -37.80077521 ], [ 144.93367468, -37.80085469 ], [ 144.93387023, -37.80101033 ], [ 144.93412519, -37.80118224 ], [ 144.93437756, -37.80134491 ], [ 144.93460693, -37.8014733 ], [ 144.93512461, -37.80173398 ], [ 144.93580689, -37.80206712 ], [ 144.93726633, -37.80279787 ], [ 144.937918130000014, -37.80312109 ], [ 144.938258749999989, -37.80331711 ], [ 144.93854227, -37.80349996 ], [ 144.93872054, -37.80364033 ], [ 144.938919059999989, -37.80380449 ], [ 144.9393923, -37.80422668 ], [ 144.94010857, -37.80487517 ], [ 144.94052847, -37.80523496 ], [ 144.94088517, -37.80555607 ], [ 144.94114801, -37.80582534 ], [ 144.94147209, -37.80622933 ], [ 144.94214467, -37.80708206 ], [ 144.94259223, -37.80764951 ], [ 144.942686720000012, -37.80776434 ], [ 144.94300113, -37.80808759 ], [ 144.94320507, -37.80833519 ], [ 144.94339756, -37.80859458 ], [ 144.943743719999986, -37.80909573 ], [ 144.94409706, -37.80952248 ], [ 144.94422312, -37.80967896 ], [ 144.94450883, -37.81006253 ], [ 144.944562389999987, -37.81015052 ], [ 144.944803760000013, -37.81049483 ], [ 144.94493574, -37.81067151 ], [ 144.94511089, -37.81085607 ], [ 144.94546771, -37.81120681 ], [ 144.94571645, -37.8114332 ], [ 144.945864949999986, -37.81155889 ], [ 144.94614503, -37.81176492 ], [ 144.946532929999989, -37.81206042 ], [ 144.94690241, -37.81239372 ], [ 144.94748524, -37.81294359 ], [ 144.94775482, -37.81318061 ], [ 144.948104840000013, -37.81352384 ], [ 144.948326110000011, -37.81377066 ], [ 144.94880971, -37.81438494 ], [ 144.948944360000013, -37.81456013 ], [ 144.94909775, -37.81475169 ], [ 144.94935167, -37.81507873 ], [ 144.94961178, -37.81539561 ], [ 144.94987952, -37.81576957 ], [ 144.94995773, -37.81587033 ], [ 144.95039975, -37.81648172 ], [ 144.95062342, -37.8167694 ], [ 144.95088088, -37.81714958 ], [ 144.95107145, -37.81738981 ], [ 144.95122529, -37.81756533 ], [ 144.95196991, -37.81850767 ], [ 144.95244155, -37.81910902 ], [ 144.95252339000001, -37.81923463 ], [ 144.952818009999987, -37.81975099 ], [ 144.95286708, -37.81982502 ], [ 144.95299963, -37.81999449 ], [ 144.953072350000014, -37.82007217 ], [ 144.953231929999987, -37.8202131 ], [ 144.95351944, -37.820436 ], [ 144.95370775, -37.82056516 ], [ 144.95388164, -37.82069011 ], [ 144.95404589, -37.82079787 ], [ 144.95417917, -37.82089147 ], [ 144.95430898, -37.82097528 ], [ 144.95446654, -37.82105399 ], [ 144.954628070000012, -37.82112853 ], [ 144.954914, -37.82123217 ], [ 144.955180399999989, -37.82130619 ], [ 144.9554709, -37.82135521 ], [ 144.95579099, -37.82137357 ], [ 144.95610943, -37.82136513 ], [ 144.9564268, -37.82132972 ], [ 144.95670291, -37.82127008 ], [ 144.95700215, -37.82117939 ], [ 144.95728207, -37.8210725 ], [ 144.957543539999989, -37.820926 ], [ 144.95797846, -37.82065661 ], [ 144.958238279999989, -37.82048719 ], [ 144.95852407000001, -37.82033201 ], [ 144.95880342000001, -37.82021231 ], [ 144.95902252, -37.82012743 ], [ 144.95927482, -37.82004538 ], [ 144.96019406, -37.81977023 ], [ 144.960477590000011, -37.81969278 ], [ 144.960782450000011, -37.81962858 ], [ 144.960930850000011, -37.81960276 ], [ 144.96120625, -37.81956463 ], [ 144.96152095, -37.8195389 ], [ 144.96165165, -37.81953278 ], [ 144.96184725, -37.81951283 ], [ 144.96197948, -37.81949232 ], [ 144.96215808, -37.81945468 ], [ 144.962331299999988, -37.81941018 ], [ 144.96246973, -37.81937076 ], [ 144.96270032000001, -37.81932203 ], [ 144.96330513, -37.81924382 ], [ 144.96394411, -37.81908807 ], [ 144.96417399, -37.81902788 ], [ 144.96488958, -37.81882487 ], [ 144.96541421, -37.81867929 ], [ 144.96587351, -37.81856305 ], [ 144.96661343, -37.81835477 ] ] } },
{ "type": "Feature", "properties": { "SHORT_NAME": "Cranbourne" }, "geometry": { "type": "LineString", "coordinates": [ [ 145.280442740000012, -38.09962009 ], [ 145.280099940000014, -38.09940077 ], [ 145.27980707, -38.0991875 ], [ 145.27958053, -38.09901494 ], [ 145.27944962, -38.0989221 ], [ 145.279325879999988, -38.09882521 ], [ 145.27918086, -38.09872648 ], [ 145.27819732, -38.09807304 ], [ 145.27801555, -38.09794187 ], [ 145.277825510000014, -38.09779796 ], [ 145.27765441, -38.09765424 ], [ 145.277445379999989, -38.09744057 ], [ 145.27725854, -38.09722867 ], [ 145.27591845, -38.09547397 ], [ 145.274522069999989, -38.09363751 ], [ 145.27307155, -38.09168704 ], [ 145.272573709999989, -38.09105196 ], [ 145.2649605, -38.08108072 ], [ 145.26433373, -38.08022471 ], [ 145.26340933, -38.07901979 ], [ 145.26287696, -38.07831909 ], [ 145.25917551, -38.07347644 ], [ 145.25512858, -38.06809099 ], [ 145.2550469, -38.06794009 ], [ 145.25473677, -38.06753094 ], [ 145.25413093, -38.06674846 ], [ 145.25380664, -38.06626404 ], [ 145.25366706, -38.06604568 ], [ 145.253447740000013, -38.0656769 ], [ 145.253266849999989, -38.0653506 ], [ 145.25297845, -38.06475703 ], [ 145.25282661, -38.06446018 ], [ 145.25190029, -38.06259556 ], [ 145.25138435, -38.06156379 ], [ 145.25112754, -38.06102773 ], [ 145.250480579999987, -38.05959234 ], [ 145.24993357, -38.05847421 ], [ 145.24961679, -38.05783939 ], [ 145.24927875, -38.05716965 ], [ 145.248721749999987, -38.05606993 ], [ 145.24840337, -38.05548924 ], [ 145.24807114, -38.05490131 ], [ 145.24788842000001, -38.05456777 ], [ 145.24708404, -38.05296636 ], [ 145.2467675, -38.05234794 ], [ 145.24644945, -38.05169686 ], [ 145.24631856, -38.05143672 ], [ 145.2435726, -38.04603784 ], [ 145.24302529, -38.04493049 ], [ 145.240256280000011, -38.03925713 ], [ 145.23969732, -38.03808417 ], [ 145.2366074, -38.03110876 ], [ 145.236105869999989, -38.03003036 ], [ 145.2327956, -38.0226516 ], [ 145.23255322, -38.02209967 ], [ 145.229264230000013, -38.01480224 ], [ 145.22880407, -38.01333908 ], [ 145.2286321, -38.01294502 ], [ 145.22715921, -38.00961574 ], [ 145.22674034, -38.00864894 ], [ 145.22405747, -38.00254997 ], [ 145.22377351, -38.00190944 ], [ 145.223681269999986, -38.00172033 ], [ 145.22358283, -38.00153771 ], [ 145.22348789, -38.00138956 ], [ 145.22338295, -38.00123622 ], [ 145.22331283, -38.00114486 ], [ 145.22320584, -38.001015 ], [ 145.223109240000014, -38.00090729 ], [ 145.223018169999989, -38.00081138 ], [ 145.22281215000001, -38.00061803 ], [ 145.222670599999987, -38.00049946 ], [ 145.222596939999988, -38.00044193 ], [ 145.22238375, -38.000291 ], [ 145.22225364, -38.00020802 ], [ 145.222104699999988, -38.00011763 ], [ 145.22199108, -38.00005481 ], [ 145.22183145, -37.99997291 ], [ 145.22167545, -37.99989665 ], [ 145.21972864, -37.99901359 ], [ 145.21919154, -37.99874159 ], [ 145.21877802, -37.99849714 ], [ 145.218392599999987, -37.99824014 ], [ 145.218214859999989, -37.99811642 ], [ 145.21798701, -37.99794589 ], [ 145.21779858, -37.99779362 ], [ 145.217614739999988, -37.99763492 ], [ 145.21747615000001, -37.99750332 ], [ 145.21727718, -37.99730628 ], [ 145.2171016, -37.99711734 ], [ 145.21690188, -37.99688568 ], [ 145.216686149999987, -37.99661467 ], [ 145.21653756, -37.99641154 ], [ 145.216239480000013, -37.99597211 ], [ 145.21603754, -37.99566796 ], [ 145.21563981, -37.99505966 ], [ 145.215539619999987, -37.99489926 ], [ 145.21539665, -37.99465711 ], [ 145.21515259, -37.99423048 ], [ 145.214011629999987, -37.99248072 ], [ 145.21384942, -37.99228558 ], [ 145.2136272, -37.99203438 ], [ 145.21339086, -37.99182081 ], [ 145.213205749999986, -37.99168273 ], [ 145.21279494, -37.99143704 ], [ 145.21240261, -37.99124634 ], [ 145.212198160000014, -37.99115473 ], [ 145.21193527, -37.99103097 ], [ 145.21153838, -37.99085506 ], [ 145.21118635, -37.99068821 ], [ 145.21092733, -37.9905745 ], [ 145.20996772, -37.99013517 ], [ 145.20928718, -37.98982354 ], [ 145.208324330000011, -37.98937279 ], [ 145.2071233, -37.98881864 ], [ 145.206915149999986, -37.9887112 ], [ 145.20661192, -37.98852417 ], [ 145.20476906, -37.98724566 ], [ 145.20224195, -37.98548146 ], [ 145.20112741, -37.98470959 ], [ 145.20035837, -37.98416531 ], [ 145.19966713, -37.98368512 ], [ 145.19841856, -37.98282799 ], [ 145.19785248, -37.98243162 ], [ 145.19724052, -37.98201148 ], [ 145.19653144, -37.98151316 ], [ 145.19640585, -37.98142959 ], [ 145.19389802, -37.97968506 ], [ 145.19316891, -37.97918812 ], [ 145.19277466, -37.97893649 ], [ 145.192463339999989, -37.97875291 ], [ 145.19186707, -37.97837796 ], [ 145.19141979, -37.97807504 ], [ 145.19098764, -37.97774937 ], [ 145.19076564, -37.97758212 ], [ 145.19028751, -37.97719573 ], [ 145.189875660000013, -37.97688289 ], [ 145.18874743, -37.97612277 ], [ 145.18831449000001, -37.97585322 ], [ 145.18782435, -37.97554413 ], [ 145.187348, -37.97520687 ], [ 145.18645792, -37.97454673 ], [ 145.183763879999987, -37.972533 ], [ 145.17952331, -37.96906537 ], [ 145.178374209999987, -37.96817334 ], [ 145.17811905, -37.96799149 ], [ 145.17576323, -37.96623912 ], [ 145.174183660000011, -37.96506416 ], [ 145.17280345, -37.96398996 ], [ 145.17197463, -37.96337626 ], [ 145.17061628, -37.96235537 ], [ 145.17008865, -37.96197191 ], [ 145.1691765, -37.96124596 ], [ 145.168625490000011, -37.96081914 ], [ 145.168411920000011, -37.96066027 ], [ 145.16808839, -37.96042822 ], [ 145.166854089999987, -37.95960883 ], [ 145.166454640000012, -37.95933612 ], [ 145.16541265, -37.95856594 ], [ 145.162704889999986, -37.95651863 ], [ 145.16224706, -37.95616948 ], [ 145.161985539999989, -37.95598101 ], [ 145.16146011, -37.95557258 ], [ 145.15968013, -37.95423677 ], [ 145.15857509, -37.95342219 ], [ 145.15793187, -37.95291891 ], [ 145.15653149, -37.95178716 ], [ 145.155836310000012, -37.95121023 ], [ 145.15535161, -37.95081872 ], [ 145.154622249999989, -37.95023954 ], [ 145.153303599999987, -37.94925178 ], [ 145.15299685, -37.94902203 ], [ 145.15261757, -37.94871147 ], [ 145.15242315, -37.94856342 ], [ 145.15205927, -37.94830177 ], [ 145.1517565, -37.94809028 ], [ 145.15123316, -37.94772536 ], [ 145.15049015, -37.94721217 ], [ 145.15007938, -37.94692383 ], [ 145.14910727, -37.94624878 ], [ 145.14817696, -37.94555924 ], [ 145.14509873, -37.94324002 ], [ 145.143786979999987, -37.94224587 ], [ 145.14296681, -37.9416331 ], [ 145.14193075, -37.94085461 ], [ 145.140459560000011, -37.93972913 ], [ 145.139303969999986, -37.93886906 ], [ 145.13905673, -37.93867842 ], [ 145.13886917, -37.93854019 ], [ 145.138183559999987, -37.93801819 ], [ 145.13754875, -37.93754448 ], [ 145.136580079999987, -37.93681441 ], [ 145.132504899999986, -37.93373632 ], [ 145.13208984, -37.93341206 ], [ 145.131627220000013, -37.93302081 ], [ 145.1302689, -37.9319389 ], [ 145.12946263, -37.9313477 ], [ 145.12892194, -37.93097133 ], [ 145.12857227, -37.93071686 ], [ 145.126583829999987, -37.9292007 ], [ 145.12603646, -37.92876608 ], [ 145.125069669999988, -37.92797106 ], [ 145.124652059999988, -37.92761988 ], [ 145.12424458000001, -37.92730906 ], [ 145.1238563, -37.92703062 ], [ 145.12304318, -37.92649821 ], [ 145.122677220000014, -37.92623733 ], [ 145.12095295, -37.92493112 ], [ 145.11952546, -37.92382572 ], [ 145.11922334, -37.92357838 ], [ 145.11864752, -37.92311597 ], [ 145.11839805, -37.92291903 ], [ 145.11728729, -37.92206109 ], [ 145.11693384, -37.92179743 ], [ 145.11673144, -37.92165549 ], [ 145.11651235, -37.9215078 ], [ 145.11545092, -37.92082248 ], [ 145.115165600000012, -37.92062677 ], [ 145.114766440000011, -37.92033614 ], [ 145.11436583, -37.92003116 ], [ 145.10986154, -37.91663019 ], [ 145.108138739999987, -37.91532444 ], [ 145.10768379000001, -37.91498468 ], [ 145.10481651, -37.9128148 ], [ 145.10426675, -37.91240312 ], [ 145.10382949000001, -37.91211103 ], [ 145.10329572, -37.9117725 ], [ 145.10282632, -37.91145718 ], [ 145.102547390000012, -37.91124982 ], [ 145.10217952, -37.91097146 ], [ 145.10176684000001, -37.91064876 ], [ 145.10151663, -37.91044403 ], [ 145.101329920000012, -37.91028701 ], [ 145.10103726, -37.91003446 ], [ 145.10086117, -37.90988914 ], [ 145.10052904, -37.9096282 ], [ 145.09891435, -37.90840346 ], [ 145.09353475, -37.90433446 ], [ 145.09062255, -37.90212539 ], [ 145.08830918000001, -37.90037442 ], [ 145.08648777, -37.89900106 ], [ 145.08620628, -37.8988084 ], [ 145.086004409999987, -37.89868139 ], [ 145.08579523, -37.89856011 ], [ 145.08549032, -37.89840222 ], [ 145.084261059999989, -37.8978406 ], [ 145.079798039999986, -37.89582689 ], [ 145.07925204, -37.89557854 ], [ 145.07851765, -37.89524942 ], [ 145.0782706, -37.8951422 ], [ 145.0773208, -37.89475297 ], [ 145.07692344, -37.89457913 ], [ 145.07575405, -37.89405075 ], [ 145.07373530000001, -37.89314358 ], [ 145.072544920000013, -37.89261537 ], [ 145.0699765, -37.89145743 ], [ 145.06920931, -37.89110321 ], [ 145.0674679, -37.89031511 ], [ 145.06627701, -37.88977971 ], [ 145.065530740000014, -37.8894395 ], [ 145.061627320000014, -37.88768024 ], [ 145.06004435, -37.8869707 ], [ 145.05870699, -37.88636595 ], [ 145.05807085, -37.88608284 ], [ 145.05774786, -37.88593377 ], [ 145.05632705, -37.8852913 ], [ 145.05158383, -37.88315547 ], [ 145.0511899, -37.88297258 ], [ 145.050802479999987, -37.88278449 ], [ 145.05061067, -37.88268507 ], [ 145.05023778, -37.88248477 ], [ 145.04912226, -37.88184682 ], [ 145.048597199999989, -37.88154108 ], [ 145.048222790000011, -37.88132959 ], [ 145.04785315, -37.88111033 ], [ 145.04752463, -37.88090536 ], [ 145.0471717, -37.88066042 ], [ 145.04673806, -37.88034168 ], [ 145.04642815, -37.88010809 ], [ 145.04603499000001, -37.879824 ], [ 145.04519683, -37.8792646 ], [ 145.04499676, -37.87913421 ], [ 145.04466853, -37.8789104 ], [ 145.04395498, -37.87831701 ], [ 145.0437987, -37.87819059 ], [ 145.043572250000011, -37.87803471 ], [ 145.04260785, -37.87739677 ], [ 145.042256540000011, -37.87716879 ], [ 145.042001449999987, -37.87701729 ], [ 145.04187936, -37.87695218 ], [ 145.041632670000013, -37.87682677 ], [ 145.04149518, -37.87675113 ], [ 145.04137923, -37.87668179 ], [ 145.04060723, -37.8761723 ], [ 145.04044106, -37.87604616 ], [ 145.03985551, -37.87555473 ], [ 145.03948617, -37.8752402 ], [ 145.03894003, -37.87475464 ], [ 145.0319146, -37.86844592 ], [ 145.03170171, -37.8682523 ], [ 145.031221280000011, -37.86782603 ], [ 145.03071996, -37.86738652 ], [ 145.03010418, -37.86684803 ], [ 145.029818049999989, -37.86660092 ], [ 145.029496, -37.86630652 ], [ 145.0288835, -37.86577367 ], [ 145.02781009, -37.86478809 ], [ 145.025756449999989, -37.86291436 ], [ 145.02506897, -37.86228426 ], [ 145.02478299, -37.8620155 ], [ 145.024535899999989, -37.86177209 ], [ 145.024222580000014, -37.86145052 ], [ 145.02234028, -37.85948832 ], [ 145.02048163, -37.85754252 ], [ 145.02014384, -37.85718078 ], [ 145.02004495, -37.85706638 ], [ 145.0196416, -37.85655971 ], [ 145.01947665, -37.85636967 ], [ 145.019290790000014, -37.85617532 ], [ 145.019249120000012, -37.85613532 ], [ 145.01915637, -37.85604617 ], [ 145.01901894, -37.85591967 ], [ 145.01859744, -37.85556463 ], [ 145.01840865, -37.85539104 ], [ 145.018070990000012, -37.85504643 ], [ 145.01499963, -37.85187588 ], [ 145.013785039999988, -37.85065961 ], [ 145.01302009, -37.8498962 ], [ 145.012685839999989, -37.84955776 ], [ 145.012176649999986, -37.84907667 ], [ 145.01199007, -37.84891897 ], [ 145.011801459999987, -37.84876511 ], [ 145.01160823, -37.84861801 ], [ 145.011410579999989, -37.84847454 ], [ 145.01096549, -37.84818432 ], [ 145.010809020000011, -37.84809048 ], [ 145.01064817, -37.8479989 ], [ 145.010323090000014, -37.84782318 ], [ 145.01015636, -37.84773916 ], [ 145.009987239999987, -37.84765916 ], [ 145.00964388, -37.84750412 ], [ 145.00943265, -37.84741809 ], [ 145.00915555, -37.84730932 ], [ 145.00729365, -37.84660978 ], [ 145.00468906, -37.84568088 ], [ 145.003883800000011, -37.84538931 ], [ 145.00362328, -37.84529837 ], [ 145.003300349999989, -37.84517016 ], [ 145.00312531, -37.84509149 ], [ 145.00286571, -37.84496236 ], [ 145.002552509999987, -37.8447979 ], [ 145.00242262, -37.8447346 ], [ 145.00222832, -37.84464542 ], [ 145.00203339, -37.84456217 ], [ 145.001828929999988, -37.84448292 ], [ 145.001604719999989, -37.84440296 ], [ 145.00133148, -37.84431199 ], [ 145.00106673, -37.84423071 ], [ 145.00075489, -37.84412593 ], [ 145.00049843, -37.84402803 ], [ 145.00002068, -37.84382616 ], [ 144.99738065, -37.842643 ], [ 144.996984950000012, -37.84246703 ], [ 144.99662115000001, -37.84231332 ], [ 144.996331590000011, -37.84220007 ], [ 144.99602149, -37.84208611 ], [ 144.99469246000001, -37.84162577 ], [ 144.994518480000011, -37.84157153 ], [ 144.994019400000013, -37.84142812 ], [ 144.99375552, -37.84134928 ], [ 144.99361055, -37.8412976 ], [ 144.99348776, -37.8412454 ], [ 144.99336311, -37.84118642 ], [ 144.99321436, -37.84110241 ], [ 144.99312906, -37.84104653 ], [ 144.99305314, -37.84099234 ], [ 144.99296625, -37.8409239 ], [ 144.992874050000012, -37.84084563 ], [ 144.99280671, -37.84077681 ], [ 144.9927061, -37.84066533 ], [ 144.992630240000011, -37.8405631 ], [ 144.99255846, -37.8404568 ], [ 144.99249891, -37.84034801 ], [ 144.992447879999986, -37.84023521 ], [ 144.99240454, -37.84011534 ], [ 144.99237125, -37.83999356 ], [ 144.992353900000012, -37.83989594 ], [ 144.99234340000001, -37.83979681 ], [ 144.99233336, -37.83960144 ], [ 144.99232405, -37.83918206 ], [ 144.99233349, -37.83903073 ], [ 144.992352149999988, -37.83887911 ], [ 144.99237763, -37.83873563 ], [ 144.9925433, -37.83793947 ], [ 144.99279743, -37.83671802 ], [ 144.992880789999987, -37.83627534 ], [ 144.99294858, -37.83582411 ], [ 144.99307041, -37.83479208 ], [ 144.993115749999987, -37.83449844 ], [ 144.993164580000013, -37.83422712 ], [ 144.99345634, -37.83281895 ], [ 144.993860289999986, -37.83094769 ], [ 144.99400592, -37.83010163 ], [ 144.99417814, -37.82913318 ], [ 144.994213, -37.82892452 ], [ 144.99424645, -37.82870854 ], [ 144.994271989999987, -37.82849548 ], [ 144.99427603, -37.82826674 ], [ 144.99426796, -37.82804852 ], [ 144.99424649, -37.82783034 ], [ 144.99420766, -37.82761529 ], [ 144.99414864, -37.82739494 ], [ 144.99403326, -37.8271036 ], [ 144.99389793, -37.82680598 ], [ 144.99372489000001, -37.82651682 ], [ 144.99357733, -37.82632722 ], [ 144.993362749999989, -37.82608673 ], [ 144.99311201, -37.82585581 ], [ 144.992989959999989, -37.8257482 ], [ 144.99264793, -37.82547337 ], [ 144.99242694, -37.82530604 ], [ 144.991917120000011, -37.82490542 ], [ 144.99176329, -37.82478817 ], [ 144.991643829999987, -37.82470629 ], [ 144.99142294, -37.82456914 ], [ 144.99116035, -37.82443634 ], [ 144.990888930000011, -37.82432347 ], [ 144.99057019, -37.82421656 ], [ 144.99022256, -37.82411961 ], [ 144.989238019999988, -37.82385146 ], [ 144.98797695, -37.82350874 ], [ 144.98653998, -37.82312974 ], [ 144.985429649999986, -37.82275893 ], [ 144.98428531, -37.82229848 ], [ 144.98417602, -37.82225255 ], [ 144.984000759999986, -37.82217186 ], [ 144.98382404, -37.82208638 ], [ 144.98344065, -37.82188489 ], [ 144.9831748, -37.82173498 ], [ 144.98243335, -37.82129457 ], [ 144.98159804, -37.82079281 ], [ 144.9810134, -37.82042313 ], [ 144.980451530000011, -37.82005969 ], [ 144.98023619, -37.8199119 ], [ 144.97998876, -37.81973291 ], [ 144.97921503, -37.81910314 ], [ 144.97903057, -37.81896011 ], [ 144.978825949999987, -37.81881124 ], [ 144.97845306, -37.81855909 ], [ 144.97819554, -37.81840011 ], [ 144.97771695, -37.81811677 ], [ 144.97745009, -37.81795466 ], [ 144.97707857, -37.81771099 ], [ 144.9767031, -37.8174122 ], [ 144.97646824, -37.81718918 ], [ 144.976262670000011, -37.81697549 ], [ 144.976049499999988, -37.81671571 ], [ 144.975896440000014, -37.81650094 ], [ 144.975743240000014, -37.816254 ], [ 144.975604550000014, -37.81599154 ], [ 144.97540539, -37.81557249 ], [ 144.97431862, -37.81321569 ], [ 144.974181069999986, -37.81295766 ], [ 144.97403562, -37.81271031 ], [ 144.97379558, -37.81234958 ], [ 144.97367015, -37.81213006 ], [ 144.973585430000014, -37.81196756 ], [ 144.97338094, -37.811524 ], [ 144.97309508, -37.81091583 ], [ 144.97251705, -37.80971876 ], [ 144.97234049, -37.80942157 ], [ 144.972158080000014, -37.80919269 ], [ 144.97195156, -37.80898186 ], [ 144.97171455, -37.80878484 ], [ 144.971519089999987, -37.8086471 ], [ 144.97122772, -37.80847762 ], [ 144.97095316, -37.80835006 ], [ 144.9706938, -37.80825214 ], [ 144.970446900000013, -37.80818002 ], [ 144.97017213, -37.80811833 ], [ 144.969918119999988, -37.80807809 ], [ 144.9696449, -37.80805058 ], [ 144.96939146, -37.80804359 ], [ 144.96911014, -37.80805046 ], [ 144.96887776, -37.8080751 ], [ 144.96859977, -37.80811402 ], [ 144.96820842, -37.80821108 ], [ 144.96252261, -37.80987851 ], [ 144.9615327, -37.81015886 ], [ 144.96016035, -37.81055414 ], [ 144.95596511, -37.81174258 ], [ 144.952077730000013, -37.81284702 ], [ 144.95161769, -37.81297419 ], [ 144.95127985, -37.81309394 ], [ 144.95097399, -37.8132401 ], [ 144.95079829, -37.81334176 ], [ 144.95064269, -37.81344773 ], [ 144.9504523, -37.81359609 ], [ 144.95027389, -37.81377087 ], [ 144.95011843, -37.8139457 ], [ 144.94997389, -37.8141528 ], [ 144.94990109, -37.8142794 ], [ 144.94983917, -37.81441143 ], [ 144.94978902, -37.81454051 ], [ 144.9497298, -37.81473494 ], [ 144.94969667, -37.81490586 ], [ 144.94967899, -37.81507281 ], [ 144.949672639999989, -37.81523238 ], [ 144.949701260000012, -37.81549152 ], [ 144.949746909999988, -37.81570553 ], [ 144.949816590000012, -37.81591744 ], [ 144.94990617, -37.81610374 ], [ 144.95005598, -37.8163265 ], [ 144.95038868, -37.81677108 ], [ 144.950844679999989, -37.81734946 ], [ 144.95099475, -37.81753014 ], [ 144.95181175, -37.81856593 ], [ 144.952350239999987, -37.81925198 ], [ 144.95250497, -37.81945726 ], [ 144.952619840000011, -37.81963318 ], [ 144.95271852, -37.81977061 ], [ 144.952850500000011, -37.81992764 ], [ 144.95293744, -37.82001684 ], [ 144.95310179, -37.82015802 ], [ 144.95347458, -37.82043558 ], [ 144.95397474, -37.82079474 ], [ 144.954151950000011, -37.82091866 ], [ 144.95428486, -37.82100541 ], [ 144.95444298000001, -37.8210844 ], [ 144.95460732, -37.82116016 ], [ 144.95489695, -37.82126531 ], [ 144.955168210000011, -37.82134049 ], [ 144.95546357, -37.82139041 ], [ 144.95578523, -37.82140933 ], [ 144.956114430000014, -37.82139802 ], [ 144.95643338, -37.82136291 ], [ 144.95671895000001, -37.82130244 ], [ 144.95701725, -37.8212129 ], [ 144.9573078, -37.82109512 ], [ 144.95757575, -37.82095251 ], [ 144.958008049999989, -37.82068362 ], [ 144.958262499999989, -37.82051546 ], [ 144.958552059999988, -37.82036349 ], [ 144.9588244, -37.82024277 ], [ 144.959043290000011, -37.82015681 ], [ 144.95929153, -37.82007802 ], [ 144.960211210000011, -37.8198036 ], [ 144.96043025, -37.81974134 ], [ 144.9606771, -37.8196838 ], [ 144.960874069999988, -37.81964729 ], [ 144.961167210000013, -37.81960442 ], [ 144.96133401, -37.81958676 ], [ 144.96149662, -37.81957272 ], [ 144.96177728, -37.81955812 ], [ 144.96190932, -37.81954878 ], [ 144.962071650000013, -37.81953257 ], [ 144.96230832, -37.81949792 ], [ 144.962414419999988, -37.81947777 ], [ 144.9636387, -37.81919714 ], [ 144.96431037, -37.81903816 ], [ 144.96459685, -37.81895219 ], [ 144.96472947, -37.81891753 ], [ 144.96490879000001, -37.81887819 ], [ 144.96515717, -37.81881859 ], [ 144.96554072, -37.81871825 ], [ 144.96589819, -37.81861574 ], [ 144.966790980000013, -37.81838009 ], [ 144.96692134, -37.81834071 ] ] } },
{ "type": "Feature", "properties": { "SHORT_NAME": "Flemington Racecourse" }, "geometry": { "type": "LineString", "coordinates": [ [ 144.94214467, -37.80708206 ], [ 144.94259223, -37.80764951 ], [ 144.942686720000012, -37.80776434 ], [ 144.94294914, -37.80809867 ], [ 144.94317304, -37.80838852 ], [ 144.94335677, -37.80864803 ], [ 144.943629030000011, -37.80901676 ], [ 144.94415533, -37.80969057 ], [ 144.94463529, -37.8103195 ], [ 144.944798240000011, -37.81052186 ], [ 144.94495383, -37.81069093 ], [ 144.945210909999986, -37.81092756 ], [ 144.945949680000012, -37.8115346 ], [ 144.94621605, -37.81174354 ], [ 144.946563160000011, -37.81199462 ], [ 144.94683126000001, -37.81216151 ], [ 144.94710894, -37.81231522 ], [ 144.948535850000013, -37.81307536 ], [ 144.948781700000012, -37.81318499 ], [ 144.949036549999988, -37.81327288 ], [ 144.94929633000001, -37.81334292 ], [ 144.94948201, -37.81337733 ], [ 144.94968343, -37.81340553 ], [ 144.94990453, -37.81342443 ], [ 144.95010894, -37.81343033 ], [ 144.95032598, -37.81342366 ], [ 144.95053135, -37.81340326 ], [ 144.950658800000014, -37.81338682 ], [ 144.95080126, -37.81336191 ], [ 144.95109004, -37.8132952 ], [ 144.95196919, -37.81306709 ], [ 144.956054099999989, -37.81190553 ], [ 144.96256831, -37.81000502 ], [ 144.96836239000001, -37.80832053 ], [ 144.96865506, -37.80825177 ], [ 144.96889638, -37.80821628 ], [ 144.96914052, -37.80819391 ], [ 144.969400799999988, -37.80818767 ], [ 144.9696343, -37.80819701 ], [ 144.96989403, -37.8082233 ], [ 144.970141899999987, -37.8082638 ], [ 144.97036892, -37.80831926 ], [ 144.970626149999987, -37.80839552 ], [ 144.97086797, -37.80849098 ], [ 144.971126739999988, -37.80861493 ], [ 144.97137075, -37.80875909 ], [ 144.9715717, -37.80890394 ], [ 144.971766550000012, -37.80907204 ], [ 144.97194549, -37.80925743 ], [ 144.972117739999987, -37.8094755 ], [ 144.97226808, -37.80972664 ], [ 144.97261795, -37.81043198 ], [ 144.97287985, -37.81096899 ], [ 144.97326694, -37.81178383 ], [ 144.974314279999987, -37.81374867 ], [ 144.97438358, -37.8138853 ], [ 144.974416530000013, -37.8139558 ], [ 144.97446209, -37.81406752 ], [ 144.974494850000013, -37.81416983 ], [ 144.97452775, -37.81428791 ], [ 144.97456274000001, -37.81450407 ], [ 144.9745694, -37.81467568 ], [ 144.97455599, -37.81486316 ], [ 144.97452378, -37.81503167 ], [ 144.97444205, -37.81529116 ], [ 144.97437682, -37.81543359 ], [ 144.97423565, -37.81566493 ], [ 144.97414319, -37.81578527 ], [ 144.97397663000001, -37.81596083 ], [ 144.97378926, -37.81612883 ], [ 144.973523949999986, -37.81630964 ], [ 144.9732549, -37.81644839 ], [ 144.972975240000011, -37.81655577 ], [ 144.97093555, -37.81711686 ], [ 144.97034595, -37.8172835 ], [ 144.96873274, -37.81775521 ], [ 144.96755636, -37.81796822 ], [ 144.96691746, -37.81815076 ], [ 144.9665367, -37.81825314 ] ] } },
{ "type": "Feature", "properties": { "SHORT_NAME": "Frankston" }, "geometry": { "type": "LineString", "coordinates": [ [ 145.12597979, -38.14266607 ], [ 145.12601048, -38.14259934 ], [ 145.126144610000011, -38.14234303 ], [ 145.12630823, -38.14207088 ], [ 145.126497339999986, -38.14177976 ], [ 145.12664615, -38.14156459 ], [ 145.12669478, -38.14147012 ], [ 145.12684907, -38.14115249 ], [ 145.12700867, -38.14088172 ], [ 145.12745945, -38.13984789 ], [ 145.12786892, -38.13889857 ], [ 145.128631680000012, -38.13714302 ], [ 145.129069030000011, -38.13612394 ], [ 145.13022116, -38.13347316 ], [ 145.13036287, -38.13312874 ], [ 145.13066754, -38.13233066 ], [ 145.130806580000012, -38.13198774 ], [ 145.13129254, -38.13088083 ], [ 145.1324783, -38.12815721 ], [ 145.13258663, -38.12792634 ], [ 145.13291675, -38.12724293 ], [ 145.13303554, -38.12699069 ], [ 145.133167930000013, -38.12669749 ], [ 145.13455332, -38.1235204 ], [ 145.1348219, -38.12287772 ], [ 145.13497713000001, -38.12246169 ], [ 145.13512086, -38.1220899 ], [ 145.135201450000011, -38.121895 ], [ 145.135285900000014, -38.12170512 ], [ 145.13538872, -38.12148362 ], [ 145.13547989, -38.1212943 ], [ 145.13564876, -38.12096102 ], [ 145.13571593, -38.1208225 ], [ 145.135810920000011, -38.12060854 ], [ 145.13588017, -38.12043788 ], [ 145.13595375, -38.12021782 ], [ 145.13601719, -38.11999723 ], [ 145.13606818, -38.11977311 ], [ 145.13610988, -38.11953731 ], [ 145.13613353, -38.11933853 ], [ 145.13614548000001, -38.1191556 ], [ 145.13615459, -38.11896326 ], [ 145.136153760000013, -38.11883889 ], [ 145.136142650000011, -38.11857143 ], [ 145.13608602, -38.11813392 ], [ 145.13601909, -38.11783664 ], [ 145.135969859999989, -38.11766464 ], [ 145.13584411, -38.11729389 ], [ 145.13560467, -38.11680572 ], [ 145.135346989999988, -38.11637097 ], [ 145.13486118, -38.11574371 ], [ 145.13320708, -38.11381103 ], [ 145.131749430000013, -38.11213522 ], [ 145.13129923, -38.11159899 ], [ 145.13067518, -38.11087588 ], [ 145.12994328, -38.1100039 ], [ 145.12969457, -38.10971598 ], [ 145.12934655, -38.1092659 ], [ 145.12895534, -38.10862696 ], [ 145.12885651, -38.10843299 ], [ 145.12876197, -38.10824008 ], [ 145.128602590000014, -38.10786662 ], [ 145.12850702, -38.10759394 ], [ 145.12842722, -38.10733332 ], [ 145.128371750000014, -38.10712958 ], [ 145.128319870000013, -38.10689671 ], [ 145.12824982, -38.1064643 ], [ 145.12823026, -38.10626519 ], [ 145.1282115, -38.1059412 ], [ 145.12820406, -38.10556719 ], [ 145.128201679999989, -38.10434221 ], [ 145.12817949, -38.09191613 ], [ 145.12816743, -38.09161576 ], [ 145.1281258, -38.09110234 ], [ 145.12809427, -38.09085852 ], [ 145.12801645, -38.09036921 ], [ 145.12799913, -38.09028378 ], [ 145.12787165, -38.08977448 ], [ 145.12778194, -38.08946522 ], [ 145.1276255, -38.08901386 ], [ 145.12745716, -38.08859547 ], [ 145.12732767, -38.08830801 ], [ 145.12694249, -38.08752254 ], [ 145.1266697, -38.08699318 ], [ 145.125220610000014, -38.08402173 ], [ 145.1243982, -38.08237183 ], [ 145.12417276, -38.08189611 ], [ 145.124068279999989, -38.08165248 ], [ 145.123952870000011, -38.08136389 ], [ 145.12381617, -38.0809715 ], [ 145.1236797, -38.0805164 ], [ 145.12357902, -38.08010206 ], [ 145.12300165, -38.07761537 ], [ 145.12238306, -38.07494138 ], [ 145.12219683, -38.07417278 ], [ 145.12189962, -38.07305049 ], [ 145.12159603, -38.07193262 ], [ 145.12090945, -38.06957564 ], [ 145.12064254, -38.06860226 ], [ 145.12053325, -38.06817823 ], [ 145.1204876, -38.06798438 ], [ 145.12043928, -38.06776138 ], [ 145.12040514, -38.06758962 ], [ 145.120362879999988, -38.06734364 ], [ 145.120319099999989, -38.06705908 ], [ 145.120146729999988, -38.06587526 ], [ 145.12000752, -38.06491933 ], [ 145.119806290000014, -38.06349633 ], [ 145.119546820000011, -38.06170409 ], [ 145.11952795, -38.06158636 ], [ 145.11949783, -38.06140484 ], [ 145.11943555, -38.06106852 ], [ 145.11937508, -38.06078134 ], [ 145.119328919999987, -38.06058541 ], [ 145.119222259999987, -38.06018836 ], [ 145.11916255, -38.0599787 ], [ 145.11908681, -38.05973174 ], [ 145.118365970000013, -38.05762031 ], [ 145.117750699999988, -38.05583381 ], [ 145.11760625, -38.05544859 ], [ 145.11741978, -38.05500457 ], [ 145.11724075, -38.05461231 ], [ 145.116719710000012, -38.05350454 ], [ 145.11589192, -38.0517331 ], [ 145.1155731, -38.05106032 ], [ 145.11530844, -38.05048852 ], [ 145.11522237, -38.05031196 ], [ 145.11492995, -38.0496942 ], [ 145.11385003, -38.04738657 ], [ 145.11369152, -38.04705339 ], [ 145.11354068, -38.04674556 ], [ 145.113340810000011, -38.04636801 ], [ 145.113203379999987, -38.04611933 ], [ 145.11288152, -38.04556644 ], [ 145.1112041, -38.04272047 ], [ 145.1087546, -38.03854968 ], [ 145.107418419999988, -38.03628265 ], [ 145.10629533, -38.03437094 ], [ 145.10614585, -38.03412324 ], [ 145.10471482, -38.03167847 ], [ 145.10237043, -38.02770489 ], [ 145.101854370000012, -38.0268254 ], [ 145.101450809999989, -38.02613832 ], [ 145.101048100000014, -38.02544522 ], [ 145.10051956, -38.02455633 ], [ 145.10014009, -38.02394308 ], [ 145.099594309999986, -38.02316241 ], [ 145.097695320000014, -38.02060573 ], [ 145.097275599999989, -38.02005319 ], [ 145.096941570000013, -38.01960522 ], [ 145.09591968, -38.01822638 ], [ 145.09566691, -38.01790074 ], [ 145.09526125, -38.01740439 ], [ 145.094726150000014, -38.01682654 ], [ 145.094274109999986, -38.01634889 ], [ 145.09366395, -38.0156305 ], [ 145.09317443, -38.0149384 ], [ 145.091874100000013, -38.01301791 ], [ 145.09117294, -38.01197622 ], [ 145.09111615, -38.01189546 ], [ 145.09106703, -38.01181743 ], [ 145.090734989999987, -38.01132649 ], [ 145.08974465, -38.00988638 ], [ 145.089279940000011, -38.00913617 ], [ 145.088739049999987, -38.0082938 ], [ 145.08811954, -38.00737869 ], [ 145.087389660000014, -38.00630659 ], [ 145.086754649999989, -38.00537121 ], [ 145.085786750000011, -38.00392377 ], [ 145.08407718, -38.00143321 ], [ 145.08404611, -38.00139333 ], [ 145.08376798, -38.00097831 ], [ 145.08315747, -38.00004169 ], [ 145.082638550000013, -37.99927444 ], [ 145.082114100000013, -37.99854099 ], [ 145.08180837, -37.99815517 ], [ 145.08145837, -37.99773718 ], [ 145.081233129999987, -37.99748757 ], [ 145.08089365, -37.9971386 ], [ 145.08073783, -37.99697366 ], [ 145.080588150000011, -37.99682703 ], [ 145.08029102, -37.9965877 ], [ 145.07964161000001, -37.99607523 ], [ 145.07600464, -37.99291053 ], [ 145.06999758, -37.98768281 ], [ 145.06841941, -37.98621169 ], [ 145.068001040000013, -37.9857445 ], [ 145.067874530000012, -37.98556679 ], [ 145.06776815, -37.98544672 ], [ 145.067371650000013, -37.98497096 ], [ 145.06702175, -37.98453292 ], [ 145.06674164, -37.98416064 ], [ 145.06635089, -37.98360946 ], [ 145.06599461, -37.98308984 ], [ 145.064055380000013, -37.9803182 ], [ 145.0630684, -37.97889739 ], [ 145.062172479999987, -37.9775918 ], [ 145.059764949999987, -37.9741629 ], [ 145.059697050000011, -37.97406526 ], [ 145.05930684, -37.97347568 ], [ 145.05609757, -37.9688697 ], [ 145.05563632, -37.96825234 ], [ 145.05499215, -37.96752742 ], [ 145.05444196, -37.96675702 ], [ 145.05436572, -37.96664383 ], [ 145.05413296, -37.96629808 ], [ 145.053723749999989, -37.96564661 ], [ 145.053325660000013, -37.96503137 ], [ 145.053191880000014, -37.96480432 ], [ 145.05296694, -37.96437812 ], [ 145.052445330000012, -37.96362611 ], [ 145.05217653, -37.96324488 ], [ 145.05197605, -37.96295319 ], [ 145.05114079, -37.96175684 ], [ 145.05059341, -37.9609952 ], [ 145.049609229999987, -37.95955251 ], [ 145.049299240000011, -37.95911157 ], [ 145.047692579999989, -37.95680738 ], [ 145.046556079999988, -37.9551683 ], [ 145.04640192, -37.95495108 ], [ 145.04579654, -37.95408419 ], [ 145.045158249999986, -37.95316242 ], [ 145.04462909, -37.95240934 ], [ 145.04384821, -37.95128666 ], [ 145.04340226, -37.95064085 ], [ 145.04301532, -37.95008786 ], [ 145.042691929999989, -37.94961883 ], [ 145.042383050000012, -37.94918194 ], [ 145.04218592, -37.94889569 ], [ 145.042092340000011, -37.94876391 ], [ 145.04181134000001, -37.94835326 ], [ 145.04156565, -37.94800131 ], [ 145.04024933, -37.94611613 ], [ 145.03941282, -37.94490769 ], [ 145.039224170000011, -37.94464123 ], [ 145.0385604, -37.94369096 ], [ 145.03838255, -37.94343396 ], [ 145.038172550000013, -37.94311901 ], [ 145.03802907, -37.94289168 ], [ 145.037762289999989, -37.94243557 ], [ 145.037634, -37.94220228 ], [ 145.03741592, -37.94175508 ], [ 145.03717276, -37.94114733 ], [ 145.03698222, -37.94063166 ], [ 145.03684976, -37.94023032 ], [ 145.03671405, -37.93979243 ], [ 145.03664193, -37.9395307 ], [ 145.0365755, -37.93923067 ], [ 145.03652243, -37.9389543 ], [ 145.03646075, -37.9385144 ], [ 145.0364229, -37.93813239 ], [ 145.03641345, -37.93791451 ], [ 145.03641507, -37.93766113 ], [ 145.03643424, -37.93715914 ], [ 145.03642295, -37.93661681 ], [ 145.03642879, -37.93637179 ], [ 145.03643857, -37.93614558 ], [ 145.03645065, -37.93594365 ], [ 145.03646939, -37.93555186 ], [ 145.036506190000011, -37.93515217 ], [ 145.03659026, -37.9346783 ], [ 145.03666177, -37.93428685 ], [ 145.036757380000012, -37.9339306 ], [ 145.036841579999987, -37.9336311 ], [ 145.03686385, -37.93353406 ], [ 145.036949920000012, -37.93312997 ], [ 145.03702413, -37.93271847 ], [ 145.037064289999989, -37.93247474 ], [ 145.0370835, -37.93230853 ], [ 145.03709884, -37.93212963 ], [ 145.037103409999986, -37.93198372 ], [ 145.037101940000014, -37.93182923 ], [ 145.037091729999986, -37.93169118 ], [ 145.03707352, -37.93152912 ], [ 145.03704364, -37.93134352 ], [ 145.03699752, -37.93114377 ], [ 145.03695425, -37.93097849 ], [ 145.03683082, -37.93060587 ], [ 145.03676176, -37.9304216 ], [ 145.036689239999987, -37.93023962 ], [ 145.03657619, -37.92997702 ], [ 145.0356353, -37.92792458 ], [ 145.03555161, -37.92772637 ], [ 145.035484450000013, -37.92753933 ], [ 145.03542465000001, -37.92735396 ], [ 145.03538565, -37.92719938 ], [ 145.035342250000014, -37.92699608 ], [ 145.035316849999987, -37.92684777 ], [ 145.0352947, -37.9266541 ], [ 145.03528358, -37.92649918 ], [ 145.035280629999988, -37.92631493 ], [ 145.03528329, -37.92615106 ], [ 145.035293990000014, -37.9259756 ], [ 145.035306139999989, -37.92585234 ], [ 145.03532512000001, -37.92571207 ], [ 145.03535064, -37.92556128 ], [ 145.035480580000012, -37.92486378 ], [ 145.03552023, -37.92464789 ], [ 145.035554749999989, -37.92447509 ], [ 145.0356285, -37.9241491 ], [ 145.03579928, -37.9233573 ], [ 145.03586956, -37.92301188 ], [ 145.036049920000011, -37.92204821 ], [ 145.03664035, -37.91881862 ], [ 145.03679392, -37.9179074 ], [ 145.036941829999989, -37.91708908 ], [ 145.037022150000013, -37.91664803 ], [ 145.037165390000013, -37.91589812 ], [ 145.037223719999986, -37.91562956 ], [ 145.037375520000012, -37.91498991 ], [ 145.03745712, -37.91459034 ], [ 145.0375846, -37.91390253 ], [ 145.0376233, -37.91363607 ], [ 145.03765293, -37.91339027 ], [ 145.037700730000012, -37.91294824 ], [ 145.03772933, -37.91273676 ], [ 145.03777885, -37.91242686 ], [ 145.03796316, -37.91146658 ], [ 145.03803564, -37.91111038 ], [ 145.03807616, -37.9109338 ], [ 145.03822595, -37.9102232 ], [ 145.03835301, -37.90964063 ], [ 145.03850157, -37.90889072 ], [ 145.038943960000012, -37.90648142 ], [ 145.039011249999987, -37.90604592 ], [ 145.039054740000012, -37.90573583 ], [ 145.039075950000012, -37.90556271 ], [ 145.03910529, -37.90536566 ], [ 145.039134600000011, -37.90519979 ], [ 145.039168960000012, -37.90501076 ], [ 145.0393364, -37.90417861 ], [ 145.03951641, -37.90326304 ], [ 145.03982854, -37.90165361 ], [ 145.039899209999987, -37.90130053 ], [ 145.04007496, -37.90045492 ], [ 145.04038605, -37.89884528 ], [ 145.040540240000013, -37.89806121 ], [ 145.04066068, -37.89750359 ], [ 145.040921700000013, -37.89618177 ], [ 145.04107903, -37.89536891 ], [ 145.04127549, -37.89437557 ], [ 145.0415085, -37.89313997 ], [ 145.04168277, -37.89219808 ], [ 145.04179546, -37.89140863 ], [ 145.041926749999988, -37.89035023 ], [ 145.04195457, -37.89018442 ], [ 145.04204055, -37.88968597 ], [ 145.04216304, -37.88901131 ], [ 145.04230113, -37.88844722 ], [ 145.042563949999987, -37.88763864 ], [ 145.042731550000013, -37.88723951 ], [ 145.04282824, -37.88704493 ], [ 145.04299963, -37.88673444 ], [ 145.043170800000013, -37.88649676 ], [ 145.04337217, -37.8862521 ], [ 145.04369089, -37.88593001 ], [ 145.04387628, -37.88575619 ], [ 145.044171510000012, -37.88541054 ], [ 145.04515722, -37.88443904 ], [ 145.04541114, -37.88414993 ], [ 145.04560507, -37.88391091 ], [ 145.045767399999988, -37.88368444 ], [ 145.04589747, -37.88346103 ], [ 145.04604229, -37.88316154 ], [ 145.046144340000012, -37.88289261 ], [ 145.04619917, -37.88268941 ], [ 145.046248889999987, -37.88245124 ], [ 145.04628914, -37.88211568 ], [ 145.0462904, -37.88186157 ], [ 145.04626227, -37.88155362 ], [ 145.04620603, -37.88125088 ], [ 145.04607176, -37.8807904 ], [ 145.045837150000011, -37.88027599 ], [ 145.045674749999989, -37.87997627 ], [ 145.04556926, -37.87982519 ], [ 145.04542448, -37.87965453 ], [ 145.04522852, -37.87944203 ], [ 145.045112890000013, -37.8793344 ], [ 145.04491647, -37.87916928 ], [ 145.04416336, -37.8786659 ], [ 145.04382666, -37.87840157 ], [ 145.04252865, -37.87754081 ], [ 145.041830049999987, -37.87707968 ], [ 145.04103537, -37.8765508 ], [ 145.04073997, -37.8763588 ], [ 145.0405428, -37.87622701 ], [ 145.04035069, -37.8760844 ], [ 145.03986009, -37.87567773 ], [ 145.03958139, -37.87543914 ], [ 145.03940698, -37.87529376 ], [ 145.03886802, -37.87480761 ], [ 145.03115334, -37.86788004 ], [ 145.03064434, -37.86743851 ], [ 145.03035655, -37.86720209 ], [ 145.030174319999986, -37.86706143 ], [ 145.02998305, -37.86691873 ], [ 145.029295139999988, -37.86641301 ], [ 145.02926025, -37.8663871 ], [ 145.02872086, -37.86589233 ], [ 145.028157240000013, -37.8652618 ], [ 145.02802315, -37.86511924 ], [ 145.02779324, -37.86489145 ], [ 145.02499391, -37.86233274 ], [ 145.02463868000001, -37.86199686 ], [ 145.02439045, -37.86175334 ], [ 145.02413719, -37.86149397 ], [ 145.02328495, -37.86060741 ], [ 145.02045924, -37.8576611 ], [ 145.02007672, -37.85727212 ], [ 145.01961069, -37.85683117 ], [ 145.019349260000013, -37.85656417 ], [ 145.01901892, -37.85622166 ], [ 145.01887948000001, -37.85607656 ], [ 145.01867087, -37.85584911 ], [ 145.018310250000013, -37.85543652 ], [ 145.017927039999989, -37.85502724 ], [ 145.01726384, -37.8543446 ], [ 145.01573961, -37.85276664 ], [ 145.015521260000014, -37.85254704 ], [ 145.015313740000011, -37.85234717 ], [ 145.015093470000011, -37.85214439 ], [ 145.01487021, -37.85194669 ], [ 145.014218519999986, -37.85137931 ], [ 145.01401965, -37.85119608 ], [ 145.01383587, -37.85102257 ], [ 145.01363933, -37.85081243 ], [ 145.01352555, -37.85068579 ], [ 145.013354349999986, -37.85048833 ], [ 145.01291594, -37.84996149 ], [ 145.012675910000013, -37.84969042 ], [ 145.012460589999989, -37.84946447 ], [ 145.01210967, -37.84913313 ], [ 145.01192556, -37.84897682 ], [ 145.011738369999989, -37.84882478 ], [ 145.01154526, -37.84867742 ], [ 145.01134821, -37.84853288 ], [ 145.01090416, -37.84824646 ], [ 145.010752059999987, -37.84815503 ], [ 145.01059312000001, -37.84806421 ], [ 145.01027263, -37.84789081 ], [ 145.01010725, -37.84780736 ], [ 145.00993929, -37.84772666 ], [ 145.00959611, -37.84757316 ], [ 145.00938806, -37.84748709 ], [ 145.00911543, -37.84738146 ], [ 145.00760315, -37.84681102 ], [ 145.007277280000011, -37.8466943 ], [ 145.007058949999987, -37.84661076 ], [ 145.00386948, -37.84546936 ], [ 145.003606600000012, -37.84537749 ], [ 145.00325824, -37.84525253 ], [ 145.002776180000012, -37.8450752 ], [ 145.0025834, -37.84500101 ], [ 145.002252520000013, -37.8448686 ], [ 145.00183657, -37.84469257 ], [ 145.00152857, -37.84456316 ], [ 145.00125802, -37.84444402 ], [ 145.00070985, -37.84421131 ], [ 145.00000465, -37.84390636 ], [ 144.99921631, -37.84355791 ], [ 144.99776677, -37.84290451 ], [ 144.99694241, -37.84253579 ], [ 144.9965795, -37.84238254 ], [ 144.995982489999989, -37.84215826 ], [ 144.99466849, -37.84169683 ], [ 144.994483370000012, -37.84163834 ], [ 144.99426863, -37.84157827 ], [ 144.99397654, -37.84150444 ], [ 144.99384511, -37.84146913 ], [ 144.99371751000001, -37.84143091 ], [ 144.993574169999988, -37.841378 ], [ 144.99343826, -37.84131927 ], [ 144.993303950000012, -37.84125191 ], [ 144.99315454, -37.841167 ], [ 144.99308198, -37.84111899 ], [ 144.99293613, -37.84101206 ], [ 144.99285484, -37.8409466 ], [ 144.99274639, -37.8408431 ], [ 144.992642710000013, -37.8407358 ], [ 144.99255761, -37.84062648 ], [ 144.99247712, -37.84051057 ], [ 144.99240807000001, -37.84039143 ], [ 144.99234725, -37.84026693 ], [ 144.99229924, -37.84013877 ], [ 144.992261070000012, -37.84001286 ], [ 144.992239790000013, -37.83991319 ], [ 144.99222502, -37.83981263 ], [ 144.99220967, -37.83961618 ], [ 144.99219064, -37.83916536 ], [ 144.992192929999987, -37.83901382 ], [ 144.99220584, -37.83886057 ], [ 144.99222745, -37.83871729 ], [ 144.99237161, -37.83802323 ], [ 144.99274055, -37.83625916 ], [ 144.99285773, -37.83567558 ], [ 144.99288156, -37.83553846 ], [ 144.99292743, -37.8352168 ], [ 144.99298101, -37.83478281 ], [ 144.99302226, -37.83448513 ], [ 144.993071320000013, -37.83420498 ], [ 144.99336043, -37.83280272 ], [ 144.99367657, -37.83133333 ], [ 144.993822779999988, -37.83059181 ], [ 144.99390741, -37.83009724 ], [ 144.994021229999987, -37.82946484 ], [ 144.994163359999988, -37.82854212 ], [ 144.99417811, -37.82820316 ], [ 144.99416211, -37.82790866 ], [ 144.99410172, -37.82757933 ], [ 144.9940167, -37.8273123 ], [ 144.99397481, -37.82719768 ], [ 144.99384025, -37.82688863 ], [ 144.993694799999986, -37.82663364 ], [ 144.99356795, -37.82645962 ], [ 144.993341249999986, -37.82618838 ], [ 144.99320884, -37.82605599 ], [ 144.99305991, -37.82591719 ], [ 144.99286408, -37.825752 ], [ 144.99265219, -37.82558456 ], [ 144.992329, -37.82533987 ], [ 144.99199377, -37.8251249 ], [ 144.991575860000012, -37.82486662 ], [ 144.99124147, -37.8246668 ], [ 144.991065819999989, -37.82457044 ], [ 144.99083514, -37.82446341 ], [ 144.99061777, -37.82437661 ], [ 144.990363, -37.8242908 ], [ 144.99015108, -37.82422932 ], [ 144.989204339999986, -37.82397065 ], [ 144.98872411, -37.82384079 ], [ 144.98803222, -37.82364882 ], [ 144.98793178, -37.82362404 ], [ 144.98652349, -37.82323462 ], [ 144.98621902, -37.82314254 ], [ 144.98593612, -37.82304714 ], [ 144.98552701, -37.82290523 ], [ 144.98533792, -37.82281089 ], [ 144.98516222, -37.82273777 ], [ 144.98480552, -37.82261172 ], [ 144.98443939, -37.82246451 ], [ 144.98381576, -37.82219429 ], [ 144.98351004, -37.82205658 ], [ 144.98320289, -37.82190506 ], [ 144.98302848, -37.82180979 ], [ 144.98231782, -37.82139866 ], [ 144.982158160000012, -37.82130022 ], [ 144.982014709999987, -37.82120701 ], [ 144.9818631, -37.82109682 ], [ 144.98175314, -37.8210131 ], [ 144.98134547, -37.82067727 ], [ 144.981215350000014, -37.8205788 ], [ 144.98101424, -37.82044207 ], [ 144.98082241, -37.82032352 ], [ 144.98020447, -37.81996272 ], [ 144.979868759999988, -37.81980908 ], [ 144.97950946, -37.81964971 ], [ 144.97919427, -37.81946434 ], [ 144.97901192, -37.81938172 ], [ 144.97882693, -37.81929158 ], [ 144.97849559, -37.81909458 ], [ 144.978126769999989, -37.81888476 ], [ 144.9777741, -37.8186909 ], [ 144.97732477, -37.8184632 ], [ 144.97717463, -37.81838258 ], [ 144.97628812, -37.8178699 ], [ 144.97599849, -37.81770568 ], [ 144.97575042, -37.81757958 ], [ 144.97546598, -37.81745456 ], [ 144.975255550000014, -37.81737299 ], [ 144.97504633, -37.81730099 ], [ 144.974811640000013, -37.81723 ], [ 144.97465334, -37.81719078 ], [ 144.9743924, -37.81712852 ], [ 144.974256380000014, -37.81710501 ], [ 144.97406061, -37.8170774 ], [ 144.973882800000013, -37.81705352 ], [ 144.97365276, -37.81702856 ], [ 144.97337249, -37.81701698 ], [ 144.973112250000014, -37.81701611 ], [ 144.972928, -37.81702429 ], [ 144.97275174, -37.81704342 ], [ 144.972566949999987, -37.81706701 ], [ 144.97216695, -37.8171341 ], [ 144.97173881, -37.81723703 ], [ 144.971379899999988, -37.81730943 ], [ 144.971117459999988, -37.81738106 ], [ 144.97089645, -37.81743709 ], [ 144.970480189999989, -37.81755428 ], [ 144.96999635, -37.81769589 ], [ 144.96976138, -37.81776808 ], [ 144.96927745, -37.81790879 ], [ 144.96839219, -37.81822687 ], [ 144.96769798, -37.8184254 ], [ 144.967008349999986, -37.81861833 ], [ 144.966898250000014, -37.81864383 ] ] } },
{ "type": "Feature", "properties": { "SHORT_NAME": "Glen Waverley" }, "geometry": { "type": "LineString", "coordinates": [ [ 145.16209878, -37.87955158 ], [ 145.16171203, -37.87944433 ], [ 145.16097918, -37.87918623 ], [ 145.16033015, -37.87900522 ], [ 145.15936324, -37.87874579 ], [ 145.158435090000012, -37.87849182 ], [ 145.15412484, -37.87732628 ], [ 145.15226521, -37.8768137 ], [ 145.15170676, -37.8766721 ], [ 145.151301749999988, -37.87657787 ], [ 145.15087132, -37.87649108 ], [ 145.15037709, -37.87641852 ], [ 145.14944999, -37.87630635 ], [ 145.148561269999988, -37.87619657 ], [ 145.14810074, -37.87613616 ], [ 145.14730825, -37.87604267 ], [ 145.14672729, -37.87599252 ], [ 145.143278009999989, -37.87562409 ], [ 145.14136145, -37.87540918 ], [ 145.14016662, -37.87528433 ], [ 145.13912994, -37.87524514 ], [ 145.13799397, -37.87524402 ], [ 145.12809972, -37.8752948 ], [ 145.12637335, -37.87530229 ], [ 145.12321634, -37.87532129 ], [ 145.12239291, -37.87534249 ], [ 145.122016089999988, -37.8753309 ], [ 145.12074067, -37.87525151 ], [ 145.11816984, -37.87503019 ], [ 145.116956140000013, -37.87493814 ], [ 145.11614075, -37.87483119 ], [ 145.11545937, -37.87470313 ], [ 145.11475937, -37.87452952 ], [ 145.11389964, -37.87427117 ], [ 145.11328978, -37.87405853 ], [ 145.11245892, -37.87378747 ], [ 145.111663060000012, -37.87352661 ], [ 145.11114317, -37.87336137 ], [ 145.11086473, -37.87328228 ], [ 145.11061661, -37.87322189 ], [ 145.11022666, -37.87314632 ], [ 145.10985501, -37.87308863 ], [ 145.10962754, -37.87306136 ], [ 145.1093627, -37.87303701 ], [ 145.109062349999988, -37.87301876 ], [ 145.10879121, -37.87301404 ], [ 145.10856155, -37.8730145 ], [ 145.10840285, -37.87301871 ], [ 145.10819608, -37.87302656 ], [ 145.10800034, -37.87303846 ], [ 145.106674450000014, -37.87313438 ], [ 145.09862897, -37.87373293 ], [ 145.09208174, -37.87422311 ], [ 145.09192402, -37.87423749 ], [ 145.091590090000011, -37.87427804 ], [ 145.09134782000001, -37.87431782 ], [ 145.09115935, -37.87435216 ], [ 145.090930140000012, -37.8744008 ], [ 145.090282660000014, -37.87455594 ], [ 145.08996844, -37.87463411 ], [ 145.086753320000014, -37.87542882 ], [ 145.08641846, -37.87550943 ], [ 145.082434479999989, -37.8764924 ], [ 145.081883229999988, -37.87662643 ], [ 145.08141447, -37.87672738 ], [ 145.08111181000001, -37.87678463 ], [ 145.08086927, -37.87682528 ], [ 145.08064886, -37.87685909 ], [ 145.08045364, -37.87688537 ], [ 145.07981616, -37.87696014 ], [ 145.07787407, -37.8771084 ], [ 145.07736304, -37.87715097 ], [ 145.076634289999987, -37.87720719 ], [ 145.07622999, -37.87723348 ], [ 145.07602223, -37.87724396 ], [ 145.07505006, -37.87727772 ], [ 145.074522, -37.87730684 ], [ 145.07428252, -37.87732563 ], [ 145.07269843, -37.87747381 ], [ 145.07247558, -37.87749178 ], [ 145.07226021, -37.87750601 ], [ 145.07206405, -37.87751622 ], [ 145.07190387, -37.87752027 ], [ 145.071713710000012, -37.87751832 ], [ 145.071522, -37.87751023 ], [ 145.07134625, -37.87749662 ], [ 145.07116557, -37.87747546 ], [ 145.070936819999986, -37.87744071 ], [ 145.07066265, -37.87738593 ], [ 145.07043291, -37.87732809 ], [ 145.07022566, -37.87726675 ], [ 145.07008815, -37.87722078 ], [ 145.0698921, -37.87714836 ], [ 145.069135069999987, -37.87685477 ], [ 145.06893717, -37.87677907 ], [ 145.06850795, -37.87658431 ], [ 145.06828145, -37.87646344 ], [ 145.068031960000013, -37.87631326 ], [ 145.06763225, -37.87604662 ], [ 145.067156149999988, -37.87570572 ], [ 145.06705692, -37.87562668 ], [ 145.066834949999986, -37.87544127 ], [ 145.06668561, -37.8753003 ], [ 145.06645351, -37.8750547 ], [ 145.066306700000013, -37.874878 ], [ 145.066133509999986, -37.87465329 ], [ 145.06598847, -37.87444354 ], [ 145.065903100000014, -37.87431273 ], [ 145.065804320000012, -37.87414258 ], [ 145.06570353, -37.87395366 ], [ 145.06552778, -37.87357083 ], [ 145.064718449999987, -37.87165468 ], [ 145.06453095, -37.87125202 ], [ 145.06443879, -37.87106351 ], [ 145.06424797, -37.8707226 ], [ 145.06411517, -37.87049747 ], [ 145.06395077, -37.87024613 ], [ 145.06380621, -37.8700363 ], [ 145.06369024, -37.86987587 ], [ 145.06358667, -37.8697416 ], [ 145.063425599999988, -37.86954114 ], [ 145.063183790000011, -37.86925951 ], [ 145.062893980000013, -37.86893122 ], [ 145.0623965, -37.86836303 ], [ 145.061949449999986, -37.8678621 ], [ 145.06166371, -37.86753486 ], [ 145.06143171, -37.86724383 ], [ 145.06125594, -37.86699293 ], [ 145.061044149999987, -37.86665087 ], [ 145.0608604, -37.86629728 ], [ 145.060731550000014, -37.86599128 ], [ 145.060574659999986, -37.86551494 ], [ 145.06017512, -37.86420903 ], [ 145.060103950000013, -37.86398401 ], [ 145.06003017, -37.86373298 ], [ 145.0599612, -37.86353241 ], [ 145.059924959999989, -37.86340592 ], [ 145.05952865, -37.86210358 ], [ 145.059483730000011, -37.86196973 ], [ 145.05929597, -37.86134924 ], [ 145.059151250000014, -37.86093411 ], [ 145.059045590000011, -37.86070274 ], [ 145.05894665, -37.86050952 ], [ 145.058810240000014, -37.86027603 ], [ 145.058746219999989, -37.86017287 ], [ 145.05863409, -37.86000592 ], [ 145.05857764000001, -37.8599265 ], [ 145.05808151, -37.85925865 ], [ 145.05763162, -37.85865257 ], [ 145.05736835, -37.85830271 ], [ 145.05671035, -37.85747601 ], [ 145.05634022000001, -37.85699741 ], [ 145.05553111, -37.85591849 ], [ 145.05530176, -37.85559766 ], [ 145.05495706, -37.8551731 ], [ 145.05468556, -37.85489078 ], [ 145.05446778000001, -37.85468342 ], [ 145.05430707, -37.85454522 ], [ 145.05416198, -37.85442648 ], [ 145.05401075, -37.854308 ], [ 145.05386467, -37.85420114 ], [ 145.05361284, -37.85402674 ], [ 145.05335675, -37.8538675 ], [ 145.053114169999986, -37.85372651 ], [ 145.05281839, -37.85357274 ], [ 145.052578110000013, -37.85346063 ], [ 145.052397680000013, -37.85338068 ], [ 145.05213781, -37.85327914 ], [ 145.05184866, -37.85318036 ], [ 145.05157588, -37.85309853 ], [ 145.05086583, -37.85285409 ], [ 145.05045866, -37.85271388 ], [ 145.04956048, -37.852419 ], [ 145.048770819999987, -37.85216404 ], [ 145.04805137, -37.85197088 ], [ 145.04765763, -37.85188208 ], [ 145.04688981000001, -37.85166558 ], [ 145.04632712, -37.85150178 ], [ 145.04476465, -37.8509755 ], [ 145.04410889, -37.85074256 ], [ 145.04359933, -37.85052132 ], [ 145.04313935, -37.85028622 ], [ 145.04293868, -37.85017726 ], [ 145.04278777, -37.85009923 ], [ 145.04235072, -37.8498308 ], [ 145.04194698, -37.84954914 ], [ 145.041583089999989, -37.84926083 ], [ 145.04142098, -37.84911656 ], [ 145.041224449999987, -37.84894153 ], [ 145.04093759, -37.84865838 ], [ 145.04064892, -37.84834077 ], [ 145.04038064, -37.84800413 ], [ 145.04012848, -37.84765568 ], [ 145.03988254, -37.84718811 ], [ 145.039706450000011, -37.84679956 ], [ 145.03942256, -37.84615193 ], [ 145.03934277, -37.84598046 ], [ 145.038149479999987, -37.84368284 ], [ 145.037931930000013, -37.8433073 ], [ 145.03777521, -37.8430501 ], [ 145.037563659999989, -37.84273981 ], [ 145.03723445, -37.84228526 ], [ 145.036774439999988, -37.84174517 ], [ 145.03641356, -37.84140103 ], [ 145.035886620000014, -37.84099004 ], [ 145.03554999, -37.84076868 ], [ 145.03519595, -37.84056109 ], [ 145.03485475, -37.84039237 ], [ 145.03469655, -37.84032043 ], [ 145.03451758, -37.84024309 ], [ 145.03427549, -37.84014623 ], [ 145.034022029999988, -37.84005413 ], [ 145.03379146, -37.83997729 ], [ 145.03356867, -37.83991129 ], [ 145.03329455, -37.83984381 ], [ 145.032922719999988, -37.83977163 ], [ 145.032767549999988, -37.83974399 ], [ 145.03265448, -37.83972687 ], [ 145.03252319, -37.83970737 ], [ 145.03238681, -37.83969067 ], [ 145.03215999, -37.83966534 ], [ 145.03078861, -37.83952562 ], [ 145.029913490000013, -37.83944078 ], [ 145.028735399999988, -37.8393185 ], [ 145.028376650000013, -37.83927609 ], [ 145.02805615, -37.83921836 ], [ 145.027746900000011, -37.83913928 ], [ 145.027607749999987, -37.83909901 ], [ 145.02742844, -37.83904311 ], [ 145.02717571, -37.83894992 ], [ 145.026939019999986, -37.83885142 ], [ 145.02674185, -37.83875404 ], [ 145.02655139, -37.8386518 ], [ 145.026363, -37.83853212 ], [ 145.02622009000001, -37.83843682 ], [ 145.02605992, -37.83832401 ], [ 145.02592847, -37.83822069 ], [ 145.02582795, -37.83813393 ], [ 145.02570055000001, -37.83801518 ], [ 145.025591209999988, -37.83790557 ], [ 145.02547721, -37.83778281 ], [ 145.02536853, -37.83765248 ], [ 145.02525859, -37.83750996 ], [ 145.02517813, -37.83739506 ], [ 145.02510428, -37.83727973 ], [ 145.024856199999988, -37.83682903 ], [ 145.024728219999986, -37.83660871 ], [ 145.02458868, -37.83640847 ], [ 145.02448999, -37.83627876 ], [ 145.02439494, -37.83617019 ], [ 145.02427148000001, -37.83604042 ], [ 145.02411858, -37.83589376 ], [ 145.023933629999988, -37.83573493 ], [ 145.02370238, -37.8355482 ], [ 145.02338515, -37.83529613 ], [ 145.02307613, -37.83505618 ], [ 145.022887379999986, -37.8349035 ], [ 145.02275999, -37.83479331 ], [ 145.02263309, -37.83467331 ], [ 145.022524510000011, -37.83455667 ], [ 145.02248065, -37.83450962 ], [ 145.02235116, -37.83435496 ], [ 145.02225335, -37.83422202 ], [ 145.02212161, -37.8340238 ], [ 145.02185135, -37.83358371 ], [ 145.02175367000001, -37.83342067 ], [ 145.0216404, -37.83322429 ], [ 145.021551319999986, -37.83305004 ], [ 145.02146807, -37.83285732 ], [ 145.02138828, -37.83265817 ], [ 145.02047595, -37.83031752 ], [ 145.02033415, -37.82997349 ], [ 145.02021346, -37.82973202 ], [ 145.02007531000001, -37.82950224 ], [ 145.01982461, -37.82917702 ], [ 145.019584540000011, -37.82892588 ], [ 145.019286810000011, -37.82866854 ], [ 145.01902934, -37.82848631 ], [ 145.01873421, -37.82830616 ], [ 145.01848206, -37.8281844 ], [ 145.01817903, -37.82805314 ], [ 145.01785184, -37.82794183 ], [ 145.01750709, -37.82784969 ], [ 145.01718527, -37.82778398 ], [ 145.016877419999986, -37.82773978 ], [ 145.01674674, -37.82772793 ], [ 145.01638331, -37.82771406 ], [ 145.01599164000001, -37.82771089 ], [ 145.01541365, -37.82771619 ], [ 145.01498995, -37.82771302 ], [ 145.01432072, -37.82771408 ], [ 145.01374127, -37.8277226 ], [ 145.01343553000001, -37.82773952 ], [ 145.01314448, -37.82776813 ], [ 145.01261335, -37.82784757 ], [ 145.011966949999987, -37.82792488 ], [ 145.011530060000013, -37.82796446 ], [ 145.011160890000014, -37.82797814 ], [ 145.01075846, -37.82796539 ], [ 145.01025112, -37.82793744 ], [ 145.009809639999986, -37.8278979 ], [ 145.008685070000013, -37.82781742 ], [ 145.00830604, -37.82778821 ], [ 145.00811682, -37.82776879 ], [ 145.007701340000011, -37.82772616 ], [ 145.0072429, -37.82767551 ], [ 145.00673369, -37.82759867 ], [ 145.00608402, -37.82750647 ], [ 145.0055439, -37.82744271 ], [ 145.001109140000011, -37.82695008 ], [ 144.99822893000001, -37.82663349 ], [ 144.996765259999989, -37.82646423 ], [ 144.99587951, -37.82636409 ], [ 144.99493401, -37.82626769 ], [ 144.994504940000013, -37.82621578 ], [ 144.9941696, -37.82614266 ], [ 144.99379411000001, -37.82602514 ], [ 144.99343865, -37.82587679 ], [ 144.99316651, -37.82572742 ], [ 144.99293308, -37.82556637 ], [ 144.992417499999988, -37.82517259 ], [ 144.9919597, -37.82481828 ], [ 144.99179138, -37.82469483 ], [ 144.99158681, -37.82455914 ], [ 144.99136335, -37.82443304 ], [ 144.991099670000011, -37.82430283 ], [ 144.99084814, -37.82419364 ], [ 144.99068061, -37.82413328 ], [ 144.99038554, -37.82403777 ], [ 144.98929198, -37.82373883 ], [ 144.98796115, -37.823375 ], [ 144.98759275, -37.82328589 ], [ 144.98726327, -37.82321546 ], [ 144.986702759999986, -37.82308422 ], [ 144.986367910000013, -37.82298153 ], [ 144.98582739, -37.82278402 ], [ 144.98552505, -37.82265972 ], [ 144.98507361, -37.82248293 ], [ 144.98454264, -37.82226459 ], [ 144.98411214, -37.82206554 ], [ 144.98379137, -37.82190099 ], [ 144.983143790000014, -37.821547 ], [ 144.98266105, -37.82125999 ], [ 144.98114418, -37.8203722 ], [ 144.98073653, -37.82013586 ], [ 144.979417899999987, -37.81936229 ], [ 144.9778153, -37.81841729 ], [ 144.97745469, -37.81821896 ], [ 144.976933480000014, -37.81790748 ], [ 144.976527159999989, -37.8176607 ], [ 144.9760068, -37.81735554 ], [ 144.97566224, -37.81716911 ], [ 144.97547175, -37.81708121 ], [ 144.97511097, -37.8169392 ], [ 144.97478709, -37.81683558 ], [ 144.97451523, -37.81676151 ], [ 144.97418091, -37.81670737 ], [ 144.97408525, -37.81667896 ], [ 144.97391719, -37.8166557 ], [ 144.973742750000014, -37.81663711 ], [ 144.97360765, -37.81662586 ], [ 144.973370100000011, -37.81661402 ], [ 144.9732526, -37.81661146 ], [ 144.97305125, -37.81661313 ], [ 144.972864679999986, -37.81661884 ], [ 144.972700690000011, -37.81662962 ], [ 144.97248922, -37.81665266 ], [ 144.972182659999987, -37.81669676 ], [ 144.97197164, -37.81673657 ], [ 144.97180099, -37.81677499 ], [ 144.971608089999989, -37.8168252 ], [ 144.97127186, -37.81691962 ], [ 144.97075845, -37.81707929 ], [ 144.970321070000011, -37.81717962 ], [ 144.970136950000011, -37.81722466 ], [ 144.96969321, -37.81734534 ], [ 144.96952013, -37.81739786 ], [ 144.96870793, -37.81759951 ], [ 144.968141050000014, -37.81776573 ], [ 144.96690317, -37.81812096 ], [ 144.96647295, -37.81823753 ] ] } },
{ "type": "Feature", "properties": { "SHORT_NAME": "Hurstbridge" }, "geometry": { "type": "LineString", "coordinates": [ [ 145.1917188, -37.63979654 ], [ 145.191374560000014, -37.64012589 ], [ 145.19100429, -37.6404862 ], [ 145.190902740000013, -37.64059369 ], [ 145.19079911, -37.64071719 ], [ 145.190716040000012, -37.64082902 ], [ 145.19067102, -37.64089547 ], [ 145.19060201, -37.64101193 ], [ 145.1905313, -37.64115613 ], [ 145.190475240000012, -37.64129496 ], [ 145.1904547, -37.64135647 ], [ 145.19042835, -37.64146151 ], [ 145.19039706, -37.64163478 ], [ 145.190388039999988, -37.6417172 ], [ 145.19038262, -37.64179543 ], [ 145.190381300000013, -37.64187796 ], [ 145.19038185, -37.641958 ], [ 145.19038762, -37.6420474 ], [ 145.19040748, -37.64226112 ], [ 145.19048371, -37.64286548 ], [ 145.19050754, -37.64310233 ], [ 145.19051484, -37.64321717 ], [ 145.190518270000013, -37.64330464 ], [ 145.19051586, -37.64349287 ], [ 145.19050916, -37.64357766 ], [ 145.190498569999988, -37.64366366 ], [ 145.19047157, -37.64381402 ], [ 145.19042595, -37.64398942 ], [ 145.190393230000012, -37.64408598 ], [ 145.19035571, -37.64418427 ], [ 145.19031356, -37.64428185 ], [ 145.19026668, -37.64437838 ], [ 145.19020966, -37.64448141 ], [ 145.190145120000011, -37.64459073 ], [ 145.1899694, -37.64485399 ], [ 145.18984581, -37.64502882 ], [ 145.189712789999987, -37.64522343 ], [ 145.18964545, -37.64533118 ], [ 145.18958344, -37.64543936 ], [ 145.18953627, -37.64553327 ], [ 145.189500290000012, -37.64561491 ], [ 145.189472529999989, -37.64568478 ], [ 145.18944353, -37.64577256 ], [ 145.189404130000014, -37.64592499 ], [ 145.18938959, -37.64600569 ], [ 145.18937964, -37.64608377 ], [ 145.18937154, -37.64617962 ], [ 145.189370020000013, -37.64626999 ], [ 145.18937202, -37.64636988 ], [ 145.189380160000013, -37.6464732 ], [ 145.189392590000011, -37.64657288 ], [ 145.189408210000011, -37.64666703 ], [ 145.18943549, -37.64680867 ], [ 145.18951438, -37.64718642 ], [ 145.189536120000014, -37.64730869 ], [ 145.18956270000001, -37.64752106 ], [ 145.18956866, -37.64767256 ], [ 145.189566250000013, -37.64774841 ], [ 145.18956044, -37.64782907 ], [ 145.18955229, -37.64789852 ], [ 145.1895278, -37.64803432 ], [ 145.18950565, -37.648125 ], [ 145.18947103, -37.64823911 ], [ 145.18943546, -37.64834554 ], [ 145.18929426, -37.64874117 ], [ 145.18924314, -37.6489091 ], [ 145.18920617, -37.6490639 ], [ 145.18919435, -37.64913537 ], [ 145.189178840000011, -37.64926977 ], [ 145.18917427, -37.64941588 ], [ 145.18917679, -37.64950343 ], [ 145.18918566, -37.64959576 ], [ 145.18919885, -37.64969176 ], [ 145.18921408, -37.64977906 ], [ 145.1892873, -37.65014779 ], [ 145.18930857, -37.65029853 ], [ 145.189316530000013, -37.65042366 ], [ 145.18931469, -37.65054592 ], [ 145.18930497, -37.65063356 ], [ 145.189284, -37.65075959 ], [ 145.18926492, -37.65084509 ], [ 145.189243370000014, -37.65092488 ], [ 145.189160500000014, -37.65118667 ], [ 145.188234419999986, -37.65390669 ], [ 145.188165450000014, -37.65410002 ], [ 145.18810473, -37.65426149 ], [ 145.18804818000001, -37.65440094 ], [ 145.18799834, -37.65452094 ], [ 145.187943749999988, -37.65464005 ], [ 145.18789655, -37.65474 ], [ 145.18778014, -37.65497289 ], [ 145.18693962, -37.6565382 ], [ 145.186716170000011, -37.65695843 ], [ 145.18659344, -37.65718086 ], [ 145.18648758, -37.6573665 ], [ 145.186388060000013, -37.65752422 ], [ 145.186273840000013, -37.65769469 ], [ 145.186160089999987, -37.65785074 ], [ 145.18602913, -37.65801482 ], [ 145.18585615, -37.65821476 ], [ 145.18569334, -37.65838817 ], [ 145.185622020000011, -37.65845863 ], [ 145.18551596, -37.65855947 ], [ 145.18539435, -37.65867007 ], [ 145.18527565, -37.65877279 ], [ 145.18516437, -37.65886453 ], [ 145.184964470000011, -37.6590198 ], [ 145.18473125, -37.65918411 ], [ 145.18458704, -37.65927778 ], [ 145.18443878, -37.65937031 ], [ 145.18429397, -37.65945604 ], [ 145.18384075, -37.65971186 ], [ 145.183703720000011, -37.65979428 ], [ 145.18355277, -37.65989478 ], [ 145.1834565, -37.65996549 ], [ 145.1833752, -37.66003129 ], [ 145.18330721, -37.66009062 ], [ 145.18323295, -37.66016077 ], [ 145.18317158, -37.660223 ], [ 145.18311485000001, -37.66028548 ], [ 145.18306333000001, -37.66034804 ], [ 145.18300598, -37.66042187 ], [ 145.182948079999989, -37.66050443 ], [ 145.18287018, -37.66063093 ], [ 145.182806340000013, -37.66075243 ], [ 145.18274374, -37.66089286 ], [ 145.182673310000013, -37.66107536 ], [ 145.18168107, -37.66400536 ], [ 145.18140741, -37.66481801 ], [ 145.181300060000012, -37.66512854 ], [ 145.181230340000013, -37.66530491 ], [ 145.18113592, -37.66552264 ], [ 145.181024189999988, -37.66570638 ], [ 145.18089781, -37.66587224 ], [ 145.18079635, -37.66598342 ], [ 145.180592780000012, -37.66616242 ], [ 145.180432450000012, -37.66628404 ], [ 145.18027577, -37.66638626 ], [ 145.18006854, -37.66651103 ], [ 145.17975654, -37.66674279 ], [ 145.179162350000013, -37.66708626 ], [ 145.17867451, -37.66735991 ], [ 145.1783648, -37.66752104 ], [ 145.17802806, -37.66767031 ], [ 145.17766735, -37.66779352 ], [ 145.176865350000014, -37.66803391 ], [ 145.17570401, -37.66835968 ], [ 145.17320189, -37.66909653 ], [ 145.172524, -37.66930494 ], [ 145.17177425, -37.66952168 ], [ 145.17041095, -37.66993042 ], [ 145.168975890000013, -37.67034731 ], [ 145.16845658, -37.67049182 ], [ 145.16781165, -37.67070504 ], [ 145.167545249999989, -37.67081878 ], [ 145.167272880000013, -37.67094909 ], [ 145.16696321, -37.67113029 ], [ 145.16575404, -37.67191213 ], [ 145.16523917, -37.67222117 ], [ 145.16485468, -37.6724012 ], [ 145.16453335, -37.6725349 ], [ 145.16405698, -37.67267961 ], [ 145.16372934, -37.67275661 ], [ 145.16333418, -37.67282174 ], [ 145.16306789, -37.67284778 ], [ 145.162273230000011, -37.67291534 ], [ 145.161252710000014, -37.67298279 ], [ 145.16058672, -37.67303729 ], [ 145.160290589999988, -37.67307304 ], [ 145.160080349999987, -37.67310653 ], [ 145.159603550000014, -37.67317624 ], [ 145.15921402, -37.67325217 ], [ 145.1589567, -37.67330943 ], [ 145.15881248, -37.67334611 ], [ 145.15850799, -37.67342643 ], [ 145.15814694, -37.67353804 ], [ 145.15788926, -37.67362387 ], [ 145.15769293, -37.67368578 ], [ 145.157549069999988, -37.67372598 ], [ 145.15736655, -37.67378946 ], [ 145.156965649999989, -37.67396722 ], [ 145.156731549999989, -37.67408 ], [ 145.156331849999987, -37.67429157 ], [ 145.155918930000013, -37.6745425 ], [ 145.15568262, -37.67469922 ], [ 145.15544673, -37.67486605 ], [ 145.15517585, -37.67506738 ], [ 145.15492575, -37.67527678 ], [ 145.15459855, -37.6755642 ], [ 145.15347712, -37.67659476 ], [ 145.153119, -37.67691224 ], [ 145.152734470000013, -37.67727003 ], [ 145.15253845, -37.6774564 ], [ 145.15234124, -37.67766762 ], [ 145.15222662, -37.67780849 ], [ 145.15209275, -37.67798068 ], [ 145.151968470000014, -37.67816826 ], [ 145.151834369999989, -37.67840417 ], [ 145.1517417, -37.67860648 ], [ 145.15168534, -37.67876638 ], [ 145.15161502, -37.67898184 ], [ 145.15156147, -37.67921604 ], [ 145.151536459999988, -37.67938318 ], [ 145.15152298000001, -37.67951058 ], [ 145.1515102, -37.67977399 ], [ 145.151513279999989, -37.6799012 ], [ 145.151541040000012, -37.68019012 ], [ 145.15157308, -37.68034734 ], [ 145.15161534, -37.68051761 ], [ 145.15167835, -37.68072489 ], [ 145.151748379999987, -37.68091849 ], [ 145.15191789, -37.68125288 ], [ 145.15197165, -37.68133934 ], [ 145.15210239000001, -37.68152668 ], [ 145.15223111, -37.68169525 ], [ 145.152410769999989, -37.68189903 ], [ 145.152889499999986, -37.68236661 ], [ 145.15382367, -37.68321198 ], [ 145.15434765, -37.68367981 ], [ 145.154491900000011, -37.68381229 ], [ 145.15510563, -37.68436533 ], [ 145.15539149, -37.68464089 ], [ 145.15551506, -37.68480252 ], [ 145.15570553, -37.68506082 ], [ 145.15603653, -37.68553301 ], [ 145.1561384, -37.68575116 ], [ 145.15621633, -37.68599779 ], [ 145.15627622, -37.68623971 ], [ 145.15633617, -37.68655283 ], [ 145.15636613, -37.68679942 ], [ 145.15637815, -37.68706502 ], [ 145.15638408, -37.68729267 ], [ 145.15636615, -37.68757249 ], [ 145.15633017, -37.68787608 ], [ 145.156276240000011, -37.68820806 ], [ 145.15620915, -37.68848549 ], [ 145.15616824, -37.68860814 ], [ 145.156078040000011, -37.68884807 ], [ 145.15595192, -37.68913223 ], [ 145.15584046, -37.68935598 ], [ 145.155708260000011, -37.68959724 ], [ 145.154944269999987, -37.69091341 ], [ 145.15357967, -37.69320682 ], [ 145.15245352, -37.69516546 ], [ 145.15232635000001, -37.69550917 ], [ 145.15228002, -37.69580404 ], [ 145.152284009999988, -37.69611367 ], [ 145.15235311, -37.69645992 ], [ 145.15250326, -37.69681673 ], [ 145.15267232, -37.69707442 ], [ 145.15291749, -37.69734601 ], [ 145.153382529999988, -37.69776101 ], [ 145.154072430000014, -37.6983522 ], [ 145.154258059999989, -37.69852778 ], [ 145.15437836000001, -37.6986571 ], [ 145.15455671, -37.69887023 ], [ 145.15468415, -37.6990458 ], [ 145.15479901, -37.6992209 ], [ 145.15489015, -37.69937851 ], [ 145.15500745, -37.69962034 ], [ 145.15508971, -37.69983414 ], [ 145.155149380000012, -37.70002604 ], [ 145.15519665, -37.7002191 ], [ 145.15523235, -37.70043099 ], [ 145.15525645, -37.70065271 ], [ 145.155259089999987, -37.70088508 ], [ 145.15524957, -37.70107239 ], [ 145.15521134, -37.70134233 ], [ 145.15515099000001, -37.70159427 ], [ 145.15505625, -37.70187478 ], [ 145.15497062, -37.70206648 ], [ 145.15486375, -37.70227317 ], [ 145.15473805, -37.70248479 ], [ 145.154595519999987, -37.70267938 ], [ 145.154439700000012, -37.70286566 ], [ 145.15427764, -37.70304273 ], [ 145.15406633, -37.70323931 ], [ 145.15382978, -37.70343343 ], [ 145.15356293, -37.70362823 ], [ 145.15340498, -37.70373994 ], [ 145.15274736, -37.70419088 ], [ 145.15182543, -37.70482909 ], [ 145.15099115000001, -37.70541324 ], [ 145.150534, -37.70572889 ], [ 145.15011313, -37.70602266 ], [ 145.149780490000012, -37.70626644 ], [ 145.149654, -37.70636747 ], [ 145.149553160000011, -37.70645402 ], [ 145.14944885, -37.7065526 ], [ 145.14933145, -37.70667539 ], [ 145.14925107, -37.70676948 ], [ 145.14915133, -37.70689841 ], [ 145.14908981, -37.70699099 ], [ 145.1489685, -37.70719817 ], [ 145.148880960000014, -37.70738406 ], [ 145.14884774, -37.70746979 ], [ 145.14881381, -37.70757082 ], [ 145.148784760000012, -37.70767166 ], [ 145.148759250000012, -37.70777562 ], [ 145.14873597, -37.70789548 ], [ 145.14871527, -37.70809811 ], [ 145.1487107, -37.70819501 ], [ 145.14871104, -37.70829081 ], [ 145.14871879, -37.70846721 ], [ 145.14874315, -37.7087193 ], [ 145.14876216, -37.70888984 ], [ 145.148821059999989, -37.70936724 ], [ 145.148847319999987, -37.70959737 ], [ 145.148868959999987, -37.70981283 ], [ 145.14888242, -37.70997409 ], [ 145.148890810000012, -37.71012013 ], [ 145.14889444, -37.71024302 ], [ 145.14889259, -37.71044973 ], [ 145.14888041, -37.71066583 ], [ 145.14886306, -37.71081597 ], [ 145.14884125, -37.7109673 ], [ 145.14880937, -37.71115453 ], [ 145.148781, -37.7112871 ], [ 145.148749360000011, -37.71141872 ], [ 145.14869736, -37.7115986 ], [ 145.14865255, -37.71173542 ], [ 145.1485576, -37.711986 ], [ 145.148453280000012, -37.7122166 ], [ 145.148367439999987, -37.71238811 ], [ 145.14831648, -37.7124804 ], [ 145.14820151, -37.7126783 ], [ 145.14797508, -37.71304758 ], [ 145.14764817, -37.71358813 ], [ 145.14695536, -37.71473629 ], [ 145.146896410000011, -37.71482557 ], [ 145.14683944, -37.71490362 ], [ 145.14676651, -37.71499891 ], [ 145.14672171, -37.71505281 ], [ 145.146632430000011, -37.71515316 ], [ 145.14652258000001, -37.71525471 ], [ 145.146375080000013, -37.7153828 ], [ 145.146224960000012, -37.71550219 ], [ 145.14610749, -37.71558632 ], [ 145.14597158, -37.71567286 ], [ 145.14584276, -37.71574789 ], [ 145.14571403, -37.71581516 ], [ 145.145562289999987, -37.71588586 ], [ 145.14541601, -37.71594656 ], [ 145.1452476, -37.7160078 ], [ 145.14515519, -37.71603798 ], [ 145.14498506000001, -37.71608631 ], [ 145.14489486, -37.7161095 ], [ 145.14466662000001, -37.71616313 ], [ 145.142365399999989, -37.71667851 ], [ 145.142197900000014, -37.71671228 ], [ 145.14193666, -37.71675647 ], [ 145.141720279999987, -37.71678037 ], [ 145.14161685, -37.7167882 ], [ 145.14150709, -37.71679467 ], [ 145.14140402000001, -37.71679728 ], [ 145.14128341, -37.71679781 ], [ 145.1411646, -37.71679458 ], [ 145.140974379999989, -37.71678383 ], [ 145.140885200000014, -37.71677513 ], [ 145.14065272, -37.71674451 ], [ 145.14053332, -37.71672388 ], [ 145.1403167, -37.71667586 ], [ 145.140196659999987, -37.7166444 ], [ 145.14007548, -37.71660905 ], [ 145.13988773, -37.71654508 ], [ 145.13978167, -37.71650366 ], [ 145.13966763, -37.716455 ], [ 145.13954695000001, -37.71639938 ], [ 145.1394066, -37.71632732 ], [ 145.13927966, -37.71625448 ], [ 145.139202680000011, -37.71620722 ], [ 145.13913198, -37.71616248 ], [ 145.13896741, -37.71605201 ], [ 145.137754480000012, -37.71520301 ], [ 145.13755254, -37.71507167 ], [ 145.137392330000011, -37.71497757 ], [ 145.13723639, -37.71489427 ], [ 145.13706202, -37.71481266 ], [ 145.13685755, -37.71473273 ], [ 145.13675835, -37.71469854 ], [ 145.13667031, -37.71467173 ], [ 145.136470089999989, -37.71461693 ], [ 145.13635223, -37.71458929 ], [ 145.13623969, -37.71456669 ], [ 145.13613294000001, -37.7145486 ], [ 145.13594608, -37.71452231 ], [ 145.135705660000013, -37.71450084 ], [ 145.13545233, -37.71449179 ], [ 145.135254370000013, -37.7144964 ], [ 145.13502538, -37.71451216 ], [ 145.13493108, -37.71452247 ], [ 145.13471483, -37.7145551 ], [ 145.13452351, -37.71459316 ], [ 145.1343307, -37.71464103 ], [ 145.13425587, -37.71466193 ], [ 145.13408596, -37.71471502 ], [ 145.133968829999986, -37.71475778 ], [ 145.133867189999989, -37.71479834 ], [ 145.13365532, -37.71489142 ], [ 145.13344314, -37.71499693 ], [ 145.13211954, -37.71569386 ], [ 145.13185059, -37.71582794 ], [ 145.13163744, -37.71592657 ], [ 145.13139869, -37.71602841 ], [ 145.13118401, -37.71611089 ], [ 145.13107353, -37.71615087 ], [ 145.130908190000014, -37.716207 ], [ 145.130755310000012, -37.71625478 ], [ 145.13047475, -37.71633612 ], [ 145.130317749999989, -37.71637644 ], [ 145.130188229999987, -37.71640647 ], [ 145.12991532, -37.71646342 ], [ 145.12967919, -37.71650581 ], [ 145.12940183, -37.71654539 ], [ 145.1292282, -37.71656589 ], [ 145.12890313, -37.71659434 ], [ 145.12875549, -37.71660507 ], [ 145.128101320000013, -37.71664253 ], [ 145.12761206, -37.71666783 ], [ 145.127470100000011, -37.7166736 ], [ 145.12721437, -37.71667909 ], [ 145.12698624, -37.71667853 ], [ 145.12683, -37.71667469 ], [ 145.12653117, -37.71666156 ], [ 145.126167439999989, -37.71663046 ], [ 145.12593203, -37.71659932 ], [ 145.12569054, -37.7165615 ], [ 145.12544807, -37.71651808 ], [ 145.12518327, -37.71645971 ], [ 145.12498611, -37.71640971 ], [ 145.12482555, -37.71636606 ], [ 145.124675880000012, -37.71632231 ], [ 145.12443725, -37.71624786 ], [ 145.124285609999987, -37.71619678 ], [ 145.124081819999986, -37.7161264 ], [ 145.12395908, -37.71608091 ], [ 145.12246357, -37.71549871 ], [ 145.12216765, -37.71543334 ], [ 145.121972340000013, -37.71539589 ], [ 145.12132091, -37.71528449 ], [ 145.120451339999988, -37.71513643 ], [ 145.120108, -37.71509824 ], [ 145.119343320000013, -37.71502422 ], [ 145.11911519, -37.71499706 ], [ 145.1188907, -37.71496013 ], [ 145.118709489999986, -37.71492579 ], [ 145.11848016, -37.71487418 ], [ 145.11830357, -37.71482324 ], [ 145.11812787, -37.71476384 ], [ 145.117953269999987, -37.71469697 ], [ 145.11777962, -37.71462399 ], [ 145.11765379, -37.71456656 ], [ 145.117532, -37.71450604 ], [ 145.1174035, -37.71443774 ], [ 145.11727837, -37.71436617 ], [ 145.1171554, -37.71428968 ], [ 145.11702598, -37.7142038 ], [ 145.116801579999986, -37.71403826 ], [ 145.11668739000001, -37.71394668 ], [ 145.11657355, -37.713846 ], [ 145.11646137, -37.71374237 ], [ 145.116368349999988, -37.71364788 ], [ 145.11628238, -37.71355296 ], [ 145.11620536, -37.71346341 ], [ 145.116117050000014, -37.71335764 ], [ 145.11602395, -37.71323998 ], [ 145.11564795000001, -37.7127493 ], [ 145.11473161, -37.71152567 ], [ 145.11360875, -37.71004594 ], [ 145.1134476, -37.70983419 ], [ 145.113294419999988, -37.70963888 ], [ 145.11311451, -37.7094153 ], [ 145.11294396, -37.7092207 ], [ 145.11278411, -37.70904682 ], [ 145.11248529, -37.7087486 ], [ 145.112218539999986, -37.70850073 ], [ 145.11159217, -37.70798133 ], [ 145.11148644, -37.70788808 ], [ 145.11093179, -37.70738568 ], [ 145.110375080000011, -37.70689353 ], [ 145.1102966, -37.70681702 ], [ 145.11020753, -37.7067243 ], [ 145.11009784, -37.70659944 ], [ 145.11000182, -37.7064811 ], [ 145.1099135, -37.70636307 ], [ 145.10979867, -37.70619486 ], [ 145.10973123, -37.70608122 ], [ 145.10947895000001, -37.70567983 ], [ 145.10942709, -37.70560492 ], [ 145.109349509999987, -37.70550202 ], [ 145.109217050000012, -37.70533993 ], [ 145.10852416, -37.70452565 ], [ 145.108353889999989, -37.70433006 ], [ 145.10792945, -37.70383443 ], [ 145.10783926, -37.70373701 ], [ 145.10772904, -37.70362403 ], [ 145.10752545, -37.70343187 ], [ 145.10745556, -37.70337018 ], [ 145.10712978, -37.70309882 ], [ 145.10685346, -37.70289396 ], [ 145.10665438, -37.70276558 ], [ 145.106505879999986, -37.70267731 ], [ 145.10637976000001, -37.70260571 ], [ 145.10627888, -37.70255389 ], [ 145.106137249999989, -37.70248529 ], [ 145.10579949000001, -37.70234197 ], [ 145.10573244, -37.70231566 ], [ 145.10510051, -37.70208111 ], [ 145.10472994, -37.7019387 ], [ 145.10454729, -37.70186016 ], [ 145.104417719999987, -37.7017994 ], [ 145.10428176, -37.70173107 ], [ 145.10415335, -37.70166033 ], [ 145.104015550000014, -37.70157971 ], [ 145.10390071, -37.70150631 ], [ 145.103777259999987, -37.70142321 ], [ 145.10363292, -37.70131914 ], [ 145.10299002, -37.70083891 ], [ 145.10285986, -37.70074372 ], [ 145.10270319, -37.70063377 ], [ 145.10250828, -37.70051086 ], [ 145.10242804, -37.70046406 ], [ 145.10226789, -37.70037929 ], [ 145.10212256, -37.70030954 ], [ 145.10200375, -37.7002586 ], [ 145.101803749999988, -37.70017977 ], [ 145.10163449, -37.70012324 ], [ 145.10147783, -37.70007539 ], [ 145.10104105, -37.69995949 ], [ 145.100358989999989, -37.69978799 ], [ 145.10011841, -37.6997222 ], [ 145.09996947, -37.69967807 ], [ 145.09966399000001, -37.69957762 ], [ 145.099314709999987, -37.69944212 ], [ 145.09904857, -37.69933293 ], [ 145.09881974000001, -37.69924209 ], [ 145.09867164, -37.69918789 ], [ 145.09854242, -37.69914453 ], [ 145.09839853, -37.69910318 ], [ 145.09827105, -37.69907184 ], [ 145.09813774, -37.69904229 ], [ 145.09797955, -37.69901432 ], [ 145.0978014, -37.69899117 ], [ 145.09763439, -37.69897559 ], [ 145.09747368, -37.69896641 ], [ 145.09732041, -37.69896331 ], [ 145.097158470000011, -37.69896664 ], [ 145.09700307, -37.69897639 ], [ 145.09686412, -37.69898992 ], [ 145.096671570000012, -37.69901484 ], [ 145.09647078, -37.69904737 ], [ 145.09613558, -37.69911099 ], [ 145.09581465, -37.69917574 ], [ 145.09566307, -37.69920844 ], [ 145.09550728, -37.69924648 ], [ 145.09527067, -37.69931809 ], [ 145.09515403, -37.69935937 ], [ 145.095022519999986, -37.69941051 ], [ 145.09478905, -37.69951866 ], [ 145.09466956, -37.69958288 ], [ 145.09456585, -37.69964213 ], [ 145.0944097, -37.69974279 ], [ 145.094250890000012, -37.69985882 ], [ 145.09415295, -37.69993636 ], [ 145.09401528, -37.70005481 ], [ 145.0938035, -37.70024587 ], [ 145.092303930000014, -37.70162263 ], [ 145.09212825, -37.7017856 ], [ 145.091931609999989, -37.70197411 ], [ 145.09172261, -37.70218494 ], [ 145.09160725000001, -37.70230888 ], [ 145.091482180000014, -37.70244907 ], [ 145.09136991, -37.7025809 ], [ 145.091251699999987, -37.70272742 ], [ 145.091163920000014, -37.70284207 ], [ 145.0909839, -37.70308996 ], [ 145.09091849, -37.70318578 ], [ 145.09065567, -37.70359752 ], [ 145.089279690000012, -37.70577471 ], [ 145.089058349999988, -37.70612061 ], [ 145.08885725, -37.70641556 ], [ 145.08863064, -37.70671046 ], [ 145.08834234, -37.70705329 ], [ 145.08793057, -37.70746387 ], [ 145.08775886, -37.70762186 ], [ 145.08660065, -37.70855428 ], [ 145.08589487, -37.70908733 ], [ 145.085484439999988, -37.70940546 ], [ 145.085188, -37.70964001 ], [ 145.084913089999986, -37.70986697 ], [ 145.084676949999988, -37.71008132 ], [ 145.084477209999989, -37.71027868 ], [ 145.084205, -37.71058102 ], [ 145.084018609999987, -37.71079753 ], [ 145.0837099, -37.71114272 ], [ 145.083467430000013, -37.71140427 ], [ 145.08312805, -37.71173319 ], [ 145.0829604, -37.7118998 ], [ 145.08254804, -37.7123227 ], [ 145.08208255, -37.71283467 ], [ 145.081914329999989, -37.7130101 ], [ 145.08157244, -37.71334798 ], [ 145.081103039999988, -37.71374688 ], [ 145.080618859999987, -37.71409911 ], [ 145.08038151, -37.71425819 ], [ 145.07997522, -37.71451923 ], [ 145.07950532000001, -37.71481419 ], [ 145.07937365, -37.71490082 ], [ 145.07914129, -37.71506402 ], [ 145.07902342, -37.71515186 ], [ 145.078806359999987, -37.71532911 ], [ 145.07871595, -37.71540793 ], [ 145.078528369999987, -37.71558574 ], [ 145.078430950000012, -37.71568563 ], [ 145.07834678, -37.7157778 ], [ 145.0782706, -37.71586758 ], [ 145.07821014000001, -37.71594194 ], [ 145.0780691, -37.71612727 ], [ 145.077949460000013, -37.71629682 ], [ 145.077863470000011, -37.71642834 ], [ 145.07765034, -37.71676931 ], [ 145.07746405, -37.71705952 ], [ 145.07724946, -37.71735125 ], [ 145.0771153, -37.71751182 ], [ 145.07695804, -37.71768364 ], [ 145.07680245, -37.71783899 ], [ 145.07661263, -37.71801109 ], [ 145.07644117000001, -37.71815266 ], [ 145.07629148, -37.71826422 ], [ 145.07613304, -37.71837636 ], [ 145.07597988, -37.71847759 ], [ 145.07575619, -37.71861218 ], [ 145.07562415000001, -37.71868591 ], [ 145.07539692, -37.71880413 ], [ 145.07499866, -37.71899859 ], [ 145.074396119999989, -37.71928777 ], [ 145.07284395, -37.72002932 ], [ 145.07207071, -37.72040383 ], [ 145.07196682, -37.72045954 ], [ 145.07173432, -37.72059218 ], [ 145.07157275, -37.72069759 ], [ 145.07137665, -37.72083533 ], [ 145.07125627, -37.72093177 ], [ 145.07109001, -37.72107802 ], [ 145.070972790000013, -37.72118803 ], [ 145.070846210000013, -37.72132213 ], [ 145.07073089, -37.72145091 ], [ 145.070567860000011, -37.72166507 ], [ 145.07044507, -37.72183267 ], [ 145.07017418, -37.72222422 ], [ 145.07009667, -37.72234326 ], [ 145.069968460000013, -37.72255331 ], [ 145.06987736, -37.72271917 ], [ 145.06977914, -37.72291898 ], [ 145.06973295, -37.72301979 ], [ 145.069703659999988, -37.72309059 ], [ 145.069636480000014, -37.72326144 ], [ 145.0695794, -37.72341921 ], [ 145.06953464, -37.72356997 ], [ 145.06949175, -37.72373157 ], [ 145.06944723, -37.72392992 ], [ 145.06941673, -37.72408677 ], [ 145.069391450000012, -37.72425623 ], [ 145.06935175000001, -37.72455721 ], [ 145.069214210000013, -37.72563766 ], [ 145.069163229999987, -37.72607157 ], [ 145.06911967, -37.72640754 ], [ 145.06902105, -37.72721187 ], [ 145.068929950000012, -37.72755239 ], [ 145.06883457, -37.72820149 ], [ 145.06872196, -37.72861844 ], [ 145.068611979999986, -37.72898216 ], [ 145.068404070000014, -37.72949884 ], [ 145.06825258, -37.72993154 ], [ 145.06819027, -37.7300721 ], [ 145.06815881, -37.73013449 ], [ 145.06811452, -37.73023181 ], [ 145.06784782, -37.73082737 ], [ 145.067685250000011, -37.73118419 ], [ 145.0672595, -37.73214051 ], [ 145.06695248, -37.73281534 ], [ 145.06651865, -37.73378494 ], [ 145.06593236, -37.73508323 ], [ 145.06581276, -37.73536244 ], [ 145.065733310000013, -37.73555922 ], [ 145.06566152, -37.73574964 ], [ 145.0655839, -37.73599376 ], [ 145.06552706, -37.73619821 ], [ 145.065486639999989, -37.73636022 ], [ 145.065442069999989, -37.73655991 ], [ 145.06540947, -37.73674403 ], [ 145.065355790000012, -37.7371714 ], [ 145.06533572, -37.73754146 ], [ 145.065335659999988, -37.7378576 ], [ 145.06536651, -37.73827654 ], [ 145.06547115, -37.73903914 ], [ 145.065577139999988, -37.7397804 ], [ 145.06565065, -37.74032197 ], [ 145.065674949999988, -37.74047404 ], [ 145.065746139999987, -37.74097826 ], [ 145.06578395, -37.74116921 ], [ 145.06589645, -37.74165627 ], [ 145.06596185, -37.74190787 ], [ 145.06613909, -37.74262823 ], [ 145.066207420000012, -37.74289367 ], [ 145.06627186, -37.74316067 ], [ 145.06633251, -37.74341166 ], [ 145.066531309999988, -37.74420672 ], [ 145.0666372, -37.74464256 ], [ 145.06672382, -37.74504276 ], [ 145.06679202, -37.74544447 ], [ 145.066827319999987, -37.74571009 ], [ 145.06685411, -37.74595421 ], [ 145.06687506, -37.74624817 ], [ 145.066886430000011, -37.746496 ], [ 145.06689259, -37.74675213 ], [ 145.06688534, -37.74715278 ], [ 145.066876369999989, -37.74732746 ], [ 145.06685085, -37.74770212 ], [ 145.06677421, -37.74859287 ], [ 145.066619980000013, -37.75046321 ], [ 145.06654174, -37.7513762 ], [ 145.066520379999986, -37.75156879 ], [ 145.06650749, -37.75166258 ], [ 145.06647197, -37.75185016 ], [ 145.06645316, -37.75193619 ], [ 145.066419810000014, -37.75206163 ], [ 145.066385950000011, -37.75218084 ], [ 145.06635855, -37.75226547 ], [ 145.0662902, -37.75244071 ], [ 145.06620344000001, -37.7526343 ], [ 145.06610211, -37.75282928 ], [ 145.06601852, -37.75297102 ], [ 145.06592547, -37.75311395 ], [ 145.065830299999988, -37.75325109 ], [ 145.06572143, -37.75338682 ], [ 145.065598990000012, -37.75352963 ], [ 145.06548055, -37.753658 ], [ 145.06537064, -37.7537684 ], [ 145.065162969999989, -37.75395009 ], [ 145.06480875, -37.75423644 ], [ 145.06338387, -37.7552832 ], [ 145.06285945, -37.75566291 ], [ 145.06227399, -37.75609333 ], [ 145.06216741, -37.75617566 ], [ 145.06196775, -37.75632378 ], [ 145.06169178, -37.75652507 ], [ 145.06146788, -37.75670559 ], [ 145.06087779, -37.75716045 ], [ 145.0607195, -37.75727996 ], [ 145.059592189999989, -37.75815079 ], [ 145.0595159, -37.75821198 ], [ 145.05913218, -37.75850504 ], [ 145.0585281, -37.75897326 ], [ 145.05804529, -37.75936561 ], [ 145.057647050000014, -37.75973142 ], [ 145.057346630000012, -37.76004198 ], [ 145.056885240000014, -37.76059554 ], [ 145.05634613, -37.7612475 ], [ 145.05553881, -37.76224424 ], [ 145.05535645, -37.76244562 ], [ 145.055121750000012, -37.762682 ], [ 145.05486563, -37.76292587 ], [ 145.05451962, -37.76321638 ], [ 145.0541347, -37.76351003 ], [ 145.053860039999989, -37.76370709 ], [ 145.05129817, -37.76554454 ], [ 145.05035016, -37.76623152 ], [ 145.04826873, -37.76772953 ], [ 145.04786579, -37.76798564 ], [ 145.04759812, -37.76811008 ], [ 145.0473303, -37.76821414 ], [ 145.04541172, -37.76890806 ], [ 145.044207910000011, -37.76934228 ], [ 145.04371176, -37.76952897 ], [ 145.04334698, -37.76969332 ], [ 145.04311912, -37.76981841 ], [ 145.04288104, -37.76997396 ], [ 145.04270727, -37.77011419 ], [ 145.04252766, -37.77028702 ], [ 145.042310429999986, -37.770517 ], [ 145.04215807, -37.77070634 ], [ 145.03955704, -37.77375218 ], [ 145.03930291, -37.77405904 ], [ 145.03869805, -37.7747529 ], [ 145.03858335000001, -37.77488734 ], [ 145.03790744, -37.77567886 ], [ 145.03754127, -37.77603134 ], [ 145.03721266, -37.77628154 ], [ 145.03688148, -37.77648708 ], [ 145.03653684, -37.77666518 ], [ 145.03624982, -37.77678503 ], [ 145.03572535, -37.77694507 ], [ 145.03454125, -37.77733086 ], [ 145.03385458, -37.7775747 ], [ 145.032731109999986, -37.77794274 ], [ 145.03261115, -37.77797949 ], [ 145.031270009999986, -37.77841173 ], [ 145.0297951, -37.77888696 ], [ 145.02932568, -37.77901212 ], [ 145.02892745, -37.77908629 ], [ 145.02843393, -37.77914878 ], [ 145.02805269000001, -37.77915582 ], [ 145.025055939999987, -37.77918303 ], [ 145.02027376, -37.77918764 ], [ 145.01809505, -37.77918623 ], [ 145.01698418, -37.77918962 ], [ 145.016170179999989, -37.77919006 ], [ 145.012726789999988, -37.77920294 ], [ 145.0082567, -37.77920971 ], [ 145.00228629, -37.77921981 ], [ 145.00197807, -37.77923504 ], [ 145.0018356, -37.77924641 ], [ 145.00167753, -37.77926833 ], [ 145.00147628, -37.7793043 ], [ 145.00131785, -37.77933937 ], [ 145.00115564, -37.77938402 ], [ 145.00097252, -37.77944246 ], [ 145.00078296, -37.77951188 ], [ 145.00057075, -37.77960443 ], [ 145.00042101, -37.77967957 ], [ 145.00026377, -37.77976729 ], [ 145.0000942, -37.77987454 ], [ 144.999987440000012, -37.77995176 ], [ 144.99985202, -37.78005553 ], [ 144.9996791, -37.78020697 ], [ 144.99949412, -37.78038857 ], [ 144.99934448, -37.78055689 ], [ 144.99925478, -37.78065774 ], [ 144.99912258, -37.7808151 ], [ 144.99903128, -37.78093322 ], [ 144.998925430000014, -37.78108156 ], [ 144.99879607, -37.78127654 ], [ 144.998684090000012, -37.78147957 ], [ 144.998462960000012, -37.78190261 ], [ 144.9982714, -37.78228984 ], [ 144.99807328, -37.78266362 ], [ 144.9978748, -37.78302144 ], [ 144.99735561, -37.78392786 ], [ 144.99715805, -37.78425938 ], [ 144.99616027, -37.78585337 ], [ 144.99606373, -37.78601808 ], [ 144.99602256, -37.78609633 ], [ 144.99597965000001, -37.78619238 ], [ 144.995920969999986, -37.78634278 ], [ 144.995877220000011, -37.78647442 ], [ 144.99584292, -37.78662154 ], [ 144.99581199, -37.78677449 ], [ 144.995755699999989, -37.78708858 ], [ 144.99571498, -37.7872802 ], [ 144.99566163, -37.78750657 ], [ 144.99561857, -37.78771744 ], [ 144.99541795, -37.78889683 ], [ 144.99527692, -37.78967386 ], [ 144.99518443, -37.78999969 ], [ 144.99513696, -37.79022643 ], [ 144.99510534, -37.79042181 ], [ 144.99506550000001, -37.79077394 ], [ 144.99506402, -37.79092523 ], [ 144.995059059999988, -37.79103319 ], [ 144.995060779999989, -37.79110397 ], [ 144.99503915, -37.79137053 ], [ 144.995045370000014, -37.79163198 ], [ 144.995082669999988, -37.79184827 ], [ 144.99515609, -37.79222432 ], [ 144.99518722, -37.79236246 ], [ 144.99523559, -37.79260633 ], [ 144.9952667, -37.79277899 ], [ 144.995288140000014, -37.79297698 ], [ 144.99530822, -37.7931964 ], [ 144.99531356, -37.79341052 ], [ 144.99530145, -37.7937451 ], [ 144.995281440000014, -37.7939478 ], [ 144.99516995, -37.79464378 ], [ 144.994930829999987, -37.79609539 ], [ 144.99467784, -37.7975637 ], [ 144.99466125, -37.79792128 ], [ 144.99446137000001, -37.79908401 ], [ 144.99419975, -37.80061057 ], [ 144.9941952, -37.80071584 ], [ 144.994207460000013, -37.80126577 ], [ 144.99421612, -37.8013865 ], [ 144.99422119, -37.80151419 ], [ 144.994213660000014, -37.80171259 ], [ 144.99419529, -37.80193829 ], [ 144.994183740000011, -37.80203759 ], [ 144.99410892, -37.80252773 ], [ 144.99407632, -37.80272507 ], [ 144.99382884, -37.80415193 ], [ 144.99381021, -37.80428643 ], [ 144.99378954, -37.80440395 ], [ 144.99364545, -37.80522896 ], [ 144.99346517, -37.80632101 ], [ 144.99328021, -37.80739702 ], [ 144.993237920000013, -37.80762078 ], [ 144.99320877, -37.80774483 ], [ 144.9931756, -37.80787097 ], [ 144.9931231, -37.80802706 ], [ 144.9929942, -37.80834938 ], [ 144.992900529999986, -37.80859534 ], [ 144.99281145, -37.80886508 ], [ 144.99277976, -37.80899908 ], [ 144.99273695, -37.80920409 ], [ 144.99262815, -37.80984099 ], [ 144.992539709999988, -37.81038894 ], [ 144.992521470000014, -37.81048775 ], [ 144.99243386, -37.8109629 ], [ 144.99239913, -37.81116309 ], [ 144.99198053, -37.81360797 ], [ 144.99194655, -37.81377618 ], [ 144.991905730000013, -37.81396221 ], [ 144.99186225, -37.81411196 ], [ 144.99179523, -37.81429637 ], [ 144.99173033, -37.81445721 ], [ 144.991639850000013, -37.81463933 ], [ 144.991551640000012, -37.81479237 ], [ 144.991519720000014, -37.81484293 ], [ 144.99145895, -37.81493913 ], [ 144.991369600000013, -37.81506719 ], [ 144.99126897, -37.81519633 ], [ 144.991181360000013, -37.81529793 ], [ 144.99099594, -37.81549176 ], [ 144.99091551, -37.81557159 ], [ 144.99058781, -37.81588051 ], [ 144.99022352, -37.81613518 ], [ 144.98996688, -37.81624498 ], [ 144.98977427, -37.8163437 ], [ 144.98956102, -37.81643658 ], [ 144.98945344, -37.81647872 ], [ 144.989303119999988, -37.81653428 ], [ 144.989023049999986, -37.81663223 ], [ 144.988857599999989, -37.81668411 ], [ 144.98856375, -37.81676272 ], [ 144.98821449, -37.81682326 ], [ 144.98802762, -37.81684413 ], [ 144.98782868, -37.81686217 ], [ 144.98757710000001, -37.81686887 ], [ 144.98731202, -37.81687092 ], [ 144.987022239999988, -37.81685794 ], [ 144.98676207, -37.8168379 ], [ 144.98591013, -37.81674403 ], [ 144.98510256, -37.81665208 ], [ 144.98389164, -37.81652105 ], [ 144.982995499999987, -37.81641946 ], [ 144.98228699, -37.81633162 ], [ 144.98154906, -37.81625229 ], [ 144.981058780000012, -37.81621027 ], [ 144.98075431, -37.81619027 ], [ 144.98037205, -37.81616118 ], [ 144.97985566, -37.81611024 ], [ 144.97609503000001, -37.81568906 ], [ 144.975791969999989, -37.81566358 ], [ 144.97553919, -37.81565229 ], [ 144.975374210000012, -37.81565342 ], [ 144.9752646, -37.8156573 ], [ 144.97516539, -37.81566272 ], [ 144.97503604, -37.81567383 ], [ 144.97491175, -37.81568701 ], [ 144.97478414, -37.81570491 ], [ 144.974619350000012, -37.81573254 ], [ 144.97455341, -37.81574708 ], [ 144.9740338, -37.81588062 ], [ 144.97387326, -37.81592742 ], [ 144.97363385, -37.81599197 ], [ 144.97289613, -37.81617537 ], [ 144.972318840000014, -37.8163326 ], [ 144.97099466, -37.81672127 ], [ 144.97021405000001, -37.81696852 ], [ 144.96961529, -37.8171834 ], [ 144.96931902, -37.81728301 ], [ 144.96789512, -37.81767821 ], [ 144.96728920000001, -37.81782222 ], [ 144.96584544000001, -37.81824057 ], [ 144.96573876, -37.81827414 ], [ 144.96498692, -37.81849438 ], [ 144.9648487, -37.81853876 ] ] } },
{ "type": "Feature", "properties": { "SHORT_NAME": "Lilydale" }, "geometry": { "type": "LineString", "coordinates": [ [ 145.34769791, -37.75537791 ], [ 145.347538, -37.75551473 ], [ 145.34743015, -37.75561731 ], [ 145.34728078, -37.755775 ], [ 145.34712608000001, -37.75595308 ], [ 145.346845660000014, -37.75628656 ], [ 145.34663845, -37.7565232 ], [ 145.345697589999986, -37.7574334 ], [ 145.344944950000013, -37.75813832 ], [ 145.34479083, -37.75827431 ], [ 145.3443609, -37.75862282 ], [ 145.34381986, -37.75911278 ], [ 145.34043373, -37.76233516 ], [ 145.339567679999988, -37.76314263 ], [ 145.339135950000014, -37.76352317 ], [ 145.338689319999986, -37.76383907 ], [ 145.33813951, -37.76421019 ], [ 145.337784129999989, -37.76446572 ], [ 145.337477009999986, -37.76472121 ], [ 145.33718334, -37.76502439 ], [ 145.33693915, -37.76534358 ], [ 145.336734009999986, -37.76566801 ], [ 145.33658785, -37.76596912 ], [ 145.33647523, -37.76629351 ], [ 145.33638126, -37.76672279 ], [ 145.33574927, -37.77005923 ], [ 145.335595, -37.7708586 ], [ 145.33550247, -37.77126348 ], [ 145.33538171, -37.77159577 ], [ 145.33526113, -37.77186461 ], [ 145.33503292, -37.772239 ], [ 145.33471258, -37.77261624 ], [ 145.3343585, -37.77295334 ], [ 145.334043439999988, -37.77319068 ], [ 145.33371753, -37.77340056 ], [ 145.33339034, -37.77357132 ], [ 145.33236828, -37.77408119 ], [ 145.33094942, -37.77480659 ], [ 145.3302897, -37.775127 ], [ 145.329753180000012, -37.77540094 ], [ 145.32865618, -37.77593414 ], [ 145.327711959999988, -37.77640271 ], [ 145.327344579999988, -37.77661262 ], [ 145.32686177, -37.7769157 ], [ 145.32651035, -37.77716801 ], [ 145.32611338000001, -37.777486 ], [ 145.32577283, -37.7777892 ], [ 145.325410690000012, -37.7781686 ], [ 145.3246677, -37.77899122 ], [ 145.324050840000012, -37.77964837 ], [ 145.32383087, -37.77988577 ], [ 145.32355465, -37.78012544 ], [ 145.32333474, -37.78032464 ], [ 145.32278284, -37.7806989 ], [ 145.32228681, -37.78100258 ], [ 145.32165432, -37.78136974 ], [ 145.32093892, -37.78181809 ], [ 145.31951976, -37.78268538 ], [ 145.31882846, -37.78309639 ], [ 145.31855798, -37.78327124 ], [ 145.31818026, -37.78348872 ], [ 145.31777477, -37.78374366 ], [ 145.31757214000001, -37.78386604 ], [ 145.317354599999987, -37.78399027 ], [ 145.31712514, -37.78410379 ], [ 145.316889370000013, -37.7842101 ], [ 145.31657453, -37.78432348 ], [ 145.31634245, -37.78439227 ], [ 145.316030360000013, -37.78447441 ], [ 145.315783610000011, -37.78451901 ], [ 145.315568649999989, -37.78454919 ], [ 145.315367259999988, -37.78457164 ], [ 145.31369461, -37.78473101 ], [ 145.31277223, -37.78481937 ], [ 145.31234465, -37.78485623 ], [ 145.312119849999988, -37.78486978 ], [ 145.31184939, -37.78487338 ], [ 145.31154701, -37.78486752 ], [ 145.3112382, -37.78484488 ], [ 145.31090181, -37.78480194 ], [ 145.310617650000012, -37.78474902 ], [ 145.3103147, -37.78467348 ], [ 145.31006842, -37.78459802 ], [ 145.30939186, -37.78437355 ], [ 145.30661361, -37.78342927 ], [ 145.306341370000013, -37.78334199 ], [ 145.30622685, -37.78330997 ], [ 145.30592974000001, -37.78323261 ], [ 145.3057157, -37.78318781 ], [ 145.30547212, -37.78314843 ], [ 145.30528587, -37.78312449 ], [ 145.305029600000012, -37.78309872 ], [ 145.304670750000014, -37.78309004 ], [ 145.30436186, -37.78309109 ], [ 145.30401888, -37.78312319 ], [ 145.30362845, -37.78318444 ], [ 145.30321405, -37.78327563 ], [ 145.30283312, -37.78339316 ], [ 145.30141691, -37.78387337 ], [ 145.29946686, -37.78454224 ], [ 145.29909496, -37.78468603 ], [ 145.29577801, -37.78581869 ], [ 145.29198046, -37.78712083 ], [ 145.29128257, -37.78736549 ], [ 145.29095085, -37.7874991 ], [ 145.29058265, -37.78767824 ], [ 145.290158319999989, -37.78794776 ], [ 145.2898217, -37.78820513 ], [ 145.28955754, -37.78845202 ], [ 145.289330760000013, -37.7887181 ], [ 145.28905777, -37.78909192 ], [ 145.288582100000013, -37.78978427 ], [ 145.28839496, -37.7900494 ], [ 145.28812521, -37.79039578 ], [ 145.2877296, -37.79086101 ], [ 145.28725749, -37.791339 ], [ 145.286920939999987, -37.79162196 ], [ 145.286627970000012, -37.79185174 ], [ 145.28632944, -37.79207126 ], [ 145.285907650000013, -37.79234216 ], [ 145.28423228, -37.793311 ], [ 145.28373195, -37.79355912 ], [ 145.2832957, -37.79378627 ], [ 145.282465519999988, -37.79422721 ], [ 145.28163815, -37.7946744 ], [ 145.280869630000012, -37.79511001 ], [ 145.28060517, -37.79526981 ], [ 145.28043642, -37.79537171 ], [ 145.27968944, -37.79580844 ], [ 145.279219970000014, -37.796086 ], [ 145.27886473, -37.79631071 ], [ 145.278373789999989, -37.79663708 ], [ 145.27792521, -37.79692919 ], [ 145.27658897, -37.79770821 ], [ 145.27628465, -37.79790103 ], [ 145.275972059999987, -37.79813204 ], [ 145.27567092000001, -37.79836411 ], [ 145.27546132, -37.79853723 ], [ 145.27521035, -37.79876039 ], [ 145.27502263, -37.79893527 ], [ 145.27489245000001, -37.79907314 ], [ 145.274715539999988, -37.79928612 ], [ 145.27444214, -37.79962864 ], [ 145.273988589999988, -37.80022067 ], [ 145.27362985, -37.80075488 ], [ 145.27231422, -37.80264788 ], [ 145.27203566, -37.80299653 ], [ 145.27181681, -37.80323431 ], [ 145.2714961, -37.80353917 ], [ 145.27134645000001, -37.80366377 ], [ 145.27098605, -37.80394588 ], [ 145.27057524, -37.8042423 ], [ 145.26926989, -37.80516354 ], [ 145.26798641, -37.80606617 ], [ 145.26725283, -37.80657799 ], [ 145.26695784, -37.80674326 ], [ 145.26667348, -37.80689589 ], [ 145.266339570000014, -37.80705914 ], [ 145.26600036, -37.80719681 ], [ 145.26510976, -37.80747118 ], [ 145.263939740000012, -37.80780793 ], [ 145.26309343, -37.80805798 ], [ 145.26058565, -37.80878159 ], [ 145.25904642, -37.80924406 ], [ 145.25805628, -37.80952763 ], [ 145.25729752, -37.80975298 ], [ 145.25481725, -37.81047579 ], [ 145.25338656, -37.81089879 ], [ 145.2525769, -37.81109946 ], [ 145.251930249999987, -37.8112328 ], [ 145.25145034, -37.81134229 ], [ 145.25115201, -37.81141546 ], [ 145.25091459, -37.81147844 ], [ 145.25077273, -37.81152076 ], [ 145.25002156, -37.81174581 ], [ 145.24865336, -37.81213751 ], [ 145.24738211, -37.81252153 ], [ 145.24686803, -37.81268249 ], [ 145.24653053, -37.81280228 ], [ 145.245952069999987, -37.81302429 ], [ 145.24497541, -37.81337716 ], [ 145.24415772, -37.81361731 ], [ 145.24365484, -37.81376023 ], [ 145.24320903, -37.81386803 ], [ 145.242787420000013, -37.81395601 ], [ 145.24236851, -37.814026 ], [ 145.24166524, -37.81411112 ], [ 145.24105502, -37.81414824 ], [ 145.24063257, -37.81415662 ], [ 145.240249049999989, -37.81415242 ], [ 145.23950609, -37.81411004 ], [ 145.23870015, -37.81404121 ], [ 145.2369392, -37.81387157 ], [ 145.23577823, -37.81377578 ], [ 145.235470819999989, -37.81375243 ], [ 145.23518583, -37.81373716 ], [ 145.23487035, -37.81373793 ], [ 145.23457041, -37.81375353 ], [ 145.23412294, -37.8138017 ], [ 145.23383322, -37.81386531 ], [ 145.233520739999989, -37.81395002 ], [ 145.232970920000014, -37.81413121 ], [ 145.23211605, -37.81450437 ], [ 145.2317813, -37.81464606 ], [ 145.23108346, -37.81496461 ], [ 145.23063406, -37.81515982 ], [ 145.230331220000011, -37.81529694 ], [ 145.23021334, -37.8153569 ], [ 145.22997436, -37.81548399 ], [ 145.22904773, -37.81589209 ], [ 145.22821337, -37.81625634 ], [ 145.22809422, -37.81630312 ], [ 145.22782633, -37.81639867 ], [ 145.22769028, -37.81645367 ], [ 145.22528578, -37.81751134 ], [ 145.224676859999988, -37.81773909 ], [ 145.22402913, -37.81794571 ], [ 145.22345382, -37.8180887 ], [ 145.223097059999986, -37.8181565 ], [ 145.22261706, -37.81823811 ], [ 145.22206043, -37.81830271 ], [ 145.22145828, -37.8183567 ], [ 145.22049744, -37.81842149 ], [ 145.22035265, -37.81842831 ], [ 145.218628529999989, -37.8185294 ], [ 145.217612300000013, -37.81860631 ], [ 145.21635296, -37.81868259 ], [ 145.21537417, -37.81874716 ], [ 145.21458574, -37.81879459 ], [ 145.21360537000001, -37.81885876 ], [ 145.212848369999989, -37.81890279 ], [ 145.212534049999988, -37.81891568 ], [ 145.21219985, -37.81892422 ], [ 145.21183019, -37.81892329 ], [ 145.21143853, -37.81891662 ], [ 145.21104832, -37.81890132 ], [ 145.21077084, -37.81888467 ], [ 145.21024843, -37.81884438 ], [ 145.20214836, -37.81818792 ], [ 145.198429979999986, -37.81789777 ], [ 145.196689170000013, -37.81775054 ], [ 145.19610555, -37.81771448 ], [ 145.19563485, -37.81771592 ], [ 145.19520775, -37.81774199 ], [ 145.19465868, -37.81781739 ], [ 145.19418955, -37.81788509 ], [ 145.1927382, -37.81811597 ], [ 145.191901449999989, -37.8182484 ], [ 145.19166307, -37.81828259 ], [ 145.19106192000001, -37.81838312 ], [ 145.19036619, -37.81847643 ], [ 145.189705300000014, -37.8185253 ], [ 145.18902125, -37.81855921 ], [ 145.18841361, -37.81859934 ], [ 145.185635240000011, -37.81901429 ], [ 145.1853558, -37.81906414 ], [ 145.183960219999989, -37.81927902 ], [ 145.18295214, -37.81941541 ], [ 145.182306430000011, -37.81949772 ], [ 145.181712370000014, -37.81958183 ], [ 145.1800771, -37.81983666 ], [ 145.17935035, -37.81995258 ], [ 145.178645069999988, -37.82005009 ], [ 145.17838085, -37.82007656 ], [ 145.17647373, -37.82029316 ], [ 145.17608887, -37.82034226 ], [ 145.17536475, -37.82044324 ], [ 145.174921180000013, -37.82052802 ], [ 145.17480778, -37.82055167 ], [ 145.174069190000012, -37.82068658 ], [ 145.173101190000011, -37.82086866 ], [ 145.17141921000001, -37.82117726 ], [ 145.17092699, -37.8212536 ], [ 145.17015193, -37.82136476 ], [ 145.16795625, -37.82170308 ], [ 145.16765812, -37.82174512 ], [ 145.16734759, -37.82178337 ], [ 145.16706186, -37.82181118 ], [ 145.16667171, -37.821839 ], [ 145.16636867, -37.82184996 ], [ 145.16588601, -37.8218519 ], [ 145.1653579, -37.82183124 ], [ 145.16500843, -37.82180399 ], [ 145.1646211, -37.82176379 ], [ 145.162403930000011, -37.82148751 ], [ 145.16081637, -37.82129474 ], [ 145.157815879999987, -37.82092358 ], [ 145.15720027, -37.82084447 ], [ 145.152820850000012, -37.82030434 ], [ 145.152356020000013, -37.82026587 ], [ 145.15204552, -37.8202527 ], [ 145.15167686, -37.82024367 ], [ 145.150944040000013, -37.82023667 ], [ 145.15006843, -37.82022481 ], [ 145.14977486, -37.82022083 ], [ 145.14910353, -37.82021704 ], [ 145.148262460000012, -37.82018219 ], [ 145.14722314, -37.82007941 ], [ 145.14447768, -37.81978186 ], [ 145.14420586, -37.81976208 ], [ 145.143927569999988, -37.81975571 ], [ 145.143754550000011, -37.8197556 ], [ 145.14347378, -37.81977577 ], [ 145.143252960000012, -37.81980176 ], [ 145.14305575, -37.81983281 ], [ 145.14286095, -37.81987218 ], [ 145.14253277, -37.8199619 ], [ 145.142188690000012, -37.82007813 ], [ 145.14188425, -37.82020851 ], [ 145.14134465, -37.8204882 ], [ 145.1408878, -37.82071593 ], [ 145.14022595, -37.82104523 ], [ 145.13982877, -37.8212355 ], [ 145.139505789999987, -37.82136171 ], [ 145.139172300000013, -37.82146323 ], [ 145.13883891, -37.82153826 ], [ 145.13856887, -37.82158301 ], [ 145.13820535, -37.821618 ], [ 145.1378157, -37.82162139 ], [ 145.13745272, -37.8216033 ], [ 145.137000410000013, -37.82154577 ], [ 145.132031360000013, -37.82081251 ], [ 145.13145259, -37.8207242 ], [ 145.13076168, -37.82061446 ], [ 145.13015293, -37.82051251 ], [ 145.12955199000001, -37.82041618 ], [ 145.12835209, -37.82024932 ], [ 145.12766093, -37.82016281 ], [ 145.12603456, -37.81994652 ], [ 145.12553567, -37.81987648 ], [ 145.12482949, -37.8197689 ], [ 145.123699679999987, -37.81960284 ], [ 145.12183413, -37.81934392 ], [ 145.12069901000001, -37.81918649 ], [ 145.1178993, -37.81873118 ], [ 145.116815190000011, -37.81850703 ], [ 145.1164023, -37.81843788 ], [ 145.11606325, -37.81838631 ], [ 145.115688760000012, -37.81834391 ], [ 145.11525153, -37.81829771 ], [ 145.11489835, -37.81827953 ], [ 145.11461657000001, -37.81826799 ], [ 145.11406455, -37.81823734 ], [ 145.11355101, -37.81821722 ], [ 145.11303331, -37.81820866 ], [ 145.112345260000012, -37.81822457 ], [ 145.11056427, -37.81828388 ], [ 145.10988093, -37.81830211 ], [ 145.10914212, -37.8183262 ], [ 145.10875413, -37.81834989 ], [ 145.1083433, -37.8183961 ], [ 145.108086429999986, -37.81843632 ], [ 145.10773042, -37.81852017 ], [ 145.10741106, -37.81860552 ], [ 145.107106069999986, -37.81871074 ], [ 145.10690883, -37.81878706 ], [ 145.10665074, -37.81889772 ], [ 145.10630597, -37.81908359 ], [ 145.10605329, -37.81923543 ], [ 145.10501058, -37.81993033 ], [ 145.104437960000013, -37.82033188 ], [ 145.10133448, -37.82244564 ], [ 145.104437960000013, -37.82033188 ], [ 145.10501058, -37.81993033 ], [ 145.10605329, -37.81923543 ], [ 145.10630597, -37.81908359 ], [ 145.10665074, -37.81889772 ], [ 145.10690883, -37.81878706 ], [ 145.107106069999986, -37.81871074 ], [ 145.10741106, -37.81860552 ], [ 145.10773042, -37.81852017 ], [ 145.108086429999986, -37.81843632 ], [ 145.1083433, -37.8183961 ], [ 145.10875413, -37.81834989 ], [ 145.10914212, -37.8183262 ], [ 145.10988093, -37.81830211 ], [ 145.11056427, -37.81828388 ], [ 145.112345260000012, -37.81822457 ], [ 145.11303331, -37.81820866 ], [ 145.11355101, -37.81821722 ], [ 145.11406455, -37.81823734 ], [ 145.11461657000001, -37.81826799 ], [ 145.11489835, -37.81827953 ], [ 145.11525153, -37.81829771 ], [ 145.115688760000012, -37.81834391 ], [ 145.11606325, -37.81838631 ], [ 145.1164023, -37.81843788 ], [ 145.116815190000011, -37.81850703 ], [ 145.1178993, -37.81873118 ], [ 145.11644421, -37.81848271 ], [ 145.11616946, -37.81844019 ], [ 145.11595326, -37.8184097 ], [ 145.115719469999988, -37.81838253 ], [ 145.11535204, -37.81834799 ], [ 145.11489115, -37.81831709 ], [ 145.1138058, -37.81826267 ], [ 145.113341819999988, -37.81825001 ], [ 145.11234819, -37.81826581 ], [ 145.11222888, -37.8182711 ], [ 145.110998880000011, -37.81830302 ], [ 145.109046510000013, -37.8183691 ], [ 145.10858883, -37.81840807 ], [ 145.10829604, -37.81844473 ], [ 145.10809445000001, -37.81848277 ], [ 145.10787457, -37.81852943 ], [ 145.107559220000013, -37.81861331 ], [ 145.107107649999989, -37.81875979 ], [ 145.106825500000014, -37.81886962 ], [ 145.106507349999987, -37.81902293 ], [ 145.106253110000011, -37.81916917 ], [ 145.1060381, -37.81929656 ], [ 145.10562954, -37.81956008 ], [ 145.10505228, -37.81996128 ], [ 145.10437694, -37.82042561 ], [ 145.103662289999988, -37.82092076 ], [ 145.103182729999986, -37.82130793 ], [ 145.10249597, -37.82178694 ], [ 145.10073795, -37.8229716 ], [ 145.09961684000001, -37.82368943 ], [ 145.099346090000012, -37.823836 ], [ 145.099060150000014, -37.82397252 ], [ 145.09868149, -37.82414484 ], [ 145.098351009999988, -37.82428576 ], [ 145.09794542, -37.82442277 ], [ 145.09718257, -37.824659 ], [ 145.096779489999989, -37.82476017 ], [ 145.09638518, -37.82484248 ], [ 145.0959466, -37.82491451 ], [ 145.095486, -37.8249724 ], [ 145.09490956, -37.82501516 ], [ 145.09448845, -37.82503529 ], [ 145.09405132, -37.82503741 ], [ 145.09351084, -37.82502046 ], [ 145.09295031, -37.82497074 ], [ 145.092561280000012, -37.8249228 ], [ 145.09053803, -37.82459306 ], [ 145.08995221, -37.82449317 ], [ 145.089514509999987, -37.82442957 ], [ 145.08865302000001, -37.82429609 ], [ 145.08827037, -37.82423004 ], [ 145.087793440000013, -37.82412379 ], [ 145.08710814, -37.8239654 ], [ 145.086683349999987, -37.82388587 ], [ 145.08597918000001, -37.82376303 ], [ 145.08556606, -37.82370252 ], [ 145.085277850000011, -37.82367088 ], [ 145.08492243, -37.82365501 ], [ 145.084604539999987, -37.82365074 ], [ 145.08422714, -37.82366767 ], [ 145.08398972, -37.82368886 ], [ 145.08370666, -37.82372598 ], [ 145.08332846, -37.82380021 ], [ 145.08285908, -37.82392937 ], [ 145.08249734, -37.82406533 ], [ 145.08199564, -37.82425839 ], [ 145.081695380000014, -37.82439372 ], [ 145.08158683, -37.82443927 ], [ 145.08086161, -37.82476089 ], [ 145.07968743, -37.82528219 ], [ 145.07924617, -37.82546541 ], [ 145.07866424, -37.82566238 ], [ 145.07831149, -37.82574927 ], [ 145.07794444000001, -37.82581771 ], [ 145.07765702, -37.82585628 ], [ 145.0773552, -37.82588073 ], [ 145.07693554, -37.82589226 ], [ 145.07654118, -37.8258796 ], [ 145.07636691, -37.82586576 ], [ 145.07595505, -37.82582659 ], [ 145.0752498, -37.8257673 ], [ 145.07123979, -37.82552694 ], [ 145.071061390000011, -37.82551942 ], [ 145.07068586, -37.82551633 ], [ 145.07015891, -37.82553851 ], [ 145.06998927, -37.82555628 ], [ 145.06998632, -37.825552 ], [ 145.069662670000014, -37.82558959 ], [ 145.06937989, -37.82562866 ], [ 145.06909758, -37.82568017 ], [ 145.06896905, -37.8257078 ], [ 145.068262440000012, -37.8258751 ], [ 145.06800164, -37.82592949 ], [ 145.067873240000011, -37.82595171 ], [ 145.06759194, -37.82599504 ], [ 145.06746517, -37.82601152 ], [ 145.06702173, -37.82605949 ], [ 145.06692039, -37.82607242 ], [ 145.06672608, -37.82610384 ], [ 145.06650335, -37.82614929 ], [ 145.06591072, -37.82629339 ], [ 145.06568546, -37.82634421 ], [ 145.06552794000001, -37.8263765 ], [ 145.065274460000012, -37.82642019 ], [ 145.06514461, -37.82643707 ], [ 145.06501087, -37.82645074 ], [ 145.06484728, -37.82646301 ], [ 145.06207905, -37.82655419 ], [ 145.0617921, -37.82653937 ], [ 145.06158161, -37.82653383 ], [ 145.060753440000013, -37.82656066 ], [ 145.06040676, -37.82656666 ], [ 145.05856669, -37.82657373 ], [ 145.057735220000012, -37.82657931 ], [ 145.05750224, -37.82657745 ], [ 145.05735705, -37.82657271 ], [ 145.05717271, -37.82656201 ], [ 145.05689784, -37.8265417 ], [ 145.0567562, -37.82652728 ], [ 145.056563250000011, -37.82649824 ], [ 145.0563644, -37.82646017 ], [ 145.05626976, -37.82643833 ], [ 145.05611045, -37.82639569 ], [ 145.05597587, -37.82635066 ], [ 145.05572804, -37.82626077 ], [ 145.055497550000013, -37.82616432 ], [ 145.05536905, -37.82610398 ], [ 145.05520246, -37.8260185 ], [ 145.05511156, -37.82596708 ], [ 145.05497323, -37.82588269 ], [ 145.05489011, -37.82582887 ], [ 145.0547559, -37.825735 ], [ 145.054681140000014, -37.82567898 ], [ 145.054548250000011, -37.82557369 ], [ 145.05448877, -37.82552386 ], [ 145.05435614000001, -37.82540442 ], [ 145.05422771, -37.82528082 ], [ 145.05410286, -37.82515088 ], [ 145.05380359, -37.82482682 ], [ 145.053721810000013, -37.82473508 ], [ 145.05360234, -37.8246164 ], [ 145.05351583, -37.82453621 ], [ 145.05339029000001, -37.82442833 ], [ 145.05330486, -37.8243587 ], [ 145.05319659, -37.82427652 ], [ 145.053105030000012, -37.82421121 ], [ 145.05291127000001, -37.82408382 ], [ 145.052803430000012, -37.82401967 ], [ 145.05262561, -37.82392094 ], [ 145.052434729999987, -37.82382631 ], [ 145.052310330000012, -37.82376991 ], [ 145.05212443, -37.82369339 ], [ 145.051902610000013, -37.82361339 ], [ 145.05179761, -37.82357966 ], [ 145.05172063, -37.82355631 ], [ 145.051524699999987, -37.82350269 ], [ 145.051334020000013, -37.82345672 ], [ 145.05104402, -37.82339893 ], [ 145.05085347, -37.82336514 ], [ 145.04907995, -37.82306568 ], [ 145.047373850000014, -37.82276497 ], [ 145.04693336, -37.82269702 ], [ 145.04631803, -37.82261579 ], [ 145.04605099, -37.82258379 ], [ 145.04517352, -37.82247847 ], [ 145.04466450000001, -37.82242046 ], [ 145.044344880000011, -37.82238739 ], [ 145.04404294, -37.82236021 ], [ 145.04372909, -37.82233679 ], [ 145.04300988, -37.82229212 ], [ 145.04257485, -37.82225876 ], [ 145.04233145, -37.82223912 ], [ 145.04199895, -37.8222034 ], [ 145.04004914, -37.82196558 ], [ 145.039093079999986, -37.82183413 ], [ 145.03860824, -37.82177694 ], [ 145.03841202000001, -37.82175637 ], [ 145.03814846, -37.82173873 ], [ 145.03756848, -37.82170924 ], [ 145.037265569999988, -37.82169752 ], [ 145.03693075000001, -37.8216768 ], [ 145.03661395, -37.82164511 ], [ 145.036534569999986, -37.82163514 ], [ 145.035969560000012, -37.82155957 ], [ 145.03569965, -37.82153317 ], [ 145.035021050000012, -37.8214484 ], [ 145.034753239999986, -37.82141987 ], [ 145.034468870000012, -37.82139457 ], [ 145.0342354, -37.82137797 ], [ 145.03378264, -37.8213577 ], [ 145.03308139, -37.82133896 ], [ 145.03276205, -37.8213256 ], [ 145.03246174, -37.82131049 ], [ 145.03201347000001, -37.82127119 ], [ 145.031518620000014, -37.82121479 ], [ 145.030079879999988, -37.82103636 ], [ 145.02955237, -37.82096499 ], [ 145.02879784000001, -37.82084377 ], [ 145.028463, -37.82079427 ], [ 145.02778045, -37.82070913 ], [ 145.027498259999987, -37.82067917 ], [ 145.02717227, -37.82065127 ], [ 145.027011359999989, -37.82064433 ], [ 145.02684957, -37.82064063 ], [ 145.026690620000011, -37.8206413 ], [ 145.02637493, -37.82065764 ], [ 145.02619805, -37.8206745 ], [ 145.02599439, -37.82069866 ], [ 145.02580115, -37.82072841 ], [ 145.025568639999989, -37.82076966 ], [ 145.02535168, -37.82081549 ], [ 145.02514559, -37.82086701 ], [ 145.02492439, -37.82093548 ], [ 145.0247278, -37.82100554 ], [ 145.02458152, -37.82106347 ], [ 145.024251959999987, -37.82121231 ], [ 145.023910480000012, -37.82139871 ], [ 145.02372714, -37.82150873 ], [ 145.023589500000014, -37.82160051 ], [ 145.02335105, -37.82176602 ], [ 145.0229683, -37.82204752 ], [ 145.0228138, -37.82216208 ], [ 145.02264161, -37.82228418 ], [ 145.02180396, -37.82292734 ], [ 145.0212564, -37.82331727 ], [ 145.02071, -37.82369767 ], [ 145.020293259999988, -37.82399166 ], [ 145.01976122, -37.82434427 ], [ 145.019203299999987, -37.82468319 ], [ 145.01864538, -37.82498831 ], [ 145.01803603, -37.82533412 ], [ 145.01763255, -37.8255646 ], [ 145.01685146, -37.8260188 ], [ 145.01590742, -37.82658831 ], [ 145.015418110000013, -37.82687979 ], [ 145.014980400000013, -37.82708996 ], [ 145.01461135, -37.8272391 ], [ 145.01423365, -37.827368 ], [ 145.01382168, -37.82750352 ], [ 145.01352982, -37.82759169 ], [ 145.01316938, -37.82768663 ], [ 145.01284324, -37.82776124 ], [ 145.01249132, -37.82782217 ], [ 145.01202779, -37.82787644 ], [ 145.01140976, -37.8279171 ], [ 145.01104085, -37.82791708 ], [ 145.010506889999988, -37.8278986 ], [ 145.00976126, -37.82782544 ], [ 145.009286519999989, -37.82776821 ], [ 145.00813252, -37.82764136 ], [ 145.00663646000001, -37.82747527 ], [ 145.00554986, -37.82737748 ], [ 145.004690040000014, -37.82730487 ], [ 145.00415066, -37.82725202 ], [ 145.003739919999987, -37.82720631 ], [ 145.00315226, -37.82713633 ], [ 145.002865109999988, -37.82710839 ], [ 145.00211393, -37.82702679 ], [ 144.998249249999986, -37.82659608 ], [ 144.995647, -37.82631146 ], [ 144.995061349999986, -37.82624328 ], [ 144.994629089999989, -37.82619572 ], [ 144.99425955000001, -37.82613103 ], [ 144.993951110000012, -37.82604656 ], [ 144.99367469, -37.82594561 ], [ 144.99341035, -37.82582287 ], [ 144.99317186, -37.8256893 ], [ 144.992925109999987, -37.8255209 ], [ 144.99200696, -37.82480593 ], [ 144.99185836, -37.82468408 ], [ 144.99147173, -37.8244248 ], [ 144.9912251, -37.82428172 ], [ 144.991002009999988, -37.8241713 ], [ 144.99077749, -37.82407591 ], [ 144.99059104, -37.82400911 ], [ 144.990182800000014, -37.82388913 ], [ 144.98933684, -37.82365975 ], [ 144.98805386, -37.82331224 ], [ 144.98682509, -37.82302674 ], [ 144.98650816, -37.82293337 ], [ 144.986296399999986, -37.82286216 ], [ 144.9860529, -37.82276752 ], [ 144.985412919999987, -37.82250108 ], [ 144.98442053, -37.82206757 ], [ 144.98378749, -37.82177196 ], [ 144.98345089, -37.82160038 ], [ 144.98275353, -37.8212222 ], [ 144.98214997, -37.82086688 ], [ 144.98171546, -37.8205862 ], [ 144.98141782, -37.82039023 ], [ 144.9810315, -37.82014227 ], [ 144.980259030000013, -37.81969096 ], [ 144.98005201, -37.8195671 ], [ 144.97927445, -37.81916526 ], [ 144.978896170000013, -37.81895231 ], [ 144.97817071, -37.81852747 ], [ 144.97759675, -37.81820437 ], [ 144.97742771, -37.81810062 ], [ 144.97722386, -37.81796924 ], [ 144.9768336, -37.81770012 ], [ 144.97650771, -37.81747021 ], [ 144.976231469999988, -37.8172901 ], [ 144.97597129, -37.81713756 ], [ 144.975676240000013, -37.81699353 ], [ 144.97539332, -37.81687484 ], [ 144.97511835, -37.81677738 ], [ 144.97487693, -37.81670736 ], [ 144.97456381, -37.816626 ], [ 144.97423461, -37.81657176 ], [ 144.97369851, -37.81650622 ], [ 144.973581700000011, -37.81649916 ], [ 144.97341928, -37.81649393 ], [ 144.973092009999988, -37.81649794 ], [ 144.972782310000014, -37.81651973 ], [ 144.97261647, -37.8165358 ], [ 144.97247533, -37.81655428 ], [ 144.9721951, -37.8165992 ], [ 144.97191476, -37.81666079 ], [ 144.97156895, -37.81675279 ], [ 144.97123849, -37.81684821 ], [ 144.97092867, -37.81694903 ], [ 144.97068257, -37.81701697 ], [ 144.970508849999987, -37.81706787 ], [ 144.968141050000014, -37.81776573 ], [ 144.96690317, -37.81812096 ], [ 144.96647295, -37.81823753 ] ] } },
{ "type": "Feature", "properties": { "SHORT_NAME": "Mernda" }, "geometry": { "type": "LineString", "coordinates": [ [ 145.10102558, -37.60232015 ], [ 145.10046305, -37.60484993 ], [ 145.10040853000001, -37.60510527 ], [ 145.098788399999989, -37.61236258 ], [ 145.098626950000011, -37.61311908 ], [ 145.09814135, -37.61525976 ], [ 145.09795521, -37.61612211 ], [ 145.097862889999988, -37.61665514 ], [ 145.097806100000014, -37.61709618 ], [ 145.0977701, -37.61745528 ], [ 145.09771268, -37.6182723 ], [ 145.09764472, -37.61931167 ], [ 145.09761850000001, -37.6199494 ], [ 145.097618180000012, -37.62015748 ], [ 145.09760706, -37.62086494 ], [ 145.09745149, -37.6232339 ], [ 145.09741348, -37.62381359 ], [ 145.09737919, -37.62429221 ], [ 145.097333350000014, -37.62483671 ], [ 145.09729284, -37.62521682 ], [ 145.097217809999989, -37.62582186 ], [ 145.097159979999986, -37.62635238 ], [ 145.09689001000001, -37.63014423 ], [ 145.09685291, -37.63051016 ], [ 145.09663425, -37.63192974 ], [ 145.096328269999987, -37.63385792 ], [ 145.09603951, -37.63562568 ], [ 145.09597634, -37.63593811 ], [ 145.09585506, -37.63640541 ], [ 145.09580076, -37.63662777 ], [ 145.09555986, -37.63735026 ], [ 145.09537375, -37.63775506 ], [ 145.095303410000014, -37.63791767 ], [ 145.09502928, -37.63867613 ], [ 145.094713320000011, -37.63984729 ], [ 145.09443479, -37.64096354 ], [ 145.09438089, -37.64118816 ], [ 145.094285750000012, -37.64146492 ], [ 145.09418367, -37.64171209 ], [ 145.0940625, -37.6419522 ], [ 145.09395275, -37.64214897 ], [ 145.09384264, -37.64232887 ], [ 145.09363582, -37.64261194 ], [ 145.09338152, -37.64289937 ], [ 145.09317536, -37.64312116 ], [ 145.09219803, -37.64403487 ], [ 145.090986539999989, -37.64516504 ], [ 145.090881059999987, -37.64525678 ], [ 145.09063052, -37.6454583 ], [ 145.090451879999989, -37.64558707 ], [ 145.09022396, -37.64573767 ], [ 145.09002777, -37.64585264 ], [ 145.08973119, -37.64601492 ], [ 145.08944756, -37.6461456 ], [ 145.0891574, -37.64626536 ], [ 145.08883357, -37.64637646 ], [ 145.0885208, -37.64646746 ], [ 145.08823428, -37.64653806 ], [ 145.08802553000001, -37.64658127 ], [ 145.087772230000013, -37.64662457 ], [ 145.08753074, -37.64665859 ], [ 145.08104941, -37.64744452 ], [ 145.0740194, -37.64833027 ], [ 145.07241596, -37.64853523 ], [ 145.07178026, -37.6486127 ], [ 145.07115855, -37.6486923 ], [ 145.06950343, -37.64888781 ], [ 145.06842644, -37.64901879 ], [ 145.067898430000014, -37.64908647 ], [ 145.06772156, -37.64910637 ], [ 145.06683131, -37.64921714 ], [ 145.048618440000013, -37.65146237 ], [ 145.048001950000014, -37.65153129 ], [ 145.04755511, -37.65157526 ], [ 145.04722712, -37.65160426 ], [ 145.046775849999989, -37.65164022 ], [ 145.046282780000013, -37.65167081 ], [ 145.04573152, -37.65169862 ], [ 145.037247439999987, -37.65208186 ], [ 145.036804749999988, -37.65209747 ], [ 145.03642582, -37.6521063 ], [ 145.03442504, -37.65212623 ], [ 145.03375123, -37.652146 ], [ 145.0322927, -37.65220891 ], [ 145.030835560000014, -37.65227092 ], [ 145.030564129999988, -37.6523082 ], [ 145.03033395, -37.65234554 ], [ 145.02998631, -37.6524185 ], [ 145.029716549999989, -37.65251691 ], [ 145.029284, -37.65272309 ], [ 145.028664459999987, -37.65303068 ], [ 145.026886139999988, -37.65393323 ], [ 145.02647037, -37.65417744 ], [ 145.0262399, -37.65433238 ], [ 145.026001220000012, -37.65451926 ], [ 145.02578119, -37.65472952 ], [ 145.025577379999987, -37.65494817 ], [ 145.02526364, -37.65534106 ], [ 145.02500067, -37.65567867 ], [ 145.02479962000001, -37.65590808 ], [ 145.02461976, -37.65610342 ], [ 145.02442936, -37.65628183 ], [ 145.02418529, -37.65648781 ], [ 145.02389033, -37.65671502 ], [ 145.02320903, -37.65722044 ], [ 145.02269401, -37.65759833 ], [ 145.02237483, -37.65785325 ], [ 145.02212537, -37.65806553 ], [ 145.02193502, -37.65824168 ], [ 145.021280819999987, -37.65892526 ], [ 145.02088562, -37.6593193 ], [ 145.02042732000001, -37.65979682 ], [ 145.02034386, -37.65988734 ], [ 145.02015065, -37.66008552 ], [ 145.01984094, -37.66043557 ], [ 145.01959098, -37.66072976 ], [ 145.01928124, -37.66113226 ], [ 145.01900348, -37.66152133 ], [ 145.01874075, -37.66192039 ], [ 145.01850348, -37.66234663 ], [ 145.018285600000013, -37.66277276 ], [ 145.01815595, -37.66306563 ], [ 145.01801264, -37.66341541 ], [ 145.01792802, -37.66363073 ], [ 145.017836249999988, -37.66388828 ], [ 145.01777755, -37.66407087 ], [ 145.017721349999988, -37.66426999 ], [ 145.01767254, -37.66446401 ], [ 145.017641950000012, -37.66461661 ], [ 145.017551239999989, -37.66513301 ], [ 145.017487569999986, -37.66545953 ], [ 145.01744793, -37.66563667 ], [ 145.01739917, -37.66581627 ], [ 145.01735045, -37.66596848 ], [ 145.01730115, -37.66611283 ], [ 145.017194350000011, -37.66638554 ], [ 145.017015719999989, -37.66680169 ], [ 145.01686268, -37.66718032 ], [ 145.01675648, -37.66749017 ], [ 145.01661056, -37.66797608 ], [ 145.01643564, -37.66854179 ], [ 145.01634456, -37.66886262 ], [ 145.016246, -37.66918341 ], [ 145.016154050000011, -37.66955424 ], [ 145.01609267, -37.66981537 ], [ 145.016050549999989, -37.67001779 ], [ 145.01601487, -37.67020383 ], [ 145.01561056, -37.67262604 ], [ 145.01557105, -37.67283644 ], [ 145.015400949999986, -37.67389303 ], [ 145.01508314, -37.6758121 ], [ 145.014870190000011, -37.6770802 ], [ 145.0147443, -37.67781292 ], [ 145.0143311, -37.68031842 ], [ 145.0139788, -37.68243554 ], [ 145.013947550000012, -37.68259542 ], [ 145.01390286, -37.68279122 ], [ 145.013852140000012, -37.68297538 ], [ 145.01379158, -37.68317137 ], [ 145.013692639999988, -37.68347512 ], [ 145.01361787, -37.68368933 ], [ 145.01349694000001, -37.68408653 ], [ 145.01345285, -37.68426413 ], [ 145.0134022, -37.68450516 ], [ 145.0132987, -37.68511173 ], [ 145.01311297, -37.68624122 ], [ 145.01286051, -37.68774639 ], [ 145.01274199, -37.68849464 ], [ 145.012602030000011, -37.68931976 ], [ 145.01255322, -37.68959326 ], [ 145.012469720000013, -37.69012978 ], [ 145.01239802, -37.69053006 ], [ 145.01231647, -37.69108697 ], [ 145.012290799999988, -37.69132608 ], [ 145.01225697000001, -37.69178593 ], [ 145.01223589, -37.6924822 ], [ 145.01215005, -37.69357301 ], [ 145.012126349999988, -37.69375132 ], [ 145.011767819999989, -37.69593059 ], [ 145.01162509, -37.69679856 ], [ 145.01143549, -37.6978376 ], [ 145.011335800000012, -37.69825758 ], [ 145.01122727, -37.69865588 ], [ 145.01103709, -37.69926189 ], [ 145.010984079999986, -37.69944592 ], [ 145.010882149999986, -37.69983081 ], [ 145.01081542, -37.70011239 ], [ 145.01068969, -37.70081032 ], [ 145.01043139, -37.70236034 ], [ 145.01026274, -37.70329709 ], [ 145.00972202, -37.7063422 ], [ 145.00968096, -37.70658411 ], [ 145.00964585, -37.70681531 ], [ 145.00961511, -37.7070993 ], [ 145.00959586, -37.70735653 ], [ 145.00956836, -37.70763841 ], [ 145.00954529, -37.7078179 ], [ 145.00952483, -37.70793399 ], [ 145.00947654, -37.70817452 ], [ 145.009436419999986, -37.70835543 ], [ 145.00922437, -37.70932334 ], [ 145.00905935, -37.71008954 ], [ 145.00894888, -37.71065678 ], [ 145.00881425, -37.71140196 ], [ 145.00862135, -37.71249708 ], [ 145.00858385, -37.71275392 ], [ 145.00845561, -37.7138659 ], [ 145.008416219999987, -37.71409963 ], [ 145.00838773000001, -37.71424848 ], [ 145.00833456, -37.71445071 ], [ 145.00825853, -37.71468896 ], [ 145.00817238, -37.7149065 ], [ 145.008083809999988, -37.71510038 ], [ 145.0079499, -37.71535189 ], [ 145.007888079999987, -37.7154616 ], [ 145.00774223, -37.71571436 ], [ 145.007535100000013, -37.71606521 ], [ 145.00735386, -37.71638964 ], [ 145.00715225, -37.71672886 ], [ 145.00679084, -37.71733718 ], [ 145.00648736, -37.71787097 ], [ 145.00586057000001, -37.71891954 ], [ 145.00532242, -37.71975503 ], [ 145.00490373, -37.72044628 ], [ 145.004719709999989, -37.72079724 ], [ 145.0045671, -37.72111936 ], [ 145.0043954, -37.721531 ], [ 145.00427613, -37.72184917 ], [ 145.00406154, -37.72255667 ], [ 145.00385096, -37.72348277 ], [ 145.00351032, -37.72505166 ], [ 145.00293656, -37.7277676 ], [ 145.00285046, -37.72813418 ], [ 145.00277663, -37.72847079 ], [ 145.00260443, -37.72925488 ], [ 145.00232082, -37.73059988 ], [ 145.00205922, -37.73179674 ], [ 145.00165401000001, -37.73368796 ], [ 145.00154873, -37.73434107 ], [ 145.00108695, -37.73654566 ], [ 145.00104762, -37.73689808 ], [ 145.00096062, -37.73742822 ], [ 145.00087978, -37.73782247 ], [ 145.000639580000012, -37.73887982 ], [ 145.00049192, -37.73953013 ], [ 145.00019215, -37.74090288 ], [ 145.000095069999986, -37.74139391 ], [ 145.000061100000011, -37.74168198 ], [ 145.000042079999986, -37.7420808 ], [ 145.00008018, -37.74241939 ], [ 145.00012464, -37.74270718 ], [ 145.00041019, -37.74401776 ], [ 145.00045617, -37.74436712 ], [ 145.000469329999987, -37.7444981 ], [ 145.000471440000013, -37.74477778 ], [ 145.00045774, -37.74505079 ], [ 145.00024041, -37.74636212 ], [ 144.99989581, -37.74844171 ], [ 144.999843520000013, -37.74868504 ], [ 144.99975366000001, -37.7492191 ], [ 144.999680719999986, -37.74958464 ], [ 144.999343610000011, -37.75091268 ], [ 144.99922174, -37.7513585 ], [ 144.99898015, -37.75275106 ], [ 144.99861013, -37.75502983 ], [ 144.99847083, -37.75587341 ], [ 144.99818471, -37.75751862 ], [ 144.9976365, -37.76076278 ], [ 144.997564610000012, -37.76117268 ], [ 144.997326500000014, -37.76264802 ], [ 144.99719245, -37.76337146 ], [ 144.997072229999986, -37.76407866 ], [ 144.99696888, -37.76468628 ], [ 144.99692178, -37.76494673 ], [ 144.996904199999989, -37.76507251 ], [ 144.99679157, -37.76554426 ], [ 144.99656589, -37.7665748 ], [ 144.99645357, -37.76706458 ], [ 144.996394650000013, -37.76730843 ], [ 144.99629891, -37.7676169 ], [ 144.996010969999986, -37.76833782 ], [ 144.99575119, -37.7689527 ], [ 144.995711730000011, -37.76904349 ], [ 144.99567038, -37.76912867 ], [ 144.995298139999989, -37.7698386 ], [ 144.9945734, -37.77122446 ], [ 144.994403080000012, -37.77158284 ], [ 144.994270910000012, -37.77190268 ], [ 144.99415359, -37.77229522 ], [ 144.99384387, -37.77381998 ], [ 144.993429350000014, -37.77576047 ], [ 144.99327327, -37.77656527 ], [ 144.9930448, -37.77764947 ], [ 144.99302318, -37.77776058 ], [ 144.99289936, -37.77839659 ], [ 144.992829879999988, -37.77874047 ], [ 144.99276267, -37.7789794 ], [ 144.99264954, -37.77923702 ], [ 144.99247915, -37.77950861 ], [ 144.992290059999988, -37.77973664 ], [ 144.99215333, -37.77986786 ], [ 144.99160114, -37.78028849 ], [ 144.99115083, -37.78064489 ], [ 144.99093305, -37.78086296 ], [ 144.99079626, -37.78108421 ], [ 144.99073665, -37.78133994 ], [ 144.99073657, -37.78151468 ], [ 144.990758449999987, -37.7816377 ], [ 144.99080181, -37.78177236 ], [ 144.990913150000011, -37.78196278 ], [ 144.99104266, -37.78211946 ], [ 144.99141705, -37.78246243 ], [ 144.99161466000001, -37.78263306 ], [ 144.992487219999987, -37.78323902 ], [ 144.993189480000012, -37.783727 ], [ 144.994452020000011, -37.78459273 ], [ 144.99489057, -37.78491967 ], [ 144.995038029999989, -37.78504708 ], [ 144.99512184, -37.78513079 ], [ 144.99520042, -37.78521458 ], [ 144.99531074, -37.78534677 ], [ 144.99542612, -37.78550608 ], [ 144.995530910000014, -37.78568756 ], [ 144.99559577, -37.78582132 ], [ 144.99565314, -37.78597559 ], [ 144.99569423, -37.7861148 ], [ 144.99572276, -37.78624857 ], [ 144.99574221, -37.78640688 ], [ 144.995745910000011, -37.78658934 ], [ 144.99573476, -37.78680859 ], [ 144.9956513, -37.78730453 ], [ 144.99560557, -37.78755149 ], [ 144.9955864, -37.78768093 ], [ 144.99556404, -37.78802913 ], [ 144.99549086, -37.78847659 ], [ 144.99541795, -37.78889683 ], [ 144.99527692, -37.78967386 ], [ 144.99518443, -37.78999969 ], [ 144.99513696, -37.79022643 ], [ 144.99510534, -37.79042181 ], [ 144.99506550000001, -37.79077394 ], [ 144.99506402, -37.79092523 ], [ 144.995059059999988, -37.79103319 ], [ 144.995060779999989, -37.79110397 ], [ 144.99503915, -37.79137053 ], [ 144.995045370000014, -37.79163198 ], [ 144.995082669999988, -37.79184827 ], [ 144.99515609, -37.79222432 ], [ 144.99518722, -37.79236246 ], [ 144.99523559, -37.79260633 ], [ 144.9952667, -37.79277899 ], [ 144.995288140000014, -37.79297698 ], [ 144.99530822, -37.7931964 ], [ 144.99531356, -37.79341052 ], [ 144.99530145, -37.7937451 ], [ 144.995281440000014, -37.7939478 ], [ 144.99516995, -37.79464378 ], [ 144.994930829999987, -37.79609539 ], [ 144.99467784, -37.7975637 ], [ 144.99466125, -37.79792128 ], [ 144.99446137000001, -37.79908401 ], [ 144.99419975, -37.80061057 ], [ 144.9941952, -37.80071584 ], [ 144.994207460000013, -37.80126577 ], [ 144.99421612, -37.8013865 ], [ 144.99422119, -37.80151419 ], [ 144.994213660000014, -37.80171259 ], [ 144.99419529, -37.80193829 ], [ 144.994183740000011, -37.80203759 ], [ 144.99410892, -37.80252773 ], [ 144.99407632, -37.80272507 ], [ 144.99382884, -37.80415193 ], [ 144.99381021, -37.80428643 ], [ 144.99378954, -37.80440395 ], [ 144.99364545, -37.80522896 ], [ 144.99346517, -37.80632101 ], [ 144.99328021, -37.80739702 ], [ 144.993237920000013, -37.80762078 ], [ 144.99320877, -37.80774483 ], [ 144.9931756, -37.80787097 ], [ 144.9931231, -37.80802706 ], [ 144.9929942, -37.80834938 ], [ 144.992900529999986, -37.80859534 ], [ 144.99281145, -37.80886508 ], [ 144.99277976, -37.80899908 ], [ 144.99273695, -37.80920409 ], [ 144.99262815, -37.80984099 ], [ 144.992539709999988, -37.81038894 ], [ 144.992521470000014, -37.81048775 ], [ 144.99243386, -37.8109629 ], [ 144.99239913, -37.81116309 ], [ 144.99198053, -37.81360797 ], [ 144.99194655, -37.81377618 ], [ 144.991905730000013, -37.81396221 ], [ 144.99186225, -37.81411196 ], [ 144.99179523, -37.81429637 ], [ 144.99173033, -37.81445721 ], [ 144.991639850000013, -37.81463933 ], [ 144.991551640000012, -37.81479237 ], [ 144.991519720000014, -37.81484293 ], [ 144.99145895, -37.81493913 ], [ 144.991369600000013, -37.81506719 ], [ 144.99126897, -37.81519633 ], [ 144.991181360000013, -37.81529793 ], [ 144.99099594, -37.81549176 ], [ 144.99091551, -37.81557159 ], [ 144.99058781, -37.81588051 ], [ 144.99022352, -37.81613518 ], [ 144.98996688, -37.81624498 ], [ 144.98977427, -37.8163437 ], [ 144.98956102, -37.81643658 ], [ 144.98945344, -37.81647872 ], [ 144.989303119999988, -37.81653428 ], [ 144.989023049999986, -37.81663223 ], [ 144.988857599999989, -37.81668411 ], [ 144.98856375, -37.81676272 ], [ 144.98821449, -37.81682326 ], [ 144.98802762, -37.81684413 ], [ 144.98782868, -37.81686217 ], [ 144.98757710000001, -37.81686887 ], [ 144.98731202, -37.81687092 ], [ 144.987022239999988, -37.81685794 ], [ 144.98676207, -37.8168379 ], [ 144.98591013, -37.81674403 ], [ 144.98510256, -37.81665208 ], [ 144.98389164, -37.81652105 ], [ 144.982995499999987, -37.81641946 ], [ 144.98228699, -37.81633162 ], [ 144.98154906, -37.81625229 ], [ 144.981058780000012, -37.81621027 ], [ 144.98075431, -37.81619027 ], [ 144.98037205, -37.81616118 ], [ 144.97985566, -37.81611024 ], [ 144.97609503000001, -37.81568906 ], [ 144.975791969999989, -37.81566358 ], [ 144.97553919, -37.81565229 ], [ 144.975374210000012, -37.81565342 ], [ 144.9752646, -37.8156573 ], [ 144.97516539, -37.81566272 ], [ 144.97503604, -37.81567383 ], [ 144.97491175, -37.81568701 ], [ 144.97478414, -37.81570491 ], [ 144.974619350000012, -37.81573254 ], [ 144.97455341, -37.81574708 ], [ 144.9740338, -37.81588062 ], [ 144.97387326, -37.81592742 ], [ 144.97363385, -37.81599197 ], [ 144.97289613, -37.81617537 ], [ 144.972318840000014, -37.8163326 ], [ 144.97099466, -37.81672127 ], [ 144.97021405000001, -37.81696852 ], [ 144.96961529, -37.8171834 ], [ 144.96931902, -37.81728301 ], [ 144.96789512, -37.81767821 ], [ 144.96728920000001, -37.81782222 ], [ 144.96584544000001, -37.81824057 ], [ 144.96573876, -37.81827414 ], [ 144.96498692, -37.81849438 ], [ 144.9648487, -37.81853876 ] ] } },
{ "type": "Feature", "properties": { "SHORT_NAME": "Pakenham" }, "geometry": { "type": "LineString", "coordinates": [ [ 145.50647479, -38.08434419 ], [ 145.50552335, -38.0841623 ], [ 145.504536269999988, -38.08397788 ], [ 145.503486470000013, -38.08371614 ], [ 145.5025607, -38.08348977 ], [ 145.502123289999986, -38.08339056 ], [ 145.50067164, -38.08311566 ], [ 145.50011765, -38.08300828 ], [ 145.49956006, -38.08286544 ], [ 145.49785861, -38.08254036 ], [ 145.495711629999988, -38.08222522 ], [ 145.494234729999988, -38.08203832 ], [ 145.49334072, -38.08190511 ], [ 145.492737049999988, -38.08179742 ], [ 145.49032175, -38.08134222 ], [ 145.488950859999989, -38.08107524 ], [ 145.48726425000001, -38.08076497 ], [ 145.486477259999987, -38.08060749 ], [ 145.48726425000001, -38.08076497 ], [ 145.488950859999989, -38.08107524 ], [ 145.49032175, -38.08134222 ], [ 145.492737049999988, -38.08179742 ], [ 145.49334072, -38.08190511 ], [ 145.494234729999988, -38.08203832 ], [ 145.495711629999988, -38.08222522 ], [ 145.49785861, -38.08254036 ], [ 145.49956006, -38.08286544 ], [ 145.50011765, -38.08300828 ], [ 145.50159571, -38.08329074 ], [ 145.50126307, -38.08324288 ], [ 145.50042839, -38.08312886 ], [ 145.49957944, -38.08301592 ], [ 145.49916611, -38.08295531 ], [ 145.49834163, -38.08280031 ], [ 145.49738745, -38.0826541 ], [ 145.49613123, -38.08241363 ], [ 145.49557665, -38.08231911 ], [ 145.49422284, -38.0821063 ], [ 145.49273679, -38.081866 ], [ 145.488899800000013, -38.08114073 ], [ 145.487249389999988, -38.08082209 ], [ 145.48631968, -38.08064664 ], [ 145.48541035, -38.08046784 ], [ 145.483763470000014, -38.08015642 ], [ 145.48215679, -38.07985873 ], [ 145.47349852, -38.07820407 ], [ 145.47123206, -38.07776889 ], [ 145.47005231, -38.07752174 ], [ 145.46877233, -38.07722651 ], [ 145.467656799999986, -38.07697342 ], [ 145.46120653, -38.07574568 ], [ 145.45938985, -38.07540826 ], [ 145.43764296, -38.0712566 ], [ 145.43588366, -38.07092273 ], [ 145.413417579999987, -38.06662789 ], [ 145.411604219999987, -38.06629014 ], [ 145.41095132, -38.06615659 ], [ 145.410345690000014, -38.06604052 ], [ 145.409344299999987, -38.06583979 ], [ 145.39688292, -38.06346856 ], [ 145.3826539, -38.06075142 ], [ 145.38223889, -38.06066379 ], [ 145.381826679999989, -38.06056772 ], [ 145.381317810000013, -38.06042544 ], [ 145.38105001, -38.06034002 ], [ 145.38078755, -38.06025043 ], [ 145.38052811, -38.06015322 ], [ 145.38024037, -38.06003651 ], [ 145.37981015, -38.05984286 ], [ 145.37953436, -38.05970668 ], [ 145.37925535, -38.0595562 ], [ 145.378944100000012, -38.05937392 ], [ 145.37870274, -38.0592219 ], [ 145.37838528, -38.05900637 ], [ 145.378090250000014, -38.05878664 ], [ 145.377544050000012, -38.0583386 ], [ 145.37718712, -38.05802672 ], [ 145.373057820000014, -38.05438829 ], [ 145.37282725, -38.05418764 ], [ 145.37239011, -38.05381976 ], [ 145.37213517, -38.05361887 ], [ 145.371893949999986, -38.05344133 ], [ 145.37165232000001, -38.05327234 ], [ 145.37145801, -38.05314321 ], [ 145.37113032, -38.05293851 ], [ 145.37083414, -38.05276787 ], [ 145.37063981, -38.05266063 ], [ 145.37031681, -38.05249664 ], [ 145.36999567, -38.05234133 ], [ 145.369763690000013, -38.05223592 ], [ 145.36954484, -38.05214474 ], [ 145.36926473, -38.05203587 ], [ 145.36878611, -38.05186449 ], [ 145.36848425, -38.05177 ], [ 145.36818642, -38.05168431 ], [ 145.36768817, -38.05154536 ], [ 145.36717346, -38.05139258 ], [ 145.36647306, -38.05116034 ], [ 145.36538782, -38.0507782 ], [ 145.36517109, -38.05069993 ], [ 145.36466704, -38.05050953 ], [ 145.364007429999987, -38.05024738 ], [ 145.36323255, -38.04993118 ], [ 145.36279062, -38.04976137 ], [ 145.36207681, -38.04950296 ], [ 145.35902201, -38.048431 ], [ 145.356077, -38.04740151 ], [ 145.3549145, -38.04698854 ], [ 145.35446018, -38.04681879 ], [ 145.353873990000011, -38.04659403 ], [ 145.35163874, -38.04570197 ], [ 145.351061320000014, -38.04545803 ], [ 145.35081786, -38.04534854 ], [ 145.35033386, -38.04510573 ], [ 145.34988361, -38.04484698 ], [ 145.34946439, -38.04457668 ], [ 145.34912115, -38.04432827 ], [ 145.348858119999989, -38.04412127 ], [ 145.348578300000014, -38.04388537 ], [ 145.34813979, -38.04347034 ], [ 145.347718570000012, -38.04304148 ], [ 145.347485299999988, -38.04279849 ], [ 145.34740484, -38.04272247 ], [ 145.3470924, -38.04240248 ], [ 145.34683184, -38.04212674 ], [ 145.34657801, -38.04184542 ], [ 145.3463825, -38.04161593 ], [ 145.34615269, -38.04133621 ], [ 145.345711169999987, -38.04076243 ], [ 145.345374670000012, -38.04034242 ], [ 145.34529907000001, -38.04024313 ], [ 145.344548589999988, -38.0392618 ], [ 145.34382198, -38.03843607 ], [ 145.34348311, -38.03810182 ], [ 145.34322692, -38.03786588 ], [ 145.34283972, -38.03754284 ], [ 145.34241201, -38.03723789 ], [ 145.34216107, -38.03706754 ], [ 145.341876750000011, -38.03689212 ], [ 145.34141218, -38.03663008 ], [ 145.34101044, -38.03644218 ], [ 145.3405732, -38.03625199 ], [ 145.34005563, -38.03606192 ], [ 145.33955666, -38.0359014 ], [ 145.339063149999987, -38.03576619 ], [ 145.338617879999987, -38.03566473 ], [ 145.33818878, -38.03558873 ], [ 145.33775416, -38.03552527 ], [ 145.336906660000011, -38.03543451 ], [ 145.331601260000014, -38.0349391 ], [ 145.32812646, -38.03461063 ], [ 145.3274183, -38.03453134 ], [ 145.32685238, -38.03445534 ], [ 145.326266260000011, -38.03437084 ], [ 145.32550186, -38.03423451 ], [ 145.324494750000014, -38.03402964 ], [ 145.32405351, -38.03393242 ], [ 145.322031079999988, -38.03346343 ], [ 145.31941333, -38.03286549 ], [ 145.318982690000013, -38.03275389 ], [ 145.31740437, -38.03238822 ], [ 145.31386591, -38.03157484 ], [ 145.3124001, -38.03123343 ], [ 145.31189237000001, -38.03113097 ], [ 145.311171660000014, -38.03095066 ], [ 145.31090533, -38.03089862 ], [ 145.310234759999986, -38.03071802 ], [ 145.30974839000001, -38.03053917 ], [ 145.309166010000013, -38.03031893 ], [ 145.30862392, -38.03007574 ], [ 145.30804959, -38.02979333 ], [ 145.30390748, -38.02762845 ], [ 145.3013855, -38.02628847 ], [ 145.30053863, -38.02586654 ], [ 145.30023129, -38.02570737 ], [ 145.29991793, -38.02555711 ], [ 145.298195490000012, -38.02474951 ], [ 145.29734294, -38.02431333 ], [ 145.295953419999989, -38.02359991 ], [ 145.2910834, -38.02104689 ], [ 145.29060196, -38.02080269 ], [ 145.29033358, -38.02067001 ], [ 145.29005006, -38.02054134 ], [ 145.28977169, -38.02042194 ], [ 145.28922981, -38.0202148 ], [ 145.28874837, -38.02005423 ], [ 145.28836253, -38.01994678 ], [ 145.28787954, -38.0198234 ], [ 145.287236979999989, -38.01968932 ], [ 145.28694497, -38.01963757 ], [ 145.28642671, -38.01957117 ], [ 145.28584461, -38.01950221 ], [ 145.28460163, -38.01936684 ], [ 145.2831371, -38.01921686 ], [ 145.28123319, -38.01900853 ], [ 145.279238170000013, -38.01879478 ], [ 145.27853977, -38.01872129 ], [ 145.277101069999986, -38.01857801 ], [ 145.27647224, -38.01853031 ], [ 145.27575312, -38.01849534 ], [ 145.27507223, -38.01845742 ], [ 145.2746254, -38.01842554 ], [ 145.27418144, -38.01838829 ], [ 145.273700389999988, -38.0183395 ], [ 145.27338624, -38.0183138 ], [ 145.27271599, -38.01824519 ], [ 145.27123283, -38.01808966 ], [ 145.26971605, -38.01792072 ], [ 145.26812555, -38.01774346 ], [ 145.26766673, -38.01768903 ], [ 145.267146559999986, -38.01761377 ], [ 145.26668566, -38.01754128 ], [ 145.265552969999987, -38.01735497 ], [ 145.264874780000014, -38.01725187 ], [ 145.26249445, -38.01697709 ], [ 145.26174427, -38.01689823 ], [ 145.26098245, -38.01680549 ], [ 145.2604462, -38.01672663 ], [ 145.25966076, -38.0165829 ], [ 145.25909217, -38.01645543 ], [ 145.25838603, -38.01626302 ], [ 145.25791128, -38.01611234 ], [ 145.257524499999988, -38.01598008 ], [ 145.25707019, -38.0158132 ], [ 145.25654863, -38.01559531 ], [ 145.24609632, -38.01088073 ], [ 145.24421526, -38.0100296 ], [ 145.238856809999987, -38.00761511 ], [ 145.235782160000014, -38.00622264 ], [ 145.2314614, -38.00427136 ], [ 145.2310176, -38.00407544 ], [ 145.22983162, -38.00353634 ], [ 145.22730173, -38.00239319 ], [ 145.226985109999987, -38.00225171 ], [ 145.22683158000001, -38.00219054 ], [ 145.2265649, -38.00206108 ], [ 145.22184085, -37.99992808 ], [ 145.220121909999989, -37.99914904 ], [ 145.21978356, -37.99898892 ], [ 145.21950171, -37.99884704 ], [ 145.21924468, -37.99871067 ], [ 145.21899925, -37.9985698 ], [ 145.218736940000014, -37.9984064 ], [ 145.218419610000012, -37.99819216 ], [ 145.21818418, -37.99801953 ], [ 145.21794724, -37.9978339 ], [ 145.217674319999986, -37.9976014 ], [ 145.21745820000001, -37.99739788 ], [ 145.21724892, -37.99718978 ], [ 145.21701975, -37.99694199 ], [ 145.216845979999988, -37.99673948 ], [ 145.216702020000014, -37.9965566 ], [ 145.21654786, -37.99634826 ], [ 145.21625764, -37.99592282 ], [ 145.215574370000013, -37.99487952 ], [ 145.214011629999987, -37.99248072 ], [ 145.21384942, -37.99228558 ], [ 145.2136272, -37.99203438 ], [ 145.21339086, -37.99182081 ], [ 145.213205749999986, -37.99168273 ], [ 145.21279494, -37.99143704 ], [ 145.21240261, -37.99124634 ], [ 145.212198160000014, -37.99115473 ], [ 145.21193527, -37.99103097 ], [ 145.21153838, -37.99085506 ], [ 145.21118635, -37.99068821 ], [ 145.21092733, -37.9905745 ], [ 145.20996772, -37.99013517 ], [ 145.20928718, -37.98982354 ], [ 145.208324330000011, -37.98937279 ], [ 145.2071233, -37.98881864 ], [ 145.206915149999986, -37.9887112 ], [ 145.20661192, -37.98852417 ], [ 145.20476906, -37.98724566 ], [ 145.20224195, -37.98548146 ], [ 145.20112741, -37.98470959 ], [ 145.20035837, -37.98416531 ], [ 145.19966713, -37.98368512 ], [ 145.19841856, -37.98282799 ], [ 145.19785248, -37.98243162 ], [ 145.19724052, -37.98201148 ], [ 145.19653144, -37.98151316 ], [ 145.19640585, -37.98142959 ], [ 145.19389802, -37.97968506 ], [ 145.19316891, -37.97918812 ], [ 145.19277466, -37.97893649 ], [ 145.192463339999989, -37.97875291 ], [ 145.19186707, -37.97837796 ], [ 145.19141979, -37.97807504 ], [ 145.19098764, -37.97774937 ], [ 145.19076564, -37.97758212 ], [ 145.19028751, -37.97719573 ], [ 145.189875660000013, -37.97688289 ], [ 145.18874743, -37.97612277 ], [ 145.18831449000001, -37.97585322 ], [ 145.18782435, -37.97554413 ], [ 145.187348, -37.97520687 ], [ 145.18645792, -37.97454673 ], [ 145.183763879999987, -37.972533 ], [ 145.17952331, -37.96906537 ], [ 145.178374209999987, -37.96817334 ], [ 145.17811905, -37.96799149 ], [ 145.17576323, -37.96623912 ], [ 145.174183660000011, -37.96506416 ], [ 145.17280345, -37.96398996 ], [ 145.17197463, -37.96337626 ], [ 145.17061628, -37.96235537 ], [ 145.17008865, -37.96197191 ], [ 145.1691765, -37.96124596 ], [ 145.168625490000011, -37.96081914 ], [ 145.168411920000011, -37.96066027 ], [ 145.16808839, -37.96042822 ], [ 145.166854089999987, -37.95960883 ], [ 145.166454640000012, -37.95933612 ], [ 145.16541265, -37.95856594 ], [ 145.162704889999986, -37.95651863 ], [ 145.16224706, -37.95616948 ], [ 145.161985539999989, -37.95598101 ], [ 145.16146011, -37.95557258 ], [ 145.15968013, -37.95423677 ], [ 145.15857509, -37.95342219 ], [ 145.15793187, -37.95291891 ], [ 145.15653149, -37.95178716 ], [ 145.155836310000012, -37.95121023 ], [ 145.15535161, -37.95081872 ], [ 145.154622249999989, -37.95023954 ], [ 145.153303599999987, -37.94925178 ], [ 145.15299685, -37.94902203 ], [ 145.15261757, -37.94871147 ], [ 145.15242315, -37.94856342 ], [ 145.15205927, -37.94830177 ], [ 145.1517565, -37.94809028 ], [ 145.15123316, -37.94772536 ], [ 145.15049015, -37.94721217 ], [ 145.15007938, -37.94692383 ], [ 145.14910727, -37.94624878 ], [ 145.14817696, -37.94555924 ], [ 145.14509873, -37.94324002 ], [ 145.143786979999987, -37.94224587 ], [ 145.14296681, -37.9416331 ], [ 145.14193075, -37.94085461 ], [ 145.140459560000011, -37.93972913 ], [ 145.139303969999986, -37.93886906 ], [ 145.13905673, -37.93867842 ], [ 145.13886917, -37.93854019 ], [ 145.138183559999987, -37.93801819 ], [ 145.13754875, -37.93754448 ], [ 145.136580079999987, -37.93681441 ], [ 145.132504899999986, -37.93373632 ], [ 145.13208984, -37.93341206 ], [ 145.131627220000013, -37.93302081 ], [ 145.1302689, -37.9319389 ], [ 145.12946263, -37.9313477 ], [ 145.12892194, -37.93097133 ], [ 145.12857227, -37.93071686 ], [ 145.126583829999987, -37.9292007 ], [ 145.12603646, -37.92876608 ], [ 145.125069669999988, -37.92797106 ], [ 145.124652059999988, -37.92761988 ], [ 145.12424458000001, -37.92730906 ], [ 145.1238563, -37.92703062 ], [ 145.12304318, -37.92649821 ], [ 145.122677220000014, -37.92623733 ], [ 145.12095295, -37.92493112 ], [ 145.11952546, -37.92382572 ], [ 145.11922334, -37.92357838 ], [ 145.11864752, -37.92311597 ], [ 145.11839805, -37.92291903 ], [ 145.11728729, -37.92206109 ], [ 145.11693384, -37.92179743 ], [ 145.11673144, -37.92165549 ], [ 145.11651235, -37.9215078 ], [ 145.11545092, -37.92082248 ], [ 145.115165600000012, -37.92062677 ], [ 145.114766440000011, -37.92033614 ], [ 145.11436583, -37.92003116 ], [ 145.10986154, -37.91663019 ], [ 145.108138739999987, -37.91532444 ], [ 145.10768379000001, -37.91498468 ], [ 145.10481651, -37.9128148 ], [ 145.10426675, -37.91240312 ], [ 145.10382949000001, -37.91211103 ], [ 145.10329572, -37.9117725 ], [ 145.10282632, -37.91145718 ], [ 145.102547390000012, -37.91124982 ], [ 145.10217952, -37.91097146 ], [ 145.10176684000001, -37.91064876 ], [ 145.10151663, -37.91044403 ], [ 145.101329920000012, -37.91028701 ], [ 145.10103726, -37.91003446 ], [ 145.10086117, -37.90988914 ], [ 145.10052904, -37.9096282 ], [ 145.09891435, -37.90840346 ], [ 145.09353475, -37.90433446 ], [ 145.09062255, -37.90212539 ], [ 145.08830918000001, -37.90037442 ], [ 145.08648777, -37.89900106 ], [ 145.08620628, -37.8988084 ], [ 145.086004409999987, -37.89868139 ], [ 145.08579523, -37.89856011 ], [ 145.08549032, -37.89840222 ], [ 145.084261059999989, -37.8978406 ], [ 145.079798039999986, -37.89582689 ], [ 145.07925204, -37.89557854 ], [ 145.07851765, -37.89524942 ], [ 145.0782706, -37.8951422 ], [ 145.0773208, -37.89475297 ], [ 145.07692344, -37.89457913 ], [ 145.07575405, -37.89405075 ], [ 145.07373530000001, -37.89314358 ], [ 145.072544920000013, -37.89261537 ], [ 145.0699765, -37.89145743 ], [ 145.06920931, -37.89110321 ], [ 145.0674679, -37.89031511 ], [ 145.06627701, -37.88977971 ], [ 145.065530740000014, -37.8894395 ], [ 145.061627320000014, -37.88768024 ], [ 145.06004435, -37.8869707 ], [ 145.05870699, -37.88636595 ], [ 145.05807085, -37.88608284 ], [ 145.05774786, -37.88593377 ], [ 145.05632705, -37.8852913 ], [ 145.05158383, -37.88315547 ], [ 145.0511899, -37.88297258 ], [ 145.050802479999987, -37.88278449 ], [ 145.05061067, -37.88268507 ], [ 145.05023778, -37.88248477 ], [ 145.04912226, -37.88184682 ], [ 145.048597199999989, -37.88154108 ], [ 145.048222790000011, -37.88132959 ], [ 145.04785315, -37.88111033 ], [ 145.04752463, -37.88090536 ], [ 145.0471717, -37.88066042 ], [ 145.04673806, -37.88034168 ], [ 145.04642815, -37.88010809 ], [ 145.04603499000001, -37.879824 ], [ 145.04519683, -37.8792646 ], [ 145.04499676, -37.87913421 ], [ 145.04466853, -37.8789104 ], [ 145.04395498, -37.87831701 ], [ 145.0437987, -37.87819059 ], [ 145.043572250000011, -37.87803471 ], [ 145.04260785, -37.87739677 ], [ 145.042256540000011, -37.87716879 ], [ 145.042001449999987, -37.87701729 ], [ 145.04187936, -37.87695218 ], [ 145.041632670000013, -37.87682677 ], [ 145.04149518, -37.87675113 ], [ 145.04137923, -37.87668179 ], [ 145.04060723, -37.8761723 ], [ 145.04044106, -37.87604616 ], [ 145.03985551, -37.87555473 ], [ 145.03948617, -37.8752402 ], [ 145.03894003, -37.87475464 ], [ 145.0319146, -37.86844592 ], [ 145.03170171, -37.8682523 ], [ 145.031221280000011, -37.86782603 ], [ 145.03071996, -37.86738652 ], [ 145.03010418, -37.86684803 ], [ 145.029818049999989, -37.86660092 ], [ 145.029496, -37.86630652 ], [ 145.0288835, -37.86577367 ], [ 145.02781009, -37.86478809 ], [ 145.025756449999989, -37.86291436 ], [ 145.02506897, -37.86228426 ], [ 145.02478299, -37.8620155 ], [ 145.024535899999989, -37.86177209 ], [ 145.024222580000014, -37.86145052 ], [ 145.02234028, -37.85948832 ], [ 145.02048163, -37.85754252 ], [ 145.02014384, -37.85718078 ], [ 145.02004495, -37.85706638 ], [ 145.0196416, -37.85655971 ], [ 145.01947665, -37.85636967 ], [ 145.019290790000014, -37.85617532 ], [ 145.019249120000012, -37.85613532 ], [ 145.01915637, -37.85604617 ], [ 145.01901894, -37.85591967 ], [ 145.01859744, -37.85556463 ], [ 145.01840865, -37.85539104 ], [ 145.018070990000012, -37.85504643 ], [ 145.01499963, -37.85187588 ], [ 145.013785039999988, -37.85065961 ], [ 145.01302009, -37.8498962 ], [ 145.012685839999989, -37.84955776 ], [ 145.012176649999986, -37.84907667 ], [ 145.01199007, -37.84891897 ], [ 145.011801459999987, -37.84876511 ], [ 145.01160823, -37.84861801 ], [ 145.011410579999989, -37.84847454 ], [ 145.01096549, -37.84818432 ], [ 145.010809020000011, -37.84809048 ], [ 145.01064817, -37.8479989 ], [ 145.010323090000014, -37.84782318 ], [ 145.01015636, -37.84773916 ], [ 145.009987239999987, -37.84765916 ], [ 145.00964388, -37.84750412 ], [ 145.00943265, -37.84741809 ], [ 145.00915555, -37.84730932 ], [ 145.00729365, -37.84660978 ], [ 145.00468906, -37.84568088 ], [ 145.003883800000011, -37.84538931 ], [ 145.00362328, -37.84529837 ], [ 145.003300349999989, -37.84517016 ], [ 145.00312531, -37.84509149 ], [ 145.00286571, -37.84496236 ], [ 145.002552509999987, -37.8447979 ], [ 145.00242262, -37.8447346 ], [ 145.00222832, -37.84464542 ], [ 145.00203339, -37.84456217 ], [ 145.001828929999988, -37.84448292 ], [ 145.001604719999989, -37.84440296 ], [ 145.00133148, -37.84431199 ], [ 145.00106673, -37.84423071 ], [ 145.00075489, -37.84412593 ], [ 145.00049843, -37.84402803 ], [ 145.00002068, -37.84382616 ], [ 144.99738065, -37.842643 ], [ 144.996984950000012, -37.84246703 ], [ 144.99662115000001, -37.84231332 ], [ 144.996331590000011, -37.84220007 ], [ 144.99602149, -37.84208611 ], [ 144.99469246000001, -37.84162577 ], [ 144.994518480000011, -37.84157153 ], [ 144.994019400000013, -37.84142812 ], [ 144.99375552, -37.84134928 ], [ 144.99361055, -37.8412976 ], [ 144.99348776, -37.8412454 ], [ 144.99336311, -37.84118642 ], [ 144.99321436, -37.84110241 ], [ 144.99312906, -37.84104653 ], [ 144.99305314, -37.84099234 ], [ 144.99296625, -37.8409239 ], [ 144.992874050000012, -37.84084563 ], [ 144.99280671, -37.84077681 ], [ 144.9927061, -37.84066533 ], [ 144.992630240000011, -37.8405631 ], [ 144.99255846, -37.8404568 ], [ 144.99249891, -37.84034801 ], [ 144.992447879999986, -37.84023521 ], [ 144.99240454, -37.84011534 ], [ 144.99237125, -37.83999356 ], [ 144.992353900000012, -37.83989594 ], [ 144.99234340000001, -37.83979681 ], [ 144.99233336, -37.83960144 ], [ 144.99232405, -37.83918206 ], [ 144.99233349, -37.83903073 ], [ 144.992352149999988, -37.83887911 ], [ 144.99237763, -37.83873563 ], [ 144.9925433, -37.83793947 ], [ 144.99279743, -37.83671802 ], [ 144.992880789999987, -37.83627534 ], [ 144.99294858, -37.83582411 ], [ 144.99307041, -37.83479208 ], [ 144.993115749999987, -37.83449844 ], [ 144.993164580000013, -37.83422712 ], [ 144.99345634, -37.83281895 ], [ 144.993860289999986, -37.83094769 ], [ 144.99400592, -37.83010163 ], [ 144.99417814, -37.82913318 ], [ 144.994213, -37.82892452 ], [ 144.99424645, -37.82870854 ], [ 144.994271989999987, -37.82849548 ], [ 144.99427603, -37.82826674 ], [ 144.99426796, -37.82804852 ], [ 144.99424649, -37.82783034 ], [ 144.99420766, -37.82761529 ], [ 144.99414864, -37.82739494 ], [ 144.99403326, -37.8271036 ], [ 144.99389793, -37.82680598 ], [ 144.99372489000001, -37.82651682 ], [ 144.99357733, -37.82632722 ], [ 144.993362749999989, -37.82608673 ], [ 144.99311201, -37.82585581 ], [ 144.992989959999989, -37.8257482 ], [ 144.99264793, -37.82547337 ], [ 144.99242694, -37.82530604 ], [ 144.991917120000011, -37.82490542 ], [ 144.99176329, -37.82478817 ], [ 144.991643829999987, -37.82470629 ], [ 144.99142294, -37.82456914 ], [ 144.99116035, -37.82443634 ], [ 144.990888930000011, -37.82432347 ], [ 144.99057019, -37.82421656 ], [ 144.99022256, -37.82411961 ], [ 144.989238019999988, -37.82385146 ], [ 144.98797695, -37.82350874 ], [ 144.98653998, -37.82312974 ], [ 144.985429649999986, -37.82275893 ], [ 144.98428531, -37.82229848 ], [ 144.98417602, -37.82225255 ], [ 144.984000759999986, -37.82217186 ], [ 144.98382404, -37.82208638 ], [ 144.98344065, -37.82188489 ], [ 144.9831748, -37.82173498 ], [ 144.98243335, -37.82129457 ], [ 144.98159804, -37.82079281 ], [ 144.9810134, -37.82042313 ], [ 144.980451530000011, -37.82005969 ], [ 144.98023619, -37.8199119 ], [ 144.97998876, -37.81973291 ], [ 144.97921503, -37.81910314 ], [ 144.97903057, -37.81896011 ], [ 144.978825949999987, -37.81881124 ], [ 144.97845306, -37.81855909 ], [ 144.97819554, -37.81840011 ], [ 144.97771695, -37.81811677 ], [ 144.97745009, -37.81795466 ], [ 144.97707857, -37.81771099 ], [ 144.9767031, -37.8174122 ], [ 144.97646824, -37.81718918 ], [ 144.976262670000011, -37.81697549 ], [ 144.976049499999988, -37.81671571 ], [ 144.975896440000014, -37.81650094 ], [ 144.975743240000014, -37.816254 ], [ 144.975604550000014, -37.81599154 ], [ 144.97540539, -37.81557249 ], [ 144.97431862, -37.81321569 ], [ 144.974181069999986, -37.81295766 ], [ 144.97403562, -37.81271031 ], [ 144.97379558, -37.81234958 ], [ 144.97367015, -37.81213006 ], [ 144.973585430000014, -37.81196756 ], [ 144.97338094, -37.811524 ], [ 144.97309508, -37.81091583 ], [ 144.97251705, -37.80971876 ], [ 144.97234049, -37.80942157 ], [ 144.972158080000014, -37.80919269 ], [ 144.97195156, -37.80898186 ], [ 144.97171455, -37.80878484 ], [ 144.971519089999987, -37.8086471 ], [ 144.97122772, -37.80847762 ], [ 144.97095316, -37.80835006 ], [ 144.9706938, -37.80825214 ], [ 144.970446900000013, -37.80818002 ], [ 144.97017213, -37.80811833 ], [ 144.969918119999988, -37.80807809 ], [ 144.9696449, -37.80805058 ], [ 144.96939146, -37.80804359 ], [ 144.96911014, -37.80805046 ], [ 144.96887776, -37.8080751 ], [ 144.96859977, -37.80811402 ], [ 144.96820842, -37.80821108 ], [ 144.96252261, -37.80987851 ], [ 144.9615327, -37.81015886 ], [ 144.96016035, -37.81055414 ], [ 144.95596511, -37.81174258 ], [ 144.952077730000013, -37.81284702 ], [ 144.95161769, -37.81297419 ], [ 144.95127985, -37.81309394 ], [ 144.95097399, -37.8132401 ], [ 144.95079829, -37.81334176 ], [ 144.95064269, -37.81344773 ], [ 144.9504523, -37.81359609 ], [ 144.95027389, -37.81377087 ], [ 144.95011843, -37.8139457 ], [ 144.94997389, -37.8141528 ], [ 144.94990109, -37.8142794 ], [ 144.94983917, -37.81441143 ], [ 144.94978902, -37.81454051 ], [ 144.9497298, -37.81473494 ], [ 144.94969667, -37.81490586 ], [ 144.94967899, -37.81507281 ], [ 144.949672639999989, -37.81523238 ], [ 144.949701260000012, -37.81549152 ], [ 144.949746909999988, -37.81570553 ], [ 144.949816590000012, -37.81591744 ], [ 144.94990617, -37.81610374 ], [ 144.95005598, -37.8163265 ], [ 144.95038868, -37.81677108 ], [ 144.950844679999989, -37.81734946 ], [ 144.95099475, -37.81753014 ], [ 144.95181175, -37.81856593 ], [ 144.952350239999987, -37.81925198 ], [ 144.95250497, -37.81945726 ], [ 144.952619840000011, -37.81963318 ], [ 144.95271852, -37.81977061 ], [ 144.952850500000011, -37.81992764 ], [ 144.95293744, -37.82001684 ], [ 144.95310179, -37.82015802 ], [ 144.95347458, -37.82043558 ], [ 144.95397474, -37.82079474 ], [ 144.954151950000011, -37.82091866 ], [ 144.95428486, -37.82100541 ], [ 144.95444298000001, -37.8210844 ], [ 144.95460732, -37.82116016 ], [ 144.95489695, -37.82126531 ], [ 144.955168210000011, -37.82134049 ], [ 144.95546357, -37.82139041 ], [ 144.95578523, -37.82140933 ], [ 144.956114430000014, -37.82139802 ], [ 144.95643338, -37.82136291 ], [ 144.95671895000001, -37.82130244 ], [ 144.95701725, -37.8212129 ], [ 144.9573078, -37.82109512 ], [ 144.95757575, -37.82095251 ], [ 144.958008049999989, -37.82068362 ], [ 144.958262499999989, -37.82051546 ], [ 144.958552059999988, -37.82036349 ], [ 144.9588244, -37.82024277 ], [ 144.959043290000011, -37.82015681 ], [ 144.95929153, -37.82007802 ], [ 144.960211210000011, -37.8198036 ], [ 144.96043025, -37.81974134 ], [ 144.9606771, -37.8196838 ], [ 144.960874069999988, -37.81964729 ], [ 144.961167210000013, -37.81960442 ], [ 144.96133401, -37.81958676 ], [ 144.96149662, -37.81957272 ], [ 144.96177728, -37.81955812 ], [ 144.96190932, -37.81954878 ], [ 144.962071650000013, -37.81953257 ], [ 144.96230832, -37.81949792 ], [ 144.962414419999988, -37.81947777 ], [ 144.9636387, -37.81919714 ], [ 144.96431037, -37.81903816 ], [ 144.96459685, -37.81895219 ], [ 144.96472947, -37.81891753 ], [ 144.96490879000001, -37.81887819 ], [ 144.96515717, -37.81881859 ], [ 144.96554072, -37.81871825 ], [ 144.96589819, -37.81861574 ], [ 144.966790980000013, -37.81838009 ], [ 144.96692134, -37.81834071 ] ] } },
{ "type": "Feature", "properties": { "SHORT_NAME": "Sandringham" }, "geometry": { "type": "LineString", "coordinates": [ [ 145.00452557, -37.9501807 ], [ 145.005175619999989, -37.94674333 ], [ 145.0052882, -37.94618283 ], [ 145.0053901, -37.94560853 ], [ 145.00551346, -37.94497719 ], [ 145.00559671, -37.94448224 ], [ 145.00562211, -37.94417439 ], [ 145.00562746, -37.94389629 ], [ 145.00560465, -37.94348587 ], [ 145.00556046, -37.94316341 ], [ 145.005492049999987, -37.9428609 ], [ 145.00540716, -37.9425244 ], [ 145.005385, -37.94245176 ], [ 145.00529124, -37.94221577 ], [ 145.00517751000001, -37.94196927 ], [ 145.00500531, -37.9416467 ], [ 145.004812890000011, -37.9413393 ], [ 145.0046831, -37.94115254 ], [ 145.00440594, -37.94081503 ], [ 145.00423576, -37.94063228 ], [ 145.00412015, -37.94051433 ], [ 145.00375863, -37.94017837 ], [ 145.003125110000013, -37.93960457 ], [ 145.00267168, -37.93921298 ], [ 145.00235756, -37.93892981 ], [ 145.00226164, -37.93883293 ], [ 145.002154780000012, -37.93873253 ], [ 145.00153147, -37.93816925 ], [ 144.998437130000013, -37.93537323 ], [ 144.99823304, -37.93519132 ], [ 144.99799133, -37.93499175 ], [ 144.99761306, -37.9346416 ], [ 144.99727506, -37.93435487 ], [ 144.99687952, -37.93407994 ], [ 144.9965214, -37.93387676 ], [ 144.996002370000014, -37.93362397 ], [ 144.995381470000012, -37.93333529 ], [ 144.99491479, -37.93310782 ], [ 144.99471728, -37.93300694 ], [ 144.99445338000001, -37.9328624 ], [ 144.994106679999987, -37.93261597 ], [ 144.99399595, -37.93252892 ], [ 144.993832270000013, -37.93238933 ], [ 144.99372668, -37.93228904 ], [ 144.99354381, -37.93210586 ], [ 144.99198374, -37.93040722 ], [ 144.99171185, -37.93013007 ], [ 144.991450969999988, -37.92988753 ], [ 144.99094076, -37.92944644 ], [ 144.99066259, -37.92919152 ], [ 144.99031193, -37.92888256 ], [ 144.990041569999988, -37.92863354 ], [ 144.989804240000012, -37.92837482 ], [ 144.9895836, -37.9280797 ], [ 144.98945371, -37.92784012 ], [ 144.98939495, -37.92772511 ], [ 144.98934355, -37.92760744 ], [ 144.98930898, -37.92751079 ], [ 144.98928265, -37.92742482 ], [ 144.98925502, -37.92730738 ], [ 144.989238089999986, -37.92721886 ], [ 144.98922743, -37.92713839 ], [ 144.98921836, -37.92702027 ], [ 144.989214440000012, -37.92690512 ], [ 144.98921485, -37.92678987 ], [ 144.989223970000012, -37.92662647 ], [ 144.989235259999987, -37.92651266 ], [ 144.98926015, -37.92635475 ], [ 144.98928117, -37.92623904 ], [ 144.989317480000011, -37.926088 ], [ 144.98934684, -37.9259873 ], [ 144.989394909999987, -37.9258433 ], [ 144.9894198, -37.92577731 ], [ 144.98948379, -37.92562503 ], [ 144.98966751, -37.92519957 ], [ 144.98980364, -37.92490028 ], [ 144.99179544, -37.9216391 ], [ 144.991979500000014, -37.92132981 ], [ 144.992478369999986, -37.92051258 ], [ 144.99302347, -37.91963099 ], [ 144.99453369, -37.9171361 ], [ 144.99472676, -37.9168292 ], [ 144.99491124, -37.91655794 ], [ 144.99511408, -37.91630168 ], [ 144.9952582, -37.91613013 ], [ 144.99541073, -37.91595429 ], [ 144.9955898, -37.91576486 ], [ 144.99585932, -37.91549928 ], [ 144.99603184, -37.91534983 ], [ 144.99623888, -37.91516501 ], [ 144.996688, -37.91478245 ], [ 144.996883340000011, -37.91461753 ], [ 144.99725274, -37.91428841 ], [ 144.99774095, -37.91387308 ], [ 144.999515229999986, -37.91233947 ], [ 144.99989202, -37.91200136 ], [ 145.00007575, -37.91182371 ], [ 145.00024466, -37.91164733 ], [ 145.000471119999986, -37.91139138 ], [ 145.00066302, -37.91115556 ], [ 145.00084519, -37.91090948 ], [ 145.000992, -37.91069227 ], [ 145.00111628, -37.91048811 ], [ 145.00127235, -37.91021419 ], [ 145.00137516, -37.91001714 ], [ 145.00149323, -37.90976474 ], [ 145.00159450000001, -37.90951972 ], [ 145.00168747, -37.90926591 ], [ 145.001764619999989, -37.90902499 ], [ 145.00182247, -37.90880798 ], [ 145.001886829999989, -37.9085353 ], [ 145.0019936, -37.90799848 ], [ 145.00246533, -37.90551106 ], [ 145.00264031, -37.90460457 ], [ 145.002763499999986, -37.90396044 ], [ 145.002862599999986, -37.90338294 ], [ 145.002945149999988, -37.90294169 ], [ 145.00314687, -37.90188714 ], [ 145.003252769999989, -37.9013522 ], [ 145.00339424, -37.90059077 ], [ 145.003505, -37.9000232 ], [ 145.003601730000014, -37.89955803 ], [ 145.00383897, -37.89830348 ], [ 145.00403682000001, -37.89728599 ], [ 145.004160359999986, -37.89662753 ], [ 145.00426004, -37.89604013 ], [ 145.00464571, -37.89399614 ], [ 145.00468164, -37.89375632 ], [ 145.00470696, -37.89351767 ], [ 145.004720350000014, -37.89330396 ], [ 145.00473015, -37.89302972 ], [ 145.00473129, -37.89275578 ], [ 145.004723109999986, -37.89251133 ], [ 145.00471001, -37.89225933 ], [ 145.004678500000011, -37.89192274 ], [ 145.004634149999987, -37.891611 ], [ 145.00457013, -37.89126152 ], [ 145.004502660000014, -37.89095965 ], [ 145.00444764, -37.89074839 ], [ 145.004359490000013, -37.89044626 ], [ 145.00428682, -37.89021073 ], [ 145.00412441, -37.88971503 ], [ 145.00402255, -37.88942763 ], [ 145.00393699, -37.88920638 ], [ 145.00382442, -37.88896197 ], [ 145.00373355, -37.88878578 ], [ 145.00359373, -37.88854856 ], [ 145.003485149999989, -37.88837955 ], [ 145.003317610000011, -37.88813294 ], [ 145.00302351, -37.88770981 ], [ 145.002556520000013, -37.88706133 ], [ 145.002079619999989, -37.88641403 ], [ 145.0018968, -37.88618609 ], [ 145.00151265, -37.8857379 ], [ 145.0013255, -37.88550204 ], [ 145.001147800000012, -37.88526183 ], [ 145.00076175, -37.88472854 ], [ 145.00056199, -37.88442956 ], [ 145.00035585, -37.88410569 ], [ 144.9983066, -37.88130849 ], [ 144.99805011, -37.88096376 ], [ 144.997658660000013, -37.88042198 ], [ 144.997533940000011, -37.88024548 ], [ 144.99732111, -37.87993438 ], [ 144.99708808, -37.87957607 ], [ 144.99697169, -37.87938593 ], [ 144.99686983, -37.87920901 ], [ 144.99675513, -37.87899861 ], [ 144.99661162000001, -37.87872257 ], [ 144.996383150000014, -37.87827188 ], [ 144.99625742, -37.87801534 ], [ 144.99515014, -37.87581051 ], [ 144.99383763, -37.87320268 ], [ 144.99373558, -37.87298728 ], [ 144.99365691, -37.87281156 ], [ 144.99359177, -37.87265193 ], [ 144.993536, -37.87249949 ], [ 144.99350395, -37.87240676 ], [ 144.99344861, -37.87223017 ], [ 144.99341275, -37.87209772 ], [ 144.99337914, -37.87196206 ], [ 144.99334928, -37.87181403 ], [ 144.99331776, -37.87161848 ], [ 144.99330111, -37.87145689 ], [ 144.99328947, -37.87124482 ], [ 144.993291050000011, -37.87094377 ], [ 144.99331034, -37.87066437 ], [ 144.99332345, -37.87052897 ], [ 144.99334535, -37.8703793 ], [ 144.99338117, -37.87017372 ], [ 144.99348486, -37.86960775 ], [ 144.993611390000012, -37.86892862 ], [ 144.993658079999989, -37.86866177 ], [ 144.993771939999988, -37.86805974 ], [ 144.993936600000012, -37.86716507 ], [ 144.99428354, -37.86525752 ], [ 144.99456674000001, -37.86373819 ], [ 144.99467026, -37.86313176 ], [ 144.99478571, -37.86249551 ], [ 144.99488814, -37.86197521 ], [ 144.99492439, -37.86177829 ], [ 144.99495099, -37.86160617 ], [ 144.99497485, -37.86137182 ], [ 144.99498644, -37.86103209 ], [ 144.99497704, -37.86082953 ], [ 144.99495044, -37.86055277 ], [ 144.99491595, -37.86032834 ], [ 144.994856489999989, -37.86005607 ], [ 144.99476844, -37.85975277 ], [ 144.99466267, -37.85946124 ], [ 144.99454605, -37.85919719 ], [ 144.99442203000001, -37.85895437 ], [ 144.99426585, -37.8586946 ], [ 144.99411906, -37.85846609 ], [ 144.99358294000001, -37.85767698 ], [ 144.99342909, -37.85745709 ], [ 144.993183, -37.85714316 ], [ 144.992927650000013, -37.85684403 ], [ 144.992766210000013, -37.85667808 ], [ 144.99261268, -37.85653064 ], [ 144.99250582, -37.85643473 ], [ 144.992403489999987, -37.85634837 ], [ 144.99195221, -37.85601508 ], [ 144.99128668, -37.8555188 ], [ 144.99115144000001, -37.85540502 ], [ 144.9910212, -37.85528744 ], [ 144.990926480000013, -37.85519706 ], [ 144.99080534, -37.85506667 ], [ 144.99065696, -37.85488867 ], [ 144.99049347, -37.85466852 ], [ 144.99028823, -37.8543496 ], [ 144.990136650000011, -37.85409721 ], [ 144.99002937, -37.85389604 ], [ 144.989926950000012, -37.853679 ], [ 144.98983789, -37.85346796 ], [ 144.989753940000014, -37.8532278 ], [ 144.98968624, -37.85299216 ], [ 144.989643160000014, -37.85280849 ], [ 144.98959622000001, -37.85254914 ], [ 144.989565950000014, -37.85230774 ], [ 144.98954605, -37.85207787 ], [ 144.98953634, -37.8518288 ], [ 144.98954726, -37.8514477 ], [ 144.98956686, -37.85125752 ], [ 144.98959869, -37.85101051 ], [ 144.98981539, -37.84971031 ], [ 144.9899307, -37.84900467 ], [ 144.990006740000013, -37.84858602 ], [ 144.99038145, -37.84673942 ], [ 144.99043383, -37.84647186 ], [ 144.99084696, -37.84444874 ], [ 144.99087355, -37.84432718 ], [ 144.99097282, -37.84382674 ], [ 144.99129867, -37.84221694 ], [ 144.99162945, -37.84061759 ], [ 144.9917542, -37.84004413 ], [ 144.99224156, -37.83792459 ], [ 144.992624439999986, -37.83624583 ], [ 144.99272375000001, -37.83579351 ], [ 144.99277353, -37.83552472 ], [ 144.99281976, -37.83520686 ], [ 144.99287755, -37.83477221 ], [ 144.992921059999986, -37.83447079 ], [ 144.99297762, -37.83418266 ], [ 144.99326893, -37.8327871 ], [ 144.99358565, -37.83130898 ], [ 144.99373963, -37.83051983 ], [ 144.99381073, -37.83009289 ], [ 144.99405067, -37.82869682 ], [ 144.99408434, -37.82833882 ], [ 144.99406283, -37.82792463 ], [ 144.99399445, -37.82755912 ], [ 144.99386969, -37.82718201 ], [ 144.993802640000013, -37.82702307 ], [ 144.99369135, -37.82681976 ], [ 144.99358546, -37.82663538 ], [ 144.99346939, -37.82646578 ], [ 144.99319379, -37.82614603 ], [ 144.99291616, -37.82589708 ], [ 144.99250163, -37.82557703 ], [ 144.99226445, -37.8254161 ], [ 144.99200377, -37.82524637 ], [ 144.991339079999989, -37.8248378 ], [ 144.9911247, -37.82471599 ], [ 144.99094625, -37.82462698 ], [ 144.99079877, -37.82456453 ], [ 144.99060438, -37.8244893 ], [ 144.99040186, -37.82442889 ], [ 144.99001016, -37.82431866 ], [ 144.989154680000013, -37.82408822 ], [ 144.98722619, -37.82355556 ], [ 144.98686013, -37.82344747 ], [ 144.98659863, -37.82336279 ], [ 144.98630888, -37.82325997 ], [ 144.98620428000001, -37.82322511 ], [ 144.98552701, -37.82290523 ], [ 144.98533792, -37.82281089 ], [ 144.98516222, -37.82273777 ], [ 144.98480552, -37.82261172 ], [ 144.98443939, -37.82246451 ], [ 144.98381576, -37.82219429 ], [ 144.98351004, -37.82205658 ], [ 144.98320289, -37.82190506 ], [ 144.98302848, -37.82180979 ], [ 144.98231782, -37.82139866 ], [ 144.982158160000012, -37.82130022 ], [ 144.982014709999987, -37.82120701 ], [ 144.9818631, -37.82109682 ], [ 144.98175314, -37.8210131 ], [ 144.98134547, -37.82067727 ], [ 144.981215350000014, -37.8205788 ], [ 144.98101424, -37.82044207 ], [ 144.98082241, -37.82032352 ], [ 144.98057695, -37.82018052 ], [ 144.980253839999989, -37.8200353 ], [ 144.979341799999986, -37.81961583 ], [ 144.97850904, -37.81922593 ], [ 144.978286379999986, -37.81911793 ], [ 144.97807047, -37.8190077 ], [ 144.9777862, -37.81885944 ], [ 144.97724972, -37.8185532 ], [ 144.976251889999986, -37.81795678 ], [ 144.97601459, -37.81781896 ], [ 144.97573963, -37.81767924 ], [ 144.97549418, -37.8175658 ], [ 144.97529706, -37.81749167 ], [ 144.97507848, -37.81741753 ], [ 144.97483039, -37.81734234 ], [ 144.97460367, -37.81728301 ], [ 144.974472279999986, -37.81725651 ], [ 144.974358630000012, -37.81722932 ], [ 144.97406733, -37.8171971 ], [ 144.97380166, -37.81717486 ], [ 144.973505429999989, -37.81716111 ], [ 144.97312448, -37.81715483 ], [ 144.972944790000014, -37.81715804 ], [ 144.97271951, -37.81717489 ], [ 144.972452589999989, -37.8172067 ], [ 144.972136049999989, -37.8172628 ], [ 144.971790090000013, -37.81734335 ], [ 144.97146429, -37.81742624 ], [ 144.97077085, -37.81762201 ], [ 144.970606049999986, -37.81766648 ], [ 144.96940342, -37.8181496 ], [ 144.969206719999988, -37.81821803 ], [ 144.96826961, -37.81847555 ] ] } },
{ "type": "Feature", "properties": { "SHORT_NAME": "Sunbury" }, "geometry": { "type": "LineString", "coordinates": [ [ 144.727805429999989, -37.57942693 ], [ 144.72742266, -37.57996089 ], [ 144.72733571, -37.58007213 ], [ 144.727209820000013, -37.58024625 ], [ 144.72648544, -37.58126314 ], [ 144.72645466, -37.58129985 ], [ 144.726400250000012, -37.58137604 ], [ 144.72633059, -37.58146607 ], [ 144.725779960000011, -37.58222416 ], [ 144.72527015, -37.58291652 ], [ 144.72299361, -37.58605347 ], [ 144.720746749999989, -37.58920554 ], [ 144.71968245, -37.59093468 ], [ 144.7189299, -37.59254466 ], [ 144.71860736, -37.59374581 ], [ 144.718338749999987, -37.59514274 ], [ 144.71823118, -37.59670996 ], [ 144.71819893, -37.59996381 ], [ 144.718152370000013, -37.60176173 ], [ 144.718019450000014, -37.60869021 ], [ 144.71797308, -37.61198938 ], [ 144.717930130000013, -37.61382026 ], [ 144.717889320000012, -37.61521051 ], [ 144.71787365, -37.61589311 ], [ 144.71788833, -37.61678383 ], [ 144.717910429999989, -37.61725782 ], [ 144.717960260000012, -37.6177328 ], [ 144.71802237, -37.61822811 ], [ 144.718101850000011, -37.61869663 ], [ 144.71839399000001, -37.62010242 ], [ 144.71912525, -37.62343231 ], [ 144.71979654, -37.62650943 ], [ 144.72004684, -37.62763964 ], [ 144.72018864, -37.62827915 ], [ 144.72022965, -37.6284982 ], [ 144.720992779999989, -37.63168 ], [ 144.72113506, -37.63220047 ], [ 144.7213111, -37.63269509 ], [ 144.7214984, -37.63320733 ], [ 144.7217273, -37.63369288 ], [ 144.72196345, -37.63416046 ], [ 144.7221911, -37.63457228 ], [ 144.72248564, -37.63504603 ], [ 144.722761209999987, -37.63546607 ], [ 144.7230564, -37.6358781 ], [ 144.72710866, -37.64101937 ], [ 144.73492099, -37.65102726 ], [ 144.73896489, -37.65617933 ], [ 144.743476789999988, -37.66193832 ], [ 144.746628789999988, -37.66597607 ], [ 144.74819795, -37.66797194 ], [ 144.75227752, -37.67317336 ], [ 144.75896703, -37.68169037 ], [ 144.769017280000014, -37.69452182 ], [ 144.76956561, -37.69522924 ], [ 144.76968786, -37.69538449 ], [ 144.7698447, -37.69557399 ], [ 144.76992912, -37.69568977 ], [ 144.7702188, -37.6960558 ], [ 144.770882699999987, -37.69690789 ], [ 144.77173559, -37.69798603 ], [ 144.77340478, -37.70012081 ], [ 144.77400966, -37.70088957 ], [ 144.774533029999986, -37.70155478 ], [ 144.77469543, -37.70176782 ], [ 144.77578041000001, -37.70314076 ], [ 144.77602599, -37.70346234 ], [ 144.776607930000011, -37.70420722 ], [ 144.77692973, -37.70460512 ], [ 144.77765392, -37.70552823 ], [ 144.77810591, -37.70610971 ], [ 144.77849985, -37.70663341 ], [ 144.778868530000011, -37.70708392 ], [ 144.78247793, -37.71168303 ], [ 144.78316182, -37.7125583 ], [ 144.78601705, -37.71619933 ], [ 144.78693435, -37.71735779 ], [ 144.78742788, -37.71799643 ], [ 144.78844854, -37.71928957 ], [ 144.78954285, -37.72068572 ], [ 144.79025095, -37.72162243 ], [ 144.79074434, -37.72232882 ], [ 144.791081139999989, -37.72285709 ], [ 144.791338599999989, -37.72328357 ], [ 144.79169934, -37.72391898 ], [ 144.791942150000011, -37.72438042 ], [ 144.79214185, -37.72479617 ], [ 144.79254015, -37.72567244 ], [ 144.79279634, -37.7263332 ], [ 144.792962569999986, -37.72679888 ], [ 144.7932068, -37.72756079 ], [ 144.79331715, -37.72791774 ], [ 144.79341864, -37.72822558 ], [ 144.79362785, -37.72891402 ], [ 144.79385331, -37.72962818 ], [ 144.79408378, -37.73034594 ], [ 144.79408755, -37.73036431 ], [ 144.79630065, -37.7374319 ], [ 144.79670164, -37.73873013 ], [ 144.7971053, -37.7399656 ], [ 144.797664270000013, -37.74147856 ], [ 144.7978813, -37.74199357 ], [ 144.798095, -37.74238732 ], [ 144.79841794, -37.74292072 ], [ 144.79876016, -37.74342383 ], [ 144.79917248000001, -37.74396664 ], [ 144.79987786, -37.74487197 ], [ 144.80070525, -37.74589654 ], [ 144.80120666, -37.74653986 ], [ 144.80140494, -37.74678877 ], [ 144.802229149999988, -37.74786067 ], [ 144.80309338, -37.74887753 ], [ 144.803800310000014, -37.7497761 ], [ 144.80461274000001, -37.75086083 ], [ 144.805150630000014, -37.75157024 ], [ 144.80581706000001, -37.75246201 ], [ 144.8065665, -37.75347581 ], [ 144.806801979999989, -37.7537883 ], [ 144.806873200000013, -37.75388614 ], [ 144.806991, -37.75405189 ], [ 144.807211919999986, -37.75438466 ], [ 144.80763163, -37.75504248 ], [ 144.80777705, -37.7552648 ], [ 144.80799532, -37.75558363 ], [ 144.808330250000012, -37.75604153 ], [ 144.808778350000011, -37.75663814 ], [ 144.810082240000014, -37.75836369 ], [ 144.81083321, -37.75936415 ], [ 144.8112318, -37.75988963 ], [ 144.811337900000012, -37.76003291 ], [ 144.8116387, -37.76042599 ], [ 144.81193595, -37.7608274 ], [ 144.81223645, -37.76121534 ], [ 144.81241169, -37.76143163 ], [ 144.812681379999987, -37.76174781 ], [ 144.81343927, -37.762616 ], [ 144.81366366, -37.76289042 ], [ 144.81394443, -37.76324357 ], [ 144.81406057, -37.76340496 ], [ 144.81471821, -37.76426669 ], [ 144.81631148, -37.76638278 ], [ 144.81666693, -37.76685671 ], [ 144.81729055, -37.76769626 ], [ 144.820914390000013, -37.7724821 ], [ 144.82118237, -37.77285906 ], [ 144.82224143, -37.77425751 ], [ 144.822515149999987, -37.77462502 ], [ 144.823123970000012, -37.77543173 ], [ 144.823380859999986, -37.77577757 ], [ 144.82355429, -37.77599182 ], [ 144.82392715, -37.7764985 ], [ 144.824121569999988, -37.77674856 ], [ 144.82464077, -37.77744177 ], [ 144.8250617, -37.7780015 ], [ 144.825430469999986, -37.77848169 ], [ 144.826377259999987, -37.77973358 ], [ 144.82674085, -37.7802243 ], [ 144.82750245, -37.78123756 ], [ 144.82781259, -37.78166187 ], [ 144.828098219999987, -37.7820203 ], [ 144.82906885, -37.78331406 ], [ 144.82976903, -37.78423939 ], [ 144.83041659, -37.7851012 ], [ 144.83068233, -37.78544548 ], [ 144.83152095, -37.78655403 ], [ 144.831951049999986, -37.78713391 ], [ 144.83204622, -37.78725372 ], [ 144.83255039, -37.78794148 ], [ 144.832759509999988, -37.78820712 ], [ 144.83283663, -37.78830739 ], [ 144.83318096, -37.78876881 ], [ 144.83366895, -37.78940833 ], [ 144.8338819, -37.78969891 ], [ 144.834350590000014, -37.79031536 ], [ 144.83448694, -37.79050306 ], [ 144.83483844, -37.79095668 ], [ 144.83525008, -37.79145484 ], [ 144.835672530000011, -37.7919212 ], [ 144.83605212, -37.79231541 ], [ 144.836227040000011, -37.79248552 ], [ 144.836451509999989, -37.79269294 ], [ 144.83665865, -37.79287184 ], [ 144.83683566, -37.79301694 ], [ 144.837050979999987, -37.793184 ], [ 144.83750698, -37.79351688 ], [ 144.83920035, -37.79472668 ], [ 144.839414510000012, -37.79487147 ], [ 144.83963863, -37.79501742 ], [ 144.83984615, -37.79514081 ], [ 144.84006441, -37.79526584 ], [ 144.84053864, -37.79551974 ], [ 144.84079419, -37.79564744 ], [ 144.841148550000014, -37.79581777 ], [ 144.84152222, -37.79598791 ], [ 144.84180404, -37.7961104 ], [ 144.84200925, -37.79619626 ], [ 144.84240345, -37.79635199 ], [ 144.84314916, -37.79662762 ], [ 144.843870650000014, -37.7968618 ], [ 144.844663270000012, -37.79709069 ], [ 144.845329099999987, -37.79725896 ], [ 144.84601312, -37.79739944 ], [ 144.84661193, -37.79749411 ], [ 144.84839716, -37.79770319 ], [ 144.84970822, -37.79787402 ], [ 144.85075444, -37.79800604 ], [ 144.85231864, -37.7981775 ], [ 144.85381745, -37.79831684 ], [ 144.85692233, -37.7985985 ], [ 144.857721520000013, -37.79868081 ], [ 144.8592878, -37.79885636 ], [ 144.86008815, -37.79893786 ], [ 144.86092423, -37.79900947 ], [ 144.862833849999987, -37.79916462 ], [ 144.86312612, -37.79919444 ], [ 144.86341515, -37.79922627 ], [ 144.86350893, -37.79923896 ], [ 144.86420105, -37.79933253 ], [ 144.866331730000013, -37.79963682 ], [ 144.867179920000012, -37.79975357 ], [ 144.867937, -37.79986361 ], [ 144.869187649999986, -37.80003728 ], [ 144.86955237, -37.80009101 ], [ 144.87037074, -37.80019107 ], [ 144.87271698, -37.80044921 ], [ 144.87427785, -37.8005823 ], [ 144.874705940000013, -37.80061679 ], [ 144.87501114, -37.80064708 ], [ 144.877981690000013, -37.80097442 ], [ 144.878376409999987, -37.8010238 ], [ 144.87940199, -37.80117042 ], [ 144.88002388000001, -37.80125506 ], [ 144.88065587, -37.80132816 ], [ 144.88136105000001, -37.80140366 ], [ 144.8836672, -37.8016688 ], [ 144.88427633, -37.80173905 ], [ 144.88443178, -37.80176013 ], [ 144.885633320000011, -37.80189427 ], [ 144.886158529999989, -37.80194461 ], [ 144.88938024, -37.80229771 ], [ 144.89001780000001, -37.80235122 ], [ 144.89066322, -37.80239622 ], [ 144.89084817, -37.80240647 ], [ 144.89104314, -37.80242384 ], [ 144.891253400000011, -37.80244256 ], [ 144.8917389, -37.8025038 ], [ 144.89254781, -37.80263074 ], [ 144.89323808, -37.80271203 ], [ 144.89407725, -37.80280148 ], [ 144.89433638, -37.80281116 ], [ 144.89481611, -37.80281199 ], [ 144.89505435, -37.8028012 ], [ 144.89529664, -37.80278417 ], [ 144.89764936, -37.80264434 ], [ 144.89834271, -37.80258931 ], [ 144.898850759999988, -37.80253223 ], [ 144.89930479, -37.80247373 ], [ 144.8995964, -37.80241937 ], [ 144.90002865, -37.80232371 ], [ 144.900350010000011, -37.80223752 ], [ 144.90069599, -37.80210816 ], [ 144.90104456, -37.80195144 ], [ 144.901717749999989, -37.80158909 ], [ 144.90232014, -37.80125612 ], [ 144.903070680000013, -37.80084116 ], [ 144.90473834, -37.79992624 ], [ 144.90538177, -37.79960317 ], [ 144.9060311, -37.799324 ], [ 144.90667274, -37.79904379 ], [ 144.90730993, -37.79880819 ], [ 144.90771304, -37.79866982 ], [ 144.90813897000001, -37.79853933 ], [ 144.90874301, -37.7983837 ], [ 144.90940817, -37.7982269 ], [ 144.90996876, -37.79811772 ], [ 144.91060446, -37.79801923 ], [ 144.911568960000011, -37.79790757 ], [ 144.91241758000001, -37.79783799 ], [ 144.91294072, -37.79782419 ], [ 144.91344891, -37.79782527 ], [ 144.91400546, -37.79784333 ], [ 144.91481294, -37.79789557 ], [ 144.91531885, -37.79795752 ], [ 144.91576884, -37.79801712 ], [ 144.91602588, -37.79806033 ], [ 144.91766275, -37.79831106 ], [ 144.919597900000014, -37.79862958 ], [ 144.91998804, -37.79868496 ], [ 144.92105837, -37.7988457 ], [ 144.92182732, -37.79895219 ], [ 144.9223982, -37.79903877 ], [ 144.92626963, -37.79961004 ], [ 144.9267223, -37.79968019 ], [ 144.9271944, -37.799766 ], [ 144.92964555, -37.80013859 ], [ 144.930274849999989, -37.80023229 ], [ 144.930648, -37.80029526 ], [ 144.93087595, -37.80033964 ], [ 144.931167, -37.80040216 ], [ 144.93145981, -37.80047462 ], [ 144.93174479000001, -37.800551 ], [ 144.93195386, -37.80061271 ], [ 144.93262735, -37.8008245 ], [ 144.93323375, -37.80101087 ], [ 144.93380335, -37.80119741 ], [ 144.93393033000001, -37.80124623 ], [ 144.93411301, -37.8013218 ], [ 144.93429726, -37.80140632 ], [ 144.93479478, -37.8016525 ], [ 144.935759069999989, -37.80212441 ], [ 144.936705389999986, -37.80259356 ], [ 144.93782386, -37.80315783 ], [ 144.93813565, -37.80333271 ], [ 144.938357, -37.80347203 ], [ 144.938535949999988, -37.80359646 ], [ 144.93872984, -37.80374701 ], [ 144.93896723, -37.80394672 ], [ 144.939406420000012, -37.80433984 ], [ 144.93967766, -37.80458854 ], [ 144.940191840000011, -37.80503794 ], [ 144.940543170000012, -37.80537652 ], [ 144.94079008, -37.8056347 ], [ 144.94107815000001, -37.80595668 ], [ 144.94154246, -37.8065584 ], [ 144.94203725, -37.80718327 ], [ 144.94260967, -37.80790511 ], [ 144.94293729, -37.80825977 ], [ 144.94348954, -37.80898819 ], [ 144.943929419999989, -37.80955082 ], [ 144.944190920000011, -37.80988981 ], [ 144.94456637, -37.81036768 ], [ 144.94485981, -37.81073489 ], [ 144.945131, -37.81102782 ], [ 144.94544495, -37.81132339 ], [ 144.94578092, -37.81159068 ], [ 144.9460954, -37.81183029 ], [ 144.94630644, -37.8119987 ], [ 144.94654839, -37.81220794 ], [ 144.947055440000014, -37.81267593 ], [ 144.9472586, -37.81285854 ], [ 144.94738335, -37.81298453 ], [ 144.947656849999987, -37.81327704 ], [ 144.94785815, -37.81351432 ], [ 144.948221499999988, -37.81395078 ], [ 144.94858625, -37.8143979 ], [ 144.94901536, -37.81494563 ], [ 144.9491576, -37.81512149 ], [ 144.94932785, -37.81531542 ], [ 144.94963095, -37.81561844 ], [ 144.94976015, -37.81576488 ], [ 144.94989472, -37.81591006 ], [ 144.95029226, -37.81640884 ], [ 144.950359920000011, -37.81650077 ], [ 144.95049196, -37.81669646 ], [ 144.95063276, -37.81692051 ], [ 144.95086206, -37.81721819 ], [ 144.9509922, -37.81741682 ], [ 144.95110046, -37.81760182 ], [ 144.95124795000001, -37.81784293 ], [ 144.95131257, -37.81793408 ], [ 144.95181175, -37.81856593 ], [ 144.952350239999987, -37.81925198 ], [ 144.95250497, -37.81945726 ], [ 144.952619840000011, -37.81963318 ], [ 144.95271852, -37.81977061 ], [ 144.952850500000011, -37.81992764 ], [ 144.95293744, -37.82001684 ], [ 144.95310179, -37.82015802 ], [ 144.95347458, -37.82043558 ], [ 144.95397474, -37.82079474 ], [ 144.954151950000011, -37.82091866 ], [ 144.95428486, -37.82100541 ], [ 144.95444298000001, -37.8210844 ], [ 144.95460732, -37.82116016 ], [ 144.95489695, -37.82126531 ], [ 144.955168210000011, -37.82134049 ], [ 144.95546357, -37.82139041 ], [ 144.95578523, -37.82140933 ], [ 144.956114430000014, -37.82139802 ], [ 144.95643338, -37.82136291 ], [ 144.95671895000001, -37.82130244 ], [ 144.95701725, -37.8212129 ], [ 144.9573078, -37.82109512 ], [ 144.95757575, -37.82095251 ], [ 144.958008049999989, -37.82068362 ], [ 144.958262499999989, -37.82051546 ], [ 144.958552059999988, -37.82036349 ], [ 144.9588244, -37.82024277 ], [ 144.959043290000011, -37.82015681 ], [ 144.95929153, -37.82007802 ], [ 144.960211210000011, -37.8198036 ], [ 144.96043025, -37.81974134 ], [ 144.9606771, -37.8196838 ], [ 144.960874069999988, -37.81964729 ], [ 144.96102181, -37.8196247 ], [ 144.961167210000013, -37.81960442 ], [ 144.96133401, -37.81958676 ], [ 144.96149662, -37.81957272 ], [ 144.96177728, -37.81955812 ], [ 144.96190932, -37.81954878 ], [ 144.962071650000013, -37.81953257 ], [ 144.96230832, -37.81949792 ], [ 144.962414419999988, -37.81947777 ], [ 144.96258124, -37.81943433 ], [ 144.96270868, -37.81939806 ], [ 144.9628638, -37.8193464 ], [ 144.96303931, -37.81930122 ], [ 144.96330513, -37.81924382 ], [ 144.96394411, -37.81908807 ], [ 144.96417399, -37.81902788 ], [ 144.96441055, -37.81896014 ], [ 144.96466633, -37.81887517 ], [ 144.964914459999989, -37.81877087 ], [ 144.96508848, -37.81870142 ], [ 144.96528551, -37.8186294 ], [ 144.965824880000014, -37.81846001 ], [ 144.9665367, -37.81825314 ] ] } },
{ "type": "Feature", "properties": { "SHORT_NAME": "Upfield" }, "geometry": { "type": "LineString", "coordinates": [ [ 144.94660209, -37.66559235 ], [ 144.94772217, -37.66844394 ], [ 144.947951460000013, -37.66901397 ], [ 144.94871325, -37.67095984 ], [ 144.94875506, -37.67105969 ], [ 144.94950191, -37.67296069 ], [ 144.94967495, -37.6734087 ], [ 144.950016760000011, -37.67424618 ], [ 144.95035483, -37.67512081 ], [ 144.950488940000014, -37.67542648 ], [ 144.95120707, -37.67727397 ], [ 144.95145455, -37.67792253 ], [ 144.95154304, -37.67814757 ], [ 144.95180195, -37.67870639 ], [ 144.95217134, -37.67939996 ], [ 144.95244688, -37.67984102 ], [ 144.952790240000013, -37.68033137 ], [ 144.95315635, -37.68079842 ], [ 144.95360158, -37.68130793 ], [ 144.95398516, -37.6817377 ], [ 144.95428289, -37.68211884 ], [ 144.95458871, -37.6825688 ], [ 144.95482737, -37.68299118 ], [ 144.95499646, -37.68337847 ], [ 144.95518413, -37.68382863 ], [ 144.95528475, -37.68414913 ], [ 144.95537053000001, -37.68449406 ], [ 144.955658910000011, -37.68602559 ], [ 144.956019559999987, -37.68796562 ], [ 144.956178060000013, -37.68884226 ], [ 144.95632686, -37.6897134 ], [ 144.95638925, -37.69003928 ], [ 144.95644988, -37.69031312 ], [ 144.95648505, -37.69045323 ], [ 144.95655879, -37.69072072 ], [ 144.95666602, -37.69106981 ], [ 144.956830849999989, -37.69155138 ], [ 144.957121769999986, -37.69232289 ], [ 144.95744843, -37.69311448 ], [ 144.957807339999988, -37.69404171 ], [ 144.95796341, -37.69442526 ], [ 144.958110409999989, -37.69489588 ], [ 144.95816401, -37.6951167 ], [ 144.9582579, -37.69565886 ], [ 144.95848879, -37.69760286 ], [ 144.958598490000014, -37.6984699 ], [ 144.95864556, -37.6988667 ], [ 144.958763549999986, -37.69960997 ], [ 144.958827860000014, -37.70003969 ], [ 144.9588831, -37.70037472 ], [ 144.95893258000001, -37.70080373 ], [ 144.95895651, -37.70106846 ], [ 144.9590206, -37.70177088 ], [ 144.95906932, -37.70234344 ], [ 144.95931988000001, -37.70441096 ], [ 144.9593377, -37.70450968 ], [ 144.959377319999987, -37.70476099 ], [ 144.95944176, -37.70523613 ], [ 144.96008389, -37.71062563 ], [ 144.96041684, -37.7134587 ], [ 144.96053525, -37.71444818 ], [ 144.96061979000001, -37.71513004 ], [ 144.96076048, -37.71627933 ], [ 144.96092947, -37.7175842 ], [ 144.96105275, -37.71862811 ], [ 144.961102860000011, -37.71908479 ], [ 144.961200350000013, -37.71978652 ], [ 144.961294220000013, -37.72021937 ], [ 144.96137484, -37.72070533 ], [ 144.96138947, -37.7208048 ], [ 144.96140885, -37.72095861 ], [ 144.96143039, -37.72117031 ], [ 144.96145386, -37.721481 ], [ 144.9614847, -37.72197439 ], [ 144.96149806, -37.72223164 ], [ 144.96155439, -37.7228629 ], [ 144.96165901, -37.72376446 ], [ 144.96169665, -37.72405088 ], [ 144.96184947, -37.72531753 ], [ 144.962192750000014, -37.72826629 ], [ 144.96254667, -37.73119613 ], [ 144.962560239999988, -37.73128081 ], [ 144.96264338, -37.73191506 ], [ 144.96272043, -37.73239519 ], [ 144.96275873, -37.73259601 ], [ 144.962806089999987, -37.73289242 ], [ 144.96290393000001, -37.73350394 ], [ 144.9629176, -37.73360547 ], [ 144.96293304, -37.7337584 ], [ 144.962941120000011, -37.73474696 ], [ 144.96300552, -37.73551913 ], [ 144.96314086000001, -37.73672933 ], [ 144.96320778, -37.73730598 ], [ 144.96328938, -37.73795958 ], [ 144.96338504, -37.73878789 ], [ 144.96346284, -37.73941889 ], [ 144.963544539999987, -37.74015604 ], [ 144.963548620000012, -37.74047522 ], [ 144.96353794, -37.74075728 ], [ 144.9635139, -37.74098442 ], [ 144.96346552, -37.74139569 ], [ 144.96340232, -37.74192089 ], [ 144.963345659999987, -37.7423569 ], [ 144.96310605, -37.74431211 ], [ 144.963050399999986, -37.7447029 ], [ 144.96302831, -37.74495791 ], [ 144.96289686, -37.74602688 ], [ 144.96259471, -37.74838708 ], [ 144.962505279999988, -37.74921462 ], [ 144.9623805, -37.75021341 ], [ 144.96230272, -37.75085596 ], [ 144.96222898, -37.7514255 ], [ 144.96221159000001, -37.75159624 ], [ 144.96209624, -37.752524 ], [ 144.96200636, -37.75321852 ], [ 144.96189827, -37.75410071 ], [ 144.96177469, -37.75510898 ], [ 144.96170332, -37.75565413 ], [ 144.961591989999988, -37.75636026 ], [ 144.96153486, -37.7566719 ], [ 144.96150343, -37.75685763 ], [ 144.96146115, -37.75707886 ], [ 144.96136402, -37.75762744 ], [ 144.96135386, -37.75767106 ], [ 144.96120187, -37.75851419 ], [ 144.96083791, -37.76055403 ], [ 144.9608246, -37.76061688 ], [ 144.960778620000013, -37.76088581 ], [ 144.96069993, -37.76130827 ], [ 144.96061896, -37.76174349 ], [ 144.96037895, -37.7630921 ], [ 144.96025695, -37.76376849 ], [ 144.96021049, -37.76401371 ], [ 144.96016845, -37.76426684 ], [ 144.95990147, -37.7657617 ], [ 144.95979295, -37.76639362 ], [ 144.95974669, -37.7666766 ], [ 144.9597231, -37.76684093 ], [ 144.95962354, -37.76774967 ], [ 144.959568929999989, -37.76824139 ], [ 144.95953755, -37.7685651 ], [ 144.95936101, -37.77024184 ], [ 144.959231069999987, -37.77144997 ], [ 144.9591236, -37.772485 ], [ 144.95906871, -37.77305639 ], [ 144.95900558, -37.77358114 ], [ 144.95896513, -37.77382979 ], [ 144.958939969999989, -37.77400572 ], [ 144.95878296, -37.77483938 ], [ 144.95875562, -37.77496237 ], [ 144.958539019999989, -37.7759355 ], [ 144.95841965, -37.77650676 ], [ 144.958191590000013, -37.77753294 ], [ 144.95816324, -37.77763879 ], [ 144.95810745, -37.77788799 ], [ 144.95801849, -37.77826143 ], [ 144.95791888, -37.77859702 ], [ 144.957846859999989, -37.77878402 ], [ 144.95774099, -37.77900424 ], [ 144.95766655, -37.77915128 ], [ 144.95760698, -37.77924893 ], [ 144.95746509, -37.77946627 ], [ 144.957348270000011, -37.77961411 ], [ 144.95720144, -37.77977981 ], [ 144.957066020000013, -37.77991877 ], [ 144.95689708, -37.78006282 ], [ 144.95674132, -37.78017763 ], [ 144.95664464, -37.78024534 ], [ 144.95648258, -37.78034554 ], [ 144.9562899, -37.78045286 ], [ 144.95599063, -37.7806042 ], [ 144.955827410000012, -37.78068067 ], [ 144.95558238000001, -37.78078366 ], [ 144.955296159999989, -37.7808899 ], [ 144.95509288, -37.78095314 ], [ 144.95490204, -37.7810057 ], [ 144.954719250000011, -37.7810466 ], [ 144.954590349999989, -37.7810722 ], [ 144.954450619999989, -37.78109519 ], [ 144.954219990000013, -37.7811248 ], [ 144.953891410000011, -37.78115739 ], [ 144.95358133, -37.78117769 ], [ 144.953317950000013, -37.78118852 ], [ 144.953097289999988, -37.78119433 ], [ 144.952333040000013, -37.78119763 ], [ 144.95143185, -37.78120169 ], [ 144.951304240000013, -37.78120533 ], [ 144.9509181, -37.78124151 ], [ 144.95028512, -37.78134332 ], [ 144.94959787, -37.78152277 ], [ 144.94947978, -37.78155983 ], [ 144.94880716, -37.78181811 ], [ 144.948144680000013, -37.7821446 ], [ 144.94766998, -37.78243498 ], [ 144.94716295, -37.78280599 ], [ 144.94671779, -37.78318538 ], [ 144.94630738, -37.78356492 ], [ 144.94535523, -37.78449338 ], [ 144.944904619999988, -37.78491312 ], [ 144.94433865, -37.78538583 ], [ 144.94379948, -37.78578429 ], [ 144.942780950000014, -37.78645932 ], [ 144.942487340000014, -37.78663416 ], [ 144.94209741, -37.7868548 ], [ 144.94190828, -37.78694729 ], [ 144.94091695, -37.78739389 ], [ 144.94007832, -37.78776322 ], [ 144.93950475, -37.78805796 ], [ 144.939197220000011, -37.7882467 ], [ 144.938904009999987, -37.78843108 ], [ 144.938437349999987, -37.78878077 ], [ 144.93837749, -37.78883452 ], [ 144.93807912, -37.78912253 ], [ 144.93796662, -37.78923583 ], [ 144.93735984, -37.78993578 ], [ 144.937268859999989, -37.79008369 ], [ 144.93715124, -37.79031143 ], [ 144.93695953, -37.79072847 ], [ 144.936819250000013, -37.7911383 ], [ 144.93669755, -37.79155747 ], [ 144.9366516, -37.79176006 ], [ 144.93647635, -37.79272809 ], [ 144.93633734, -37.79344263 ], [ 144.93617618, -37.79431647 ], [ 144.93610791, -37.79469259 ], [ 144.93604702, -37.79510967 ], [ 144.93602367, -37.7954792 ], [ 144.93601845, -37.79565474 ], [ 144.93602687, -37.79601311 ], [ 144.93603844, -37.79619318 ], [ 144.93607587, -37.79649663 ], [ 144.93611033, -37.79673172 ], [ 144.9361594, -37.79696788 ], [ 144.93648771, -37.79818058 ], [ 144.93668241, -37.79891358 ], [ 144.93678588, -37.79928082 ], [ 144.93686956, -37.79953849 ], [ 144.936922360000011, -37.79976777 ], [ 144.937073340000012, -37.80027237 ], [ 144.93721817, -37.8007856 ], [ 144.93744209, -37.80160788 ], [ 144.93754271, -37.80195542 ], [ 144.93762847, -37.80219168 ], [ 144.93774925, -37.80243504 ], [ 144.937883559999989, -37.80266142 ], [ 144.93801027, -37.80283414 ], [ 144.9381297, -37.80297511 ], [ 144.938237289999989, -37.80309234 ], [ 144.93833084, -37.80318338 ], [ 144.93877432, -37.80357702 ], [ 144.9388528, -37.80365058 ], [ 144.93892172, -37.80372109 ], [ 144.93908133, -37.80389943 ], [ 144.93945865, -37.8042464 ], [ 144.93959898, -37.80437917 ], [ 144.9398132, -37.80460767 ], [ 144.94010857, -37.80487517 ], [ 144.94052847, -37.80523496 ], [ 144.94088517, -37.80555607 ], [ 144.94114801, -37.80582534 ], [ 144.94147209, -37.80622933 ], [ 144.94214467, -37.80708206 ], [ 144.94259223, -37.80764951 ], [ 144.942686720000012, -37.80776434 ], [ 144.94300113, -37.80808759 ], [ 144.94320507, -37.80833519 ], [ 144.94339756, -37.80859458 ], [ 144.943743719999986, -37.80909573 ], [ 144.94409706, -37.80952248 ], [ 144.94422312, -37.80967896 ], [ 144.94450883, -37.81006253 ], [ 144.944562389999987, -37.81015052 ], [ 144.944803760000013, -37.81049483 ], [ 144.94493574, -37.81067151 ], [ 144.94511089, -37.81085607 ], [ 144.94546771, -37.81120681 ], [ 144.94571645, -37.8114332 ], [ 144.945864949999986, -37.81155889 ], [ 144.94614503, -37.81176492 ], [ 144.946532929999989, -37.81206042 ], [ 144.94690241, -37.81239372 ], [ 144.94748524, -37.81294359 ], [ 144.94775482, -37.81318061 ], [ 144.948104840000013, -37.81352384 ], [ 144.948326110000011, -37.81377066 ], [ 144.94880971, -37.81438494 ], [ 144.948944360000013, -37.81456013 ], [ 144.94909775, -37.81475169 ], [ 144.94935167, -37.81507873 ], [ 144.94961178, -37.81539561 ], [ 144.94987952, -37.81576957 ], [ 144.94995773, -37.81587033 ], [ 144.95039975, -37.81648172 ], [ 144.95062342, -37.8167694 ], [ 144.95088088, -37.81714958 ], [ 144.95107145, -37.81738981 ], [ 144.95122529, -37.81756533 ], [ 144.95196991, -37.81850767 ], [ 144.95244155, -37.81910902 ], [ 144.95252339000001, -37.81923463 ], [ 144.952818009999987, -37.81975099 ], [ 144.95286708, -37.81982502 ], [ 144.95299963, -37.81999449 ], [ 144.953072350000014, -37.82007217 ], [ 144.953231929999987, -37.8202131 ], [ 144.95351944, -37.820436 ], [ 144.95370775, -37.82056516 ], [ 144.95388164, -37.82069011 ], [ 144.95404589, -37.82079787 ], [ 144.95417917, -37.82089147 ], [ 144.95430898, -37.82097528 ], [ 144.95446654, -37.82105399 ], [ 144.954628070000012, -37.82112853 ], [ 144.954914, -37.82123217 ], [ 144.955180399999989, -37.82130619 ], [ 144.9554709, -37.82135521 ], [ 144.95579099, -37.82137357 ], [ 144.95610943, -37.82136513 ], [ 144.9564268, -37.82132972 ], [ 144.95670291, -37.82127008 ], [ 144.95700215, -37.82117939 ], [ 144.95728207, -37.8210725 ], [ 144.957543539999989, -37.820926 ], [ 144.95797846, -37.82065661 ], [ 144.958238279999989, -37.82048719 ], [ 144.95852407000001, -37.82033201 ], [ 144.95880342000001, -37.82021231 ], [ 144.95902252, -37.82012743 ], [ 144.95927482, -37.82004538 ], [ 144.96019406, -37.81977023 ], [ 144.960477590000011, -37.81969278 ], [ 144.960782450000011, -37.81962858 ], [ 144.960930850000011, -37.81960276 ], [ 144.96120625, -37.81956463 ], [ 144.96152095, -37.8195389 ], [ 144.96165165, -37.81953278 ], [ 144.96184725, -37.81951283 ], [ 144.96197948, -37.81949232 ], [ 144.96215808, -37.81945468 ], [ 144.962331299999988, -37.81941018 ], [ 144.96246973, -37.81937076 ], [ 144.962872, -37.81928806 ], [ 144.962976739999988, -37.8192631 ], [ 144.96341745, -37.81913348 ], [ 144.963607130000014, -37.81908521 ], [ 144.96383911, -37.81903966 ], [ 144.96399632, -37.81900282 ], [ 144.96410929000001, -37.81897206 ], [ 144.964365539999989, -37.81889493 ], [ 144.964861180000014, -37.81875039 ], [ 144.96528551, -37.8186294 ], [ 144.965824880000014, -37.81846001 ], [ 144.9665367, -37.81825314 ] ] } },
{ "type": "Feature", "properties": { "SHORT_NAME": "Werribee" }, "geometry": { "type": "LineString", "coordinates": [ [ 144.66090928, -37.89958088 ], [ 144.66171003, -37.89925609 ], [ 144.66255017, -37.89890098 ], [ 144.66310594, -37.89867386 ], [ 144.664553219999988, -37.89809164 ], [ 144.665072790000011, -37.8978691 ], [ 144.66628731, -37.89738253 ], [ 144.66895115, -37.89634778 ], [ 144.67085021, -37.89557529 ], [ 144.672485529999989, -37.89488621 ], [ 144.67810688, -37.89260156 ], [ 144.67870439, -37.89234581 ], [ 144.67925735, -37.8920926 ], [ 144.67998996, -37.89176732 ], [ 144.68059582, -37.89150569 ], [ 144.68241742, -37.89082808 ], [ 144.68395379, -37.89029972 ], [ 144.69414604, -37.88609629 ], [ 144.69478229, -37.88582734 ], [ 144.69542006, -37.88556391 ], [ 144.69725599, -37.8848293 ], [ 144.697690560000012, -37.88464298 ], [ 144.698530150000011, -37.88425453 ], [ 144.699513090000011, -37.88381526 ], [ 144.70131477000001, -37.8830791 ], [ 144.701636330000014, -37.88295382 ], [ 144.702016930000013, -37.88280554 ], [ 144.70346396, -37.88229951 ], [ 144.704094340000012, -37.88205607 ], [ 144.709295090000012, -37.87995282 ], [ 144.710063600000012, -37.87963842 ], [ 144.710732830000012, -37.87938011 ], [ 144.71138721, -37.87914936 ], [ 144.7120337, -37.87894187 ], [ 144.71255129, -37.87880001 ], [ 144.71523624, -37.8781173 ], [ 144.71930239, -37.87710112 ], [ 144.7205966, -37.87677287 ], [ 144.7218076, -37.87647011 ], [ 144.72245535, -37.87630504 ], [ 144.72291941, -37.87619074 ], [ 144.7256633, -37.87549307 ], [ 144.7312047, -37.87409362 ], [ 144.73363346, -37.87347638 ], [ 144.73548154, -37.87301381 ], [ 144.74045967, -37.8717551 ], [ 144.7418236, -37.8714046 ], [ 144.74353896, -37.87097063 ], [ 144.74585671, -37.87038966 ], [ 144.74632682, -37.87027214 ], [ 144.74879062, -37.86964201 ], [ 144.74983131, -37.86938472 ], [ 144.751215449999989, -37.8690364 ], [ 144.75288102, -37.86860971 ], [ 144.75493828, -37.86808991 ], [ 144.756969950000013, -37.86758067 ], [ 144.75782826, -37.86736048 ], [ 144.75852172, -37.86717102 ], [ 144.759987489999986, -37.86673692 ], [ 144.76026915, -37.86666253 ], [ 144.761233409999988, -37.86640756 ], [ 144.761448879999989, -37.86636057 ], [ 144.76168999, -37.8663036 ], [ 144.76227221, -37.86617608 ], [ 144.76315445, -37.86599442 ], [ 144.76355071, -37.8659076 ], [ 144.76401762, -37.86580041 ], [ 144.765738230000011, -37.86536792 ], [ 144.76684065, -37.86508417 ], [ 144.77130705, -37.86396014 ], [ 144.77225127, -37.86372669 ], [ 144.77286066, -37.86356754 ], [ 144.77309735, -37.8635057 ], [ 144.774950890000014, -37.86303801 ], [ 144.77610503, -37.86274046 ], [ 144.777424599999989, -37.86241439 ], [ 144.77767401, -37.86236783 ], [ 144.778065669999989, -37.86228952 ], [ 144.779324870000011, -37.86196707 ], [ 144.77998412, -37.86180451 ], [ 144.78083296, -37.86163398 ], [ 144.78171414, -37.86146153 ], [ 144.78202245, -37.86141057 ], [ 144.78227327, -37.86137781 ], [ 144.7825804, -37.8613471 ], [ 144.78277219, -37.8613344 ], [ 144.783012250000013, -37.8613228 ], [ 144.783238860000012, -37.86131643 ], [ 144.78352317, -37.8613153 ], [ 144.78374181, -37.86132059 ], [ 144.78398456, -37.86133327 ], [ 144.7842166, -37.86135034 ], [ 144.784545189999989, -37.86138518 ], [ 144.78500108, -37.86144243 ], [ 144.785533539999989, -37.86151652 ], [ 144.78576422, -37.86155249 ], [ 144.78632879, -37.86165521 ], [ 144.78704504000001, -37.86174473 ], [ 144.78876155, -37.86197822 ], [ 144.790647760000013, -37.86222749 ], [ 144.794767799999988, -37.8627839 ], [ 144.79846387, -37.86327312 ], [ 144.810348440000013, -37.86487504 ], [ 144.81069477, -37.8649141 ], [ 144.81120099, -37.86495848 ], [ 144.812675899999988, -37.86511071 ], [ 144.81405325, -37.86524913 ], [ 144.81440293, -37.86527094 ], [ 144.815362130000011, -37.86531957 ], [ 144.81564628000001, -37.86533953 ], [ 144.81592903, -37.86536488 ], [ 144.81666671, -37.86544318 ], [ 144.816860420000012, -37.86546966 ], [ 144.81707645, -37.86550638 ], [ 144.81723839, -37.86553858 ], [ 144.817398059999988, -37.86557822 ], [ 144.81757481, -37.86562871 ], [ 144.81801836, -37.86578265 ], [ 144.818256749999989, -37.86586268 ], [ 144.8184046, -37.86590651 ], [ 144.818681379999987, -37.86597626 ], [ 144.818858729999988, -37.86601 ], [ 144.8189734, -37.86602646 ], [ 144.81938089, -37.86607726 ], [ 144.820733710000013, -37.86621568 ], [ 144.822894350000013, -37.86645636 ], [ 144.82571252, -37.86674258 ], [ 144.828562299999987, -37.86702526 ], [ 144.82944677, -37.8671188 ], [ 144.831221269999986, -37.86730697 ], [ 144.83330487, -37.86751404 ], [ 144.837759049999988, -37.86797012 ], [ 144.838118689999988, -37.86800592 ], [ 144.838483090000011, -37.86803469 ], [ 144.83882111, -37.86804811 ], [ 144.83910842, -37.86804636 ], [ 144.8394553, -37.86803272 ], [ 144.83980863, -37.86800812 ], [ 144.84004239, -37.86798357 ], [ 144.84039121, -37.86793464 ], [ 144.84060889, -37.86789574 ], [ 144.840765440000013, -37.86786401 ], [ 144.84089036, -37.86783702 ], [ 144.84101678, -37.86780545 ], [ 144.84113702, -37.86777531 ], [ 144.84133906, -37.86771918 ], [ 144.84150936, -37.86766832 ], [ 144.841725630000013, -37.86759587 ], [ 144.84190865, -37.86752957 ], [ 144.84209639, -37.86745731 ], [ 144.84224869, -37.86739189 ], [ 144.84255787, -37.86724409 ], [ 144.84271995, -37.86715929 ], [ 144.842991970000014, -37.8670072 ], [ 144.84314455, -37.86691268 ], [ 144.84327339, -37.86682916 ], [ 144.84401994000001, -37.86632008 ], [ 144.84439631, -37.86603932 ], [ 144.84492776, -37.86562461 ], [ 144.84560776, -37.86512476 ], [ 144.846895210000014, -37.86418679 ], [ 144.847182190000012, -37.86398883 ], [ 144.84745845, -37.86378022 ], [ 144.84821077, -37.86322328 ], [ 144.84860784, -37.86287071 ], [ 144.84879246, -37.86267844 ], [ 144.84899844, -37.86241601 ], [ 144.84918445, -37.86212112 ], [ 144.84932526, -37.86183632 ], [ 144.84944472, -37.86150814 ], [ 144.84953588, -37.86118719 ], [ 144.84959755, -37.86085273 ], [ 144.84967404, -37.86019196 ], [ 144.849826900000011, -37.85879643 ], [ 144.84987374, -37.85847143 ], [ 144.84993824, -37.85820767 ], [ 144.85000453, -37.85802676 ], [ 144.850097839999989, -37.85781588 ], [ 144.85029756, -37.85750989 ], [ 144.85049615, -37.85726642 ], [ 144.85154749, -37.85606879 ], [ 144.85167622, -37.85589037 ], [ 144.85178893, -37.85570769 ], [ 144.85201268, -37.85525876 ], [ 144.85212411, -37.85492818 ], [ 144.85225379, -37.85452881 ], [ 144.852363770000011, -37.85425984 ], [ 144.8523889, -37.85418487 ], [ 144.85243125, -37.854073 ], [ 144.852489639999988, -37.85394078 ], [ 144.85263135, -37.85356128 ], [ 144.853049520000013, -37.85225566 ], [ 144.853273699999988, -37.85148944 ], [ 144.8533756, -37.8511776 ], [ 144.85340094, -37.85106821 ], [ 144.85347617, -37.85061784 ], [ 144.85358036, -37.85011689 ], [ 144.853618899999987, -37.84997557 ], [ 144.85368266, -37.84979912 ], [ 144.8537615, -37.84963943 ], [ 144.85381904, -37.84954018 ], [ 144.853970049999987, -37.84929818 ], [ 144.85414676, -37.84905953 ], [ 144.85441128, -37.84875922 ], [ 144.85483503, -37.84845848 ], [ 144.855211849999989, -37.84824781 ], [ 144.85554308, -37.84811218 ], [ 144.85581001, -37.8480381 ], [ 144.856181529999986, -37.8479671 ], [ 144.85652755000001, -37.84792483 ], [ 144.85693387, -37.84790781 ], [ 144.85730665, -37.84792261 ], [ 144.858101979999986, -37.84799566 ], [ 144.859048800000011, -37.8480529 ], [ 144.86136758, -37.84832512 ], [ 144.86247405, -37.84847012 ], [ 144.863600530000014, -37.84862691 ], [ 144.86565635, -37.84888004 ], [ 144.8674294, -37.8490833 ], [ 144.86956444, -37.8493332 ], [ 144.87061982, -37.84944971 ], [ 144.87122735, -37.84951008 ], [ 144.871906, -37.84953551 ], [ 144.87237532, -37.84952912 ], [ 144.87282678, -37.84950746 ], [ 144.872970040000013, -37.84949337 ], [ 144.87321241, -37.84946333 ], [ 144.87345371, -37.84942669 ], [ 144.87357981, -37.84940454 ], [ 144.8738356, -37.84935437 ], [ 144.874263430000013, -37.84924918 ], [ 144.87457403, -37.84916206 ], [ 144.87473792, -37.84911023 ], [ 144.87500286, -37.8490222 ], [ 144.87558822, -37.84879738 ], [ 144.87573179, -37.848745 ], [ 144.87592029000001, -37.84868289 ], [ 144.87606374, -37.84862636 ], [ 144.87633574, -37.84850997 ], [ 144.876446429999987, -37.84846646 ], [ 144.876658639999988, -37.84839784 ], [ 144.87786693000001, -37.8479932 ], [ 144.88034338, -37.84715549 ], [ 144.88100051, -37.8469278 ], [ 144.881362599999989, -37.84677634 ], [ 144.88168449, -37.84661956 ], [ 144.88202653, -37.84640989 ], [ 144.882306770000014, -37.84620343 ], [ 144.88265551, -37.84589844 ], [ 144.8828727, -37.84566751 ], [ 144.88309267, -37.84538273 ], [ 144.88325525, -37.84510999 ], [ 144.88333323, -37.84496216 ], [ 144.88338908, -37.84483727 ], [ 144.88346954, -37.84459054 ], [ 144.88350974, -37.84433741 ], [ 144.883543339999989, -37.84404829 ], [ 144.883554049999987, -37.84386077 ], [ 144.88358908, -37.84347795 ], [ 144.88359067, -37.8433666 ], [ 144.88358238, -37.84317577 ], [ 144.88355528, -37.84272452 ], [ 144.88354639, -37.84251493 ], [ 144.883541869999988, -37.84240671 ], [ 144.883535239999986, -37.8420901 ], [ 144.88353973, -37.84175396 ], [ 144.88354734, -37.84139642 ], [ 144.883554010000012, -37.84120676 ], [ 144.88357677, -37.84075244 ], [ 144.883666690000013, -37.8398967 ], [ 144.88372572, -37.83947727 ], [ 144.88377804000001, -37.83912992 ], [ 144.88385168, -37.83876771 ], [ 144.88388526, -37.83857493 ], [ 144.883981760000012, -37.83813644 ], [ 144.88416017, -37.83742052 ], [ 144.88463316, -37.83557651 ], [ 144.884835689999989, -37.83480334 ], [ 144.88509595, -37.83377484 ], [ 144.885356120000012, -37.8327612 ], [ 144.885560199999986, -37.83198851 ], [ 144.88559881, -37.8318142 ], [ 144.88588682, -37.83070049 ], [ 144.88612755, -37.82976976 ], [ 144.886343149999988, -37.82890338 ], [ 144.88658449, -37.82796699 ], [ 144.88693988, -37.82659306 ], [ 144.88741063, -37.8247944 ], [ 144.88785503, -37.82302267 ], [ 144.88836806, -37.82103868 ], [ 144.88855062, -37.82034093 ], [ 144.88866825, -37.81987282 ], [ 144.88926806, -37.81753261 ], [ 144.88934049, -37.81727068 ], [ 144.88938871, -37.81711348 ], [ 144.889465, -37.81687982 ], [ 144.88959125, -37.81653117 ], [ 144.88962455, -37.81645076 ], [ 144.88987261, -37.81590153 ], [ 144.88992615, -37.81578488 ], [ 144.889951880000012, -37.81573479 ], [ 144.89005626, -37.81553192 ], [ 144.89016826, -37.81532864 ], [ 144.89031205, -37.81507799 ], [ 144.89046350000001, -37.81482972 ], [ 144.890543619999988, -37.8147086 ], [ 144.89073615, -37.81442981 ], [ 144.89085875, -37.81425691 ], [ 144.89099735, -37.81407276 ], [ 144.891171789999987, -37.81384671 ], [ 144.89126432, -37.81375258 ], [ 144.891441640000011, -37.81352496 ], [ 144.89188875, -37.81302922 ], [ 144.892316169999987, -37.81256691 ], [ 144.8926904, -37.81216926 ], [ 144.892897190000014, -37.81195542 ], [ 144.893180660000013, -37.81163778 ], [ 144.89331821, -37.81149822 ], [ 144.89361691, -37.8111677 ], [ 144.89387045, -37.81090351 ], [ 144.894377459999987, -37.81035349 ], [ 144.89462039, -37.81009884 ], [ 144.89486544, -37.80983729 ], [ 144.89506577, -37.80963071 ], [ 144.895638569999988, -37.80901527 ], [ 144.89614552, -37.80847444 ], [ 144.89675281000001, -37.80781149 ], [ 144.897339710000011, -37.80720232 ], [ 144.89831969, -37.80616131 ], [ 144.89850153, -37.80596134 ], [ 144.89991336, -37.80445698 ], [ 144.90025042, -37.80407359 ], [ 144.90161952, -37.80259989 ], [ 144.90180842, -37.80238626 ], [ 144.90200287, -37.8021775 ], [ 144.902261720000013, -37.80191996 ], [ 144.902395070000011, -37.80180329 ], [ 144.9028106, -37.8014231 ], [ 144.90302889, -37.80125036 ], [ 144.90322115, -37.8011104 ], [ 144.90396138, -37.80060604 ], [ 144.904624790000014, -37.80018691 ], [ 144.90485974, -37.80004321 ], [ 144.905098509999988, -37.79991327 ], [ 144.90539629, -37.79976456 ], [ 144.90657563, -37.79925312 ], [ 144.90688975, -37.7991292 ], [ 144.90711707, -37.79905043 ], [ 144.90734508, -37.79897932 ], [ 144.90784785, -37.79883866 ], [ 144.908082330000013, -37.79877983 ], [ 144.90825755, -37.79873996 ], [ 144.90874724, -37.79864421 ], [ 144.91101583, -37.79826012 ], [ 144.91242786, -37.79803769 ], [ 144.912891050000013, -37.79797498 ], [ 144.91321772, -37.79794526 ], [ 144.91360516, -37.79792708 ], [ 144.913982440000012, -37.79793079 ], [ 144.91441126, -37.79795956 ], [ 144.91477364, -37.79800058 ], [ 144.915300550000012, -37.79807534 ], [ 144.915754819999989, -37.79814393 ], [ 144.916149749999988, -37.79820689 ], [ 144.91815275, -37.7985032 ], [ 144.92134002, -37.79897927 ], [ 144.92269087, -37.79917262 ], [ 144.923908649999987, -37.79935648 ], [ 144.92475986, -37.79948242 ], [ 144.926574100000011, -37.7997485 ], [ 144.92785357, -37.79994081 ], [ 144.928297210000011, -37.80000494 ], [ 144.92855544, -37.80005463 ], [ 144.9288, -37.80011453 ], [ 144.92946077, -37.80020789 ], [ 144.93026007, -37.80032656 ], [ 144.93062031, -37.80039228 ], [ 144.93088935, -37.8004454 ], [ 144.93121967, -37.80051717 ], [ 144.93153475, -37.8005975 ], [ 144.93184978, -37.80068793 ], [ 144.932811179999987, -37.80098516 ], [ 144.93331367, -37.80115899 ], [ 144.93377713000001, -37.80132717 ], [ 144.93402952, -37.80142424 ], [ 144.93436338, -37.8015687 ], [ 144.93473305, -37.80174018 ], [ 144.935468969999988, -37.8021132 ], [ 144.93636175, -37.8025469 ], [ 144.936991080000013, -37.80286126 ], [ 144.9379299, -37.8033392 ], [ 144.93804534, -37.80340277 ], [ 144.93822352, -37.80351394 ], [ 144.93840186, -37.80363566 ], [ 144.93863464, -37.80381321 ], [ 144.93889468, -37.80403566 ], [ 144.94009405, -37.8050994 ], [ 144.9403327, -37.80533571 ], [ 144.940634139999986, -37.80570371 ], [ 144.940882140000014, -37.80596353 ], [ 144.9411421, -37.80628763 ], [ 144.94202334, -37.80741833 ], [ 144.942533059999988, -37.80807076 ], [ 144.94263577000001, -37.80821702 ], [ 144.94274513, -37.80836104 ], [ 144.94283245, -37.80846431 ], [ 144.94309658, -37.80873279 ], [ 144.9444744, -37.81047286 ], [ 144.944782769999989, -37.81079293 ], [ 144.94507378, -37.81107576 ], [ 144.94538498, -37.81137235 ], [ 144.94565398, -37.81158864 ], [ 144.94616079, -37.81197508 ], [ 144.946362349999987, -37.81214143 ], [ 144.946707260000011, -37.81245944 ], [ 144.94695232, -37.81267107 ], [ 144.94714463, -37.81286376 ], [ 144.947563, -37.81330659 ], [ 144.947760179999989, -37.81352063 ], [ 144.94808473, -37.8139137 ], [ 144.94833549, -37.81423997 ], [ 144.94859571, -37.81455676 ], [ 144.94896445, -37.81502828 ], [ 144.94913075, -37.81523376 ], [ 144.949504929999989, -37.81572646 ], [ 144.949765109999987, -37.81604541 ], [ 144.95002126, -37.81638646 ], [ 144.9502694, -37.81670538 ], [ 144.95079908, -37.81737597 ], [ 144.95101895, -37.81763681 ], [ 144.951310619999987, -37.81799199 ], [ 144.951360349999987, -37.818059 ], [ 144.95181639, -37.81863666 ], [ 144.9522561, -37.81919312 ], [ 144.95236786000001, -37.81935016 ], [ 144.952536439999989, -37.81964228 ], [ 144.952645960000012, -37.81979396 ], [ 144.952712389999988, -37.81987306 ], [ 144.9528154, -37.81998092 ], [ 144.95288234, -37.8200458 ], [ 144.952982100000014, -37.82012738 ], [ 144.95351485, -37.82051189 ], [ 144.95373081, -37.82068452 ], [ 144.95411578, -37.82095318 ], [ 144.9542516, -37.82104169 ], [ 144.95441363, -37.82112264 ], [ 144.95458111, -37.82119999 ], [ 144.9548757, -37.82130676 ], [ 144.95515282, -37.82138366 ], [ 144.95545451000001, -37.82143459 ], [ 144.955615810000012, -37.82145587 ], [ 144.95578715, -37.82147164 ], [ 144.955895059999989, -37.82147198 ], [ 144.95608644, -37.82146972 ], [ 144.95641082, -37.82143948 ], [ 144.95658523, -37.82141403 ], [ 144.956751489999988, -37.82137897 ], [ 144.95706008, -37.82129529 ], [ 144.957379519999989, -37.82117647 ], [ 144.95899329, -37.82054507 ], [ 144.9604792, -37.81996054 ], [ 144.96075585, -37.81986044 ], [ 144.961005, -37.81978554 ], [ 144.96124999, -37.81972553 ], [ 144.96148041, -37.81967869 ], [ 144.96165367, -37.81964934 ], [ 144.962354940000012, -37.81954613 ], [ 144.96249534, -37.8195217 ], [ 144.962596670000011, -37.81950129 ], [ 144.962957820000014, -37.81941021 ], [ 144.96360715, -37.81924139 ], [ 144.96370464, -37.81922027 ], [ 144.963957990000011, -37.81915328 ], [ 144.9644528, -37.81904748 ], [ 144.96489634, -37.81896737 ], [ 144.96514235, -37.81891962 ], [ 144.96538671, -37.81886572 ], [ 144.96595697, -37.81873427 ], [ 144.966879510000012, -37.8185277 ] ] } },
{ "type": "Feature", "properties": { "SHORT_NAME": "Williamstown" }, "geometry": { "type": "LineString", "coordinates": [ [ 144.905032260000013, -37.86765807 ], [ 144.90401678, -37.86731755 ], [ 144.90384008, -37.86727106 ], [ 144.90344975, -37.86718192 ], [ 144.90326835, -37.86713291 ], [ 144.90319012, -37.86710944 ], [ 144.900890550000014, -37.86633788 ], [ 144.899581469999987, -37.86590594 ], [ 144.89896761, -37.8656988 ], [ 144.897655680000014, -37.86526426 ], [ 144.89686849, -37.86500066 ], [ 144.896393679999989, -37.86484502 ], [ 144.89588276, -37.86466403 ], [ 144.89534773, -37.86444378 ], [ 144.89502768, -37.86429432 ], [ 144.89467381, -37.86411506 ], [ 144.89444257, -37.86399242 ], [ 144.89432241, -37.86392872 ], [ 144.89394047, -37.86370579 ], [ 144.89329543, -37.86328521 ], [ 144.892806259999986, -37.86293194 ], [ 144.89236098, -37.86254647 ], [ 144.892035170000014, -37.86224469 ], [ 144.89170655, -37.86191006 ], [ 144.89143571, -37.86160197 ], [ 144.89122243, -37.86133627 ], [ 144.89101591, -37.86107259 ], [ 144.890821499999987, -37.860791 ], [ 144.89060552, -37.86044478 ], [ 144.89047138, -37.86022241 ], [ 144.89015627, -37.85961361 ], [ 144.88995721, -37.85920849 ], [ 144.88944246, -37.8581358 ], [ 144.88893879, -37.85711314 ], [ 144.888563080000011, -37.85634294 ], [ 144.888086210000012, -37.85538186 ], [ 144.88781413000001, -37.85482799 ], [ 144.88771678, -37.85465493 ], [ 144.887382949999989, -37.85398677 ], [ 144.886476280000011, -37.85214213 ], [ 144.88616918, -37.85150986 ], [ 144.885553640000012, -37.85027728 ], [ 144.88529738, -37.84972765 ], [ 144.88510575, -37.849283 ], [ 144.88492729, -37.8488467 ], [ 144.88471675, -37.84830024 ], [ 144.88456645, -37.84789679 ], [ 144.88432918, -37.84720837 ], [ 144.884224569999986, -37.8468526 ], [ 144.88412673, -37.84649038 ], [ 144.88401131, -37.84604773 ], [ 144.88390543, -37.84557749 ], [ 144.883840959999986, -37.84524479 ], [ 144.88371125, -37.84459867 ], [ 144.8836734, -37.84435648 ], [ 144.883642509999987, -37.84404187 ], [ 144.88360824, -37.84378569 ], [ 144.88358908, -37.84347795 ], [ 144.88359067, -37.8433666 ], [ 144.88358238, -37.84317577 ], [ 144.88355528, -37.84272452 ], [ 144.88354639, -37.84251493 ], [ 144.883541869999988, -37.84240671 ], [ 144.883535239999986, -37.8420901 ], [ 144.88353973, -37.84175396 ], [ 144.88354734, -37.84139642 ], [ 144.883554010000012, -37.84120676 ], [ 144.88357677, -37.84075244 ], [ 144.883666690000013, -37.8398967 ], [ 144.88372572, -37.83947727 ], [ 144.88377804000001, -37.83912992 ], [ 144.88385168, -37.83876771 ], [ 144.88388526, -37.83857493 ], [ 144.883981760000012, -37.83813644 ], [ 144.88416017, -37.83742052 ], [ 144.88463316, -37.83557651 ], [ 144.884835689999989, -37.83480334 ], [ 144.88509595, -37.83377484 ], [ 144.885356120000012, -37.8327612 ], [ 144.885560199999986, -37.83198851 ], [ 144.88559881, -37.8318142 ], [ 144.88588682, -37.83070049 ], [ 144.88612755, -37.82976976 ], [ 144.886343149999988, -37.82890338 ], [ 144.88658449, -37.82796699 ], [ 144.88693988, -37.82659306 ], [ 144.88741063, -37.8247944 ], [ 144.88785503, -37.82302267 ], [ 144.88836806, -37.82103868 ], [ 144.88855062, -37.82034093 ], [ 144.88866825, -37.81987282 ], [ 144.88926806, -37.81753261 ], [ 144.88934049, -37.81727068 ], [ 144.88938871, -37.81711348 ], [ 144.889465, -37.81687982 ], [ 144.88959125, -37.81653117 ], [ 144.88962455, -37.81645076 ], [ 144.88987261, -37.81590153 ], [ 144.88992615, -37.81578488 ], [ 144.889951880000012, -37.81573479 ], [ 144.89005626, -37.81553192 ], [ 144.89016826, -37.81532864 ], [ 144.89031205, -37.81507799 ], [ 144.89046350000001, -37.81482972 ], [ 144.890543619999988, -37.8147086 ], [ 144.89073615, -37.81442981 ], [ 144.89085875, -37.81425691 ], [ 144.89099735, -37.81407276 ], [ 144.891171789999987, -37.81384671 ], [ 144.89126432, -37.81375258 ], [ 144.891441640000011, -37.81352496 ], [ 144.89188875, -37.81302922 ], [ 144.892316169999987, -37.81256691 ], [ 144.8926904, -37.81216926 ], [ 144.892897190000014, -37.81195542 ], [ 144.893180660000013, -37.81163778 ], [ 144.89331821, -37.81149822 ], [ 144.89361691, -37.8111677 ], [ 144.89387045, -37.81090351 ], [ 144.894377459999987, -37.81035349 ], [ 144.89462039, -37.81009884 ], [ 144.89486544, -37.80983729 ], [ 144.89506577, -37.80963071 ], [ 144.895638569999988, -37.80901527 ], [ 144.89614552, -37.80847444 ], [ 144.89675281000001, -37.80781149 ], [ 144.897339710000011, -37.80720232 ], [ 144.89831969, -37.80616131 ], [ 144.89850153, -37.80596134 ], [ 144.89991336, -37.80445698 ], [ 144.90025042, -37.80407359 ], [ 144.90161952, -37.80259989 ], [ 144.90180842, -37.80238626 ], [ 144.90200287, -37.8021775 ], [ 144.902261720000013, -37.80191996 ], [ 144.902395070000011, -37.80180329 ], [ 144.9028106, -37.8014231 ], [ 144.90302889, -37.80125036 ], [ 144.90322115, -37.8011104 ], [ 144.90396138, -37.80060604 ], [ 144.904624790000014, -37.80018691 ], [ 144.90485974, -37.80004321 ], [ 144.905098509999988, -37.79991327 ], [ 144.90539629, -37.79976456 ], [ 144.90657563, -37.79925312 ], [ 144.90688975, -37.7991292 ], [ 144.90711707, -37.79905043 ], [ 144.90734508, -37.79897932 ], [ 144.90784785, -37.79883866 ], [ 144.908082330000013, -37.79877983 ], [ 144.90825755, -37.79873996 ], [ 144.90874724, -37.79864421 ], [ 144.91101583, -37.79826012 ], [ 144.91242786, -37.79803769 ], [ 144.912891050000013, -37.79797498 ], [ 144.91321772, -37.79794526 ], [ 144.91360516, -37.79792708 ], [ 144.913982440000012, -37.79793079 ], [ 144.91441126, -37.79795956 ], [ 144.91477364, -37.79800058 ], [ 144.915300550000012, -37.79807534 ], [ 144.915754819999989, -37.79814393 ], [ 144.916149749999988, -37.79820689 ], [ 144.91815275, -37.7985032 ], [ 144.92134002, -37.79897927 ], [ 144.92269087, -37.79917262 ], [ 144.923908649999987, -37.79935648 ], [ 144.92475986, -37.79948242 ], [ 144.926574100000011, -37.7997485 ], [ 144.92785357, -37.79994081 ], [ 144.928297210000011, -37.80000494 ], [ 144.92855544, -37.80005463 ], [ 144.9288, -37.80011453 ], [ 144.92946077, -37.80020789 ], [ 144.93026007, -37.80032656 ], [ 144.93062031, -37.80039228 ], [ 144.93088935, -37.8004454 ], [ 144.93121967, -37.80051717 ], [ 144.93153475, -37.8005975 ], [ 144.93184978, -37.80068793 ], [ 144.932811179999987, -37.80098516 ], [ 144.93331367, -37.80115899 ], [ 144.93377713000001, -37.80132717 ], [ 144.93402952, -37.80142424 ], [ 144.93436338, -37.8015687 ], [ 144.93473305, -37.80174018 ], [ 144.935468969999988, -37.8021132 ], [ 144.93636175, -37.8025469 ], [ 144.936991080000013, -37.80286126 ], [ 144.9379299, -37.8033392 ], [ 144.93804534, -37.80340277 ], [ 144.93822352, -37.80351394 ], [ 144.93840186, -37.80363566 ], [ 144.93863464, -37.80381321 ], [ 144.93889468, -37.80403566 ], [ 144.94009405, -37.8050994 ], [ 144.9403327, -37.80533571 ], [ 144.940634139999986, -37.80570371 ], [ 144.940882140000014, -37.80596353 ], [ 144.9411421, -37.80628763 ], [ 144.94202334, -37.80741833 ], [ 144.942533059999988, -37.80807076 ], [ 144.94263577000001, -37.80821702 ], [ 144.94274513, -37.80836104 ], [ 144.94283245, -37.80846431 ], [ 144.94309658, -37.80873279 ], [ 144.9444744, -37.81047286 ], [ 144.944782769999989, -37.81079293 ], [ 144.94507378, -37.81107576 ], [ 144.94538498, -37.81137235 ], [ 144.94565398, -37.81158864 ], [ 144.94616079, -37.81197508 ], [ 144.946362349999987, -37.81214143 ], [ 144.946707260000011, -37.81245944 ], [ 144.94695232, -37.81267107 ], [ 144.94714463, -37.81286376 ], [ 144.947563, -37.81330659 ], [ 144.947760179999989, -37.81352063 ], [ 144.94808473, -37.8139137 ], [ 144.94833549, -37.81423997 ], [ 144.94859571, -37.81455676 ], [ 144.94896445, -37.81502828 ], [ 144.94913075, -37.81523376 ], [ 144.949504929999989, -37.81572646 ], [ 144.949765109999987, -37.81604541 ], [ 144.95002126, -37.81638646 ], [ 144.9502694, -37.81670538 ], [ 144.95079908, -37.81737597 ], [ 144.95101895, -37.81763681 ], [ 144.951310619999987, -37.81799199 ], [ 144.951360349999987, -37.818059 ], [ 144.95181639, -37.81863666 ], [ 144.9522561, -37.81919312 ], [ 144.95236786000001, -37.81935016 ], [ 144.952536439999989, -37.81964228 ], [ 144.952645960000012, -37.81979396 ], [ 144.952712389999988, -37.81987306 ], [ 144.9528154, -37.81998092 ], [ 144.95288234, -37.8200458 ], [ 144.952982100000014, -37.82012738 ], [ 144.95351485, -37.82051189 ], [ 144.95373081, -37.82068452 ], [ 144.95411578, -37.82095318 ], [ 144.9542516, -37.82104169 ], [ 144.95441363, -37.82112264 ], [ 144.95458111, -37.82119999 ], [ 144.9548757, -37.82130676 ], [ 144.95515282, -37.82138366 ], [ 144.95545451000001, -37.82143459 ], [ 144.955615810000012, -37.82145587 ], [ 144.95578715, -37.82147164 ], [ 144.955895059999989, -37.82147198 ], [ 144.95608644, -37.82146972 ], [ 144.95641082, -37.82143948 ], [ 144.95658523, -37.82141403 ], [ 144.956751489999988, -37.82137897 ], [ 144.95706008, -37.82129529 ], [ 144.957379519999989, -37.82117647 ], [ 144.95899329, -37.82054507 ], [ 144.9604792, -37.81996054 ], [ 144.96075585, -37.81986044 ], [ 144.961005, -37.81978554 ], [ 144.96124999, -37.81972553 ], [ 144.96148041, -37.81967869 ], [ 144.96165367, -37.81964934 ], [ 144.962354940000012, -37.81954613 ], [ 144.96249534, -37.8195217 ], [ 144.962596670000011, -37.81950129 ], [ 144.962957820000014, -37.81941021 ], [ 144.96360715, -37.81924139 ], [ 144.96370464, -37.81922027 ], [ 144.963957990000011, -37.81915328 ], [ 144.9644528, -37.81904748 ], [ 144.96489634, -37.81896737 ], [ 144.96514235, -37.81891962 ], [ 144.96538671, -37.81886572 ], [ 144.96595697, -37.81873427 ], [ 144.966879510000012, -37.8185277 ] ] } }
]
}
