Station_Name,Day_Type,Time_Bin,Boardings,Alightings,Total
Sunbury,Normal Weekday,00:00–04:00,0.13079667063020214,5.648038049940547,5.7788347205707495
Sunbury,Normal Weekday,04:00–08:00,28.041972717733472,3.2381951731374605,31.28016789087093
Sunbury,Normal Weekday,08:00–12:00,20.465174754840334,10.36711088760372,30.832285642444056
Sunbury,Normal Weekday,12:00–16:00,16.210526315789473,24.431941923774954,40.64246823956442
Sunbury,Normal Weekday,16:00–20:00,7.8882093102276585,29.904858987427794,37.79306829765545
Sunbury,Normal Weekday,20:00–00:00,3.190066857688634,7.195160776822668,10.385227634511303
Sunbury,Normal Weekend,00:00–04:00,0.34175334323922735,6.686478454680535,7.028231797919762
Sunbury,Normal Weekend,04:00–08:00,4.192185850052798,2.1330517423442448,6.325237592397043
Sunbury,Normal Weekend,08:00–12:00,21.52191235059761,11.768924302788845,33.29083665338646
Sunbury,Normal Weekend,12:00–16:00,20.016380016380015,16.96969696969697,36.98607698607698
Sunbury,Normal Weekend,16:00–20:00,12.747559274755927,19.274755927475592,32.02231520223152
Sunbury,Normal Weekend,20:00–00:00,4.445165476963011,8.896820246593121,13.341985723556132
Sunbury,Public Holiday,00:00–04:00,0,3.230769230769231,3.230769230769231
Sunbury,Public Holiday,04:00–08:00,5.428571428571429,1.3333333333333333,6.761904761904762
Sunbury,Public Holiday,08:00–12:00,19.4375,7.875,27.3125
Sunbury,Public Holiday,12:00–16:00,15.963855421686747,11.927710843373495,27.89156626506024
Sunbury,Public Holiday,16:00–20:00,7.4866310160427805,17.967914438502675,25.454545454545453
Sunbury,Public Holiday,20:00–00:00,2.843137254901961,7.107843137254902,9.950980392156863
Sunbury,School Holiday,00:00–04:00,0.04950495049504951,4.257425742574258,4.306930693069307
Sunbury,School Holiday,04:00–08:00,18.36624775583483,2.253141831238779,20.61938958707361
Sunbury,School Holiday,08:00–12:00,17.586933614330874,7.997892518440463,25.584826132771337
Sunbury,School Holiday,12:00–16:00,16.11280487804878,19.359756097560975,35.47256097560975
Sunbury,School Holiday,16:00–20:00,6.661931818181818,23.970170454545453,30.632102272727273
Sunbury,School Holiday,20:00–00:00,3.4289439374185138,6.166883963494133,9.595827900912646
Diggers Rest,Normal Weekday,00:00–04:00,0,1.377245508982036,1.377245508982036
Diggers Rest,Normal Weekday,04:00–08:00,13.452256033578173,0.01049317943336831,13.462749213011541
Diggers Rest,Normal Weekday,08:00–12:00,9.034448076439528,0.6990193613276339,9.733467437767162
Diggers Rest,Normal Weekday,12:00–16:00,3.292196007259528,8.359346642468239,11.651542649727768
Diggers Rest,Normal Weekday,16:00–20:00,0.7564167941526432,12.593914669386368,13.350331463539012
Diggers Rest,Normal Weekday,20:00–00:00,0.01588814744200826,3.511280584683826,3.5271687321258343
Diggers Rest,Normal Weekend,00:00–04:00,0,0.8794326241134752,0.8794326241134752
Diggers Rest,Normal Weekend,04:00–08:00,1.4098690835850958,0.02014098690835851,1.4300100704934542
Diggers Rest,Normal Weekend,08:00–12:00,6.1735537190082646,1,7.1735537190082646
Diggers Rest,Normal Weekend,12:00–16:00,4.398034398034398,3.751023751023751,8.149058149058149
Diggers Rest,Normal Weekend,16:00–20:00,2.1687587168758715,5.334728033472803,7.503486750348674
Diggers Rest,Normal Weekend,20:00–00:00,0.33774834437086093,2.6556291390728477,2.993377483443709
Diggers Rest,Public Holiday,00:00–04:00,0,0.14705882352941177,0.14705882352941177
Diggers Rest,Public Holiday,04:00–08:00,2.0754716981132075,0,2.0754716981132075
Diggers Rest,Public Holiday,08:00–12:00,5.723270440251572,0.5031446540880503,6.226415094339623
Diggers Rest,Public Holiday,12:00–16:00,5,3.1927710843373496,8.19277108433735
Diggers Rest,Public Holiday,16:00–20:00,1.2698412698412698,5.079365079365079,6.349206349206349
Diggers Rest,Public Holiday,20:00–00:00,0.1507537688442211,2.0100502512562812,2.1608040201005023
Diggers Rest,School Holiday,00:00–04:00,0,0.7920792079207921,0.7920792079207921
Diggers Rest,School Holiday,04:00–08:00,8.74326750448833,0,8.74326750448833
Diggers Rest,School Holiday,08:00–12:00,6.754478398314014,0.5163329820864068,7.2708113804004215
Diggers Rest,School Holiday,12:00–16:00,3.323170731707317,5.975609756097561,9.298780487804878
Diggers Rest,School Holiday,16:00–20:00,0.6534090909090909,8.991477272727273,9.644886363636365
Diggers Rest,School Holiday,20:00–00:00,0.03911342894393742,3.1421121251629724,3.1812255541069097
Glen Iris,Normal Weekday,00:00–04:00,0,0.8368200836820083,0.8368200836820083
Glen Iris,Normal Weekday,04:00–08:00,8.102963443651308,2.3145143845987453,10.417477828250053
Glen Iris,Normal Weekday,08:00–12:00,7.670354538596932,3.272567261755092,10.942921800352025
Glen Iris,Normal Weekday,12:00–16:00,4.343462120170494,5.189055410422109,9.532517530592603
Glen Iris,Normal Weekday,16:00–20:00,4.325756519313903,9.591409845209872,13.917166364523776
Glen Iris,Normal Weekday,20:00–00:00,0.3375036368926389,4.547570555717195,4.885074192609834
Glen Iris,Normal Weekend,00:00–04:00,0.06622516556291391,0.9713024282560706,1.0375275938189845
Glen Iris,Normal Weekend,04:00–08:00,0.24346257889990983,0.11722272317403065,0.36068530207394045
Glen Iris,Normal Weekend,08:00–12:00,4.4482029598308666,2.13107822410148,6.579281183932347
Glen Iris,Normal Weekend,12:00–16:00,5.492748233544068,3.9903309780587577,9.483079211602826
Glen Iris,Normal Weekend,16:00–20:00,4.024251610458507,6.195528609321713,10.219780219780219
Glen Iris,Normal Weekend,20:00–00:00,0.6610066707095209,4.742268041237113,5.403274711946635
Glen Iris,Public Holiday,00:00–04:00,0,0.22727272727272727,0.22727272727272727
Glen Iris,Public Holiday,04:00–08:00,0.20689655172413793,0,0.20689655172413793
Glen Iris,Public Holiday,08:00–12:00,4.635761589403973,0.9271523178807947,5.562913907284768
Glen Iris,Public Holiday,12:00–16:00,6.099071207430341,3.0340557275541795,9.13312693498452
Glen Iris,Public Holiday,16:00–20:00,1.7034700315457414,6.561514195583596,8.264984227129338
Glen Iris,Public Holiday,20:00–00:00,0.29535864978902954,2.278481012658228,2.5738396624472575
Glen Iris,School Holiday,00:00–04:00,0.09345794392523364,1.1214953271028036,1.2149532710280373
Glen Iris,School Holiday,04:00–08:00,4.540389972144847,0.25998142989786444,4.800371402042711
Glen Iris,School Holiday,08:00–12:00,6.089813800657174,1.171960569550931,7.261774370208105
Glen Iris,School Holiday,12:00–16:00,2.5717776420281,3.5186316432498472,6.090409285277947
Glen Iris,School Holiday,16:00–20:00,2.9994036970781157,7.4239713774597496,10.423375074537866
Glen Iris,School Holiday,20:00–00:00,0.20151133501259447,4.710327455919395,4.91183879093199
Darling,Normal Weekday,00:00–04:00,0.08333333333333333,1.6666666666666667,1.75
Darling,Normal Weekday,04:00–08:00,9.165044343499892,0.17953709712308025,9.344581440622973
Darling,Normal Weekday,08:00–12:00,9.868090452261306,1.243718592964824,11.11180904522613
Darling,Normal Weekday,12:00–16:00,1.9373375290737447,5.215487754822822,7.152825283896567
Darling,Normal Weekday,16:00–20:00,3.152271849658901,11.309048783627237,14.461320633286137
Darling,Normal Weekday,20:00–00:00,0.4527104959630911,5.628604382929643,6.081314878892734
Darling,Normal Weekend,00:00–04:00,0.04291845493562232,1.738197424892704,1.7811158798283262
Darling,Normal Weekend,04:00–08:00,0.8311461067366579,0.42869641294838146,1.2598425196850394
Darling,Normal Weekend,08:00–12:00,6.8244897959183675,2.2122448979591836,9.036734693877552
Darling,Normal Weekend,12:00–16:00,7.667502687208886,4.829810103905411,12.497312791114297
Darling,Normal Weekend,16:00–20:00,5.188713814584097,7.303041407108831,12.491755221692928
Darling,Normal Weekend,20:00–00:00,1.4827787507297139,5.598365440747227,7.081144191476941
Darling,Public Holiday,00:00–04:00,0.23255813953488372,0.6976744186046512,0.9302325581395349
Darling,Public Holiday,04:00–08:00,0.41379310344827586,0.06896551724137931,0.48275862068965514
Darling,Public Holiday,08:00–12:00,4.370860927152318,0.46357615894039733,4.8344370860927155
Darling,Public Holiday,12:00–16:00,5.479876160990712,2.8173374613003097,8.297213622291022
Darling,Public Holiday,16:00–20:00,1.8670886075949367,5.7594936708860756,7.6265822784810124
Darling,Public Holiday,20:00–00:00,0.9205020920502092,3.723849372384937,4.644351464435147
Darling,School Holiday,00:00–04:00,0,2,2
Darling,School Holiday,04:00–08:00,5.10677808727948,0.09285051067780872,5.199628597957289
Darling,School Holiday,08:00–12:00,7.497261774370208,0.9583789704271632,8.455640744797371
Darling,School Holiday,12:00–16:00,2.2818791946308723,3.306894447834045,5.5887736424649175
Darling,School Holiday,16:00–20:00,2.93208172280508,8.470458310325787,11.402540033130867
Darling,School Holiday,20:00–00:00,0.16331658291457288,4.798994974874372,4.9623115577889445
East Malvern,Normal Weekday,00:00–04:00,0,2.725225225225225,2.725225225225225
East Malvern,Normal Weekday,04:00–08:00,10.903990024937656,0.5714879467996675,11.475477971737323
East Malvern,Normal Weekday,08:00–12:00,11.821396993810787,1.418466590880384,13.23986358469117
East Malvern,Normal Weekday,12:00–16:00,2.727143869596031,5.800141743444366,8.527285613040396
East Malvern,Normal Weekday,16:00–20:00,3.2134977287475666,12.402336145360156,15.615833874107722
East Malvern,Normal Weekday,20:00–00:00,0.38935012882908676,6.988262238763241,7.377612367592327
East Malvern,Normal Weekend,00:00–04:00,0.019762845849802372,4.229249011857707,4.24901185770751
East Malvern,Normal Weekend,04:00–08:00,1.2687224669603525,0.36123348017621143,1.6299559471365639
East Malvern,Normal Weekend,08:00–12:00,7.762121840033154,2.3207625362619146,10.082884376295068
East Malvern,Normal Weekend,12:00–16:00,9.805194805194805,4.837662337662338,14.642857142857142
East Malvern,Normal Weekend,16:00–20:00,6.502073124764418,9.913305691669807,16.415378816434224
East Malvern,Normal Weekend,20:00–00:00,1.2364672364672364,9.133903133903134,10.37037037037037
East Malvern,Public Holiday,00:00–04:00,0,0.7692307692307693,0.7692307692307693
East Malvern,Public Holiday,04:00–08:00,0.4827586206896552,0.4827586206896552,0.9655172413793104
East Malvern,Public Holiday,08:00–12:00,6.423841059602649,1.1589403973509933,7.582781456953643
East Malvern,Public Holiday,12:00–16:00,8.359133126934985,4.674922600619195,13.034055727554179
East Malvern,Public Holiday,16:00–20:00,2.1052631578947367,8.68421052631579,10.789473684210526
East Malvern,Public Holiday,20:00–00:00,0.4132231404958678,4.132231404958677,4.545454545454545
East Malvern,School Holiday,00:00–04:00,0,2.3711340206185567,2.3711340206185567
East Malvern,School Holiday,04:00–08:00,6.6637010676156585,0.47153024911032027,7.135231316725979
East Malvern,School Holiday,08:00–12:00,10.06027397260274,1.0027397260273974,11.063013698630137
East Malvern,School Holiday,12:00–16:00,2.9779179810725553,4.315457413249211,7.2933753943217665
East Malvern,School Holiday,16:00–20:00,2.911111111111111,9.955555555555556,12.866666666666667
East Malvern,School Holiday,20:00–00:00,0.5597014925373134,7.002487562189055,7.562189054726368
Holmesglen,Normal Weekday,00:00–04:00,0.01615508885298869,5.234248788368336,5.250403877221324
Holmesglen,Normal Weekday,04:00–08:00,8.848073467758036,3.8311040127770015,12.679177480535039
Holmesglen,Normal Weekday,08:00–12:00,9.773347573276373,8.909457695502551,18.682805268778925
Holmesglen,Normal Weekday,12:00–16:00,8.621846288464344,8.190170628554762,16.812016917019108
Holmesglen,Normal Weekday,16:00–20:00,5.6956741715153045,13.009107007336201,18.704781178851505
Holmesglen,Normal Weekday,20:00–00:00,1.4781297134238311,7.966817496229261,9.444947209653092
Holmesglen,Normal Weekend,00:00–04:00,0.01984126984126984,5.575396825396825,5.595238095238095
Holmesglen,Normal Weekend,04:00–08:00,2.696035242290749,1.013215859030837,3.709251101321586
Holmesglen,Normal Weekend,08:00–12:00,8.918358889349358,7.695814338997099,16.61417322834646
Holmesglen,Normal Weekend,12:00–16:00,8.26118326118326,10.180375180375181,18.441558441558442
Holmesglen,Normal Weekend,16:00–20:00,7.806257067470788,10.109310214851112,17.9155672823219
Holmesglen,Normal Weekend,20:00–00:00,3.585657370517928,8.46328969834946,12.048947068867388
Holmesglen,Public Holiday,00:00–04:00,0,4.2,4.2
Holmesglen,Public Holiday,04:00–08:00,1.4482758620689655,0.6206896551724138,2.0689655172413794
Holmesglen,Public Holiday,08:00–12:00,6.291390728476821,5.4635761589403975,11.754966887417218
Holmesglen,Public Holiday,12:00–16:00,6.656346749226006,8.173374613003096,14.829721362229101
Holmesglen,Public Holiday,16:00–20:00,5.592105263157895,8.355263157894736,13.94736842105263
Holmesglen,Public Holiday,20:00–00:00,2.2540983606557377,6.475409836065574,8.729508196721312
Holmesglen,School Holiday,00:00–04:00,0.07246376811594203,5.072463768115942,5.144927536231885
Holmesglen,School Holiday,04:00–08:00,6.310845431255338,1.2040990606319386,7.5149444918872765
Holmesglen,School Holiday,08:00–12:00,8.016276703967447,4.125127161749746,12.141403865717194
Holmesglen,School Holiday,12:00–16:00,5.240259740259741,6.0519480519480515,11.292207792207792
Holmesglen,School Holiday,16:00–20:00,4.818428184281843,10.818428184281842,15.636856368563684
Holmesglen,School Holiday,20:00–00:00,1.4416775884665793,8.191349934469201,9.63302752293578
Jordanville,Normal Weekday,00:00–04:00,0,4.297253634894992,4.297253634894992
Jordanville,Normal Weekday,04:00–08:00,15.45316565481353,0.019514310494362534,15.472679965307892
Jordanville,Normal Weekday,08:00–12:00,14.56381769978538,0.8950890039136473,15.458906703699027
Jordanville,Normal Weekday,12:00–16:00,3.1896796144031754,6.930819393252055,10.12049900765523
Jordanville,Normal Weekday,16:00–20:00,3.398684543384771,16.79357450037946,20.19225904376423
Jordanville,Normal Weekday,20:00–00:00,0.33182503770739064,8.681749622926093,9.013574660633484
Jordanville,Normal Weekend,00:00–04:00,0,5.009940357852883,5.009940357852883
Jordanville,Normal Weekend,04:00–08:00,1.6828193832599119,0.07929515418502203,1.7621145374449338
Jordanville,Normal Weekend,08:00–12:00,8.388566694283346,2.431648715824358,10.820215410107703
Jordanville,Normal Weekend,12:00–16:00,6.8675568386863945,5.499819559725731,12.367376398412127
Jordanville,Normal Weekend,16:00–20:00,5.3054298642533935,8.054298642533936,13.35972850678733
Jordanville,Normal Weekend,20:00–00:00,1.3863636363636365,7.534090909090909,8.920454545454545
Jordanville,Public Holiday,00:00–04:00,0,4.2,4.2
Jordanville,Public Holiday,04:00–08:00,1.1724137931034482,0.06896551724137931,1.2413793103448274
Jordanville,Public Holiday,08:00–12:00,6.754966887417218,1.6556291390728477,8.410596026490065
Jordanville,Public Holiday,12:00–16:00,6.842105263157895,4.984520123839009,11.826625386996904
Jordanville,Public Holiday,16:00–20:00,3.6184210526315788,7.368421052631579,10.986842105263158
Jordanville,Public Holiday,20:00–00:00,0.7786885245901639,5.491803278688525,6.270491803278689
Jordanville,School Holiday,00:00–04:00,0,4.565217391304348,4.565217391304348
Jordanville,School Holiday,04:00–08:00,11.114206128133704,0.009285051067780872,11.123491179201485
Jordanville,School Holiday,08:00–12:00,11.642036124794746,0.8812260536398467,12.523262178434592
Jordanville,School Holiday,12:00–16:00,3.587641866330391,4.9621689785624215,8.549810844892813
Jordanville,School Holiday,16:00–20:00,2.959349593495935,13.506775067750677,16.466124661246614
Jordanville,School Holiday,20:00–00:00,0.3800786369593709,8.571428571428571,8.951507208387943
Flagstaff,Normal Weekday,00:00–04:00,2.2021943573667713,0.7210031347962382,2.9231974921630095
Flagstaff,Normal Weekday,04:00–08:00,12.490934449093444,31.78521617852162,44.27615062761507
Flagstaff,Normal Weekday,08:00–12:00,20.05575826095894,59.08191582301249,79.13767408397143
Flagstaff,Normal Weekday,12:00–16:00,25.822230267921796,10.95003620564808,36.77226647356988
Flagstaff,Normal Weekday,16:00–20:00,42.49201511642082,12.26795074972571,54.75996586614653
Flagstaff,Normal Weekday,20:00–00:00,11.90594431903687,5.36719337848006,17.27313769751693
Flagstaff,Normal Weekend,00:00–04:00,2.413127413127413,1.4285714285714286,3.8416988416988413
Flagstaff,Normal Weekend,04:00–08:00,4.723275208491281,6.785443517816527,11.508718726307809
Flagstaff,Normal Weekend,08:00–12:00,12.992155397833395,16.55335574648238,29.545511144315775
Flagstaff,Normal Weekend,12:00–16:00,14.567553992968358,14.947262682069312,29.51481667503767
Flagstaff,Normal Weekend,16:00–20:00,11.143471252015045,12.580333154218163,23.723804406233207
Flagstaff,Normal Weekend,20:00–00:00,6.062465142219743,8.047964305633018,14.110429447852761
Flagstaff,Public Holiday,00:00–04:00,2.272727272727273,1.0606060606060606,3.3333333333333335
Flagstaff,Public Holiday,04:00–08:00,3.888888888888889,5.218855218855219,9.107744107744107
Flagstaff,Public Holiday,08:00–12:00,11.769172361427486,13.097949886104784,24.867122247532272
Flagstaff,Public Holiday,12:00–16:00,12.769037130270611,12.76274386406545,25.53178099433606
Flagstaff,Public Holiday,16:00–20:00,7.577854671280277,8.77508650519031,16.352941176470587
Flagstaff,Public Holiday,20:00–00:00,5.147058823529412,5.828877005347594,10.975935828877006
Flagstaff,School Holiday,00:00–04:00,3.309090909090909,1.2727272727272727,4.581818181818182
Flagstaff,School Holiday,04:00–08:00,10.888426166926948,24.535832031927814,35.42425819885476
Flagstaff,School Holiday,08:00–12:00,17.187852788439827,44.85775570106119,62.045608489501014
Flagstaff,School Holiday,12:00–16:00,19.009508716323296,10.424722662440571,29.43423137876387
Flagstaff,School Holiday,16:00–20:00,34.25586353944563,11.511727078891258,45.76759061833688
Flagstaff,School Holiday,20:00–00:00,10.8416500332668,7.245508982035928,18.087159015302728
Melbourne Central,Normal Weekday,00:00–04:00,11.064162754303599,1.1737089201877935,12.237871674491393
Melbourne Central,Normal Weekday,04:00–08:00,6.400621613006057,31.546461587503984,37.94708320051004
Melbourne Central,Normal Weekday,08:00–12:00,16.578277961920914,84.51887253012667,101.09715049204759
Melbourne Central,Normal Weekday,12:00–16:00,81.71510885817439,48.16381605338974,129.87892491156413
Melbourne Central,Normal Weekday,16:00–20:00,94.69342197850193,30.360808482760294,125.05423046126222
Melbourne Central,Normal Weekday,20:00–00:00,55.54033714629741,12.910897049969897,68.45123419626731
Melbourne Central,Normal Weekend,00:00–04:00,14.343629343629344,3.030888030888031,17.374517374517374
Melbourne Central,Normal Weekend,04:00–08:00,5.719711355867831,8.5833649829092291,14.30307633877706
Melbourne Central,Normal Weekend,08:00–12:00,24.845425081027177,55.86761406133134,80.71303914235851
Melbourne Central,Normal Weekend,12:00–16:00,65.58324123379886,64.21079071636693,129.7940319501658
Melbourne Central,Normal Weekend,16:00–20:00,78.2191927866037,42.842421640188924,121.06161442679263
Melbourne Central,Normal Weekend,20:00–00:00,41.450863830577745,18.290915846182425,59.741779676760174
Melbourne Central,Public Holiday,00:00–04:00,9.393939393939394,1.3636363636363635,10.757575757575758
Melbourne Central,Public Holiday,04:00–08:00,4.30976430976431,6.717171717171717,11.026936026936028
Melbourne Central,Public Holiday,08:00–12:00,20.70615034168565,45.63401670463174,66.34016704631739
Melbourne Central,Public Holiday,12:00–16:00,53.92947103274559,54.5528967254408,108.4823677581864
Melbourne Central,Public Holiday,16:00–20:00,62.71784232365145,33.810511756569845,96.5283540802213
Melbourne Central,Public Holiday,20:00–00:00,36.43048128342246,15.066844919786096,51.49732620320856
Melbourne Central,School Holiday,00:00–04:00,12.779783393501805,1.3357400722021662,14.115523465703971
Melbourne Central,School Holiday,04:00–08:00,4.869791666666667,24.40798611111111,29.27777777777778
Melbourne Central,School Holiday,08:00–12:00,14.425378189207496,68.94897268006322,83.37435086927071
Melbourne Central,School Holiday,12:00–16:00,73.04229848363927,50.31125299281724,123.35355147645652
Melbourne Central,School Holiday,16:00–20:00,84.24554329371817,27.709040747028862,111.95458404074704
Melbourne Central,School Holiday,20:00–00:00,54.880159786950735,13.049267643142477,67.92942743009321
Parliament,Normal Weekday,00:00–04:00,5.971786833855799,0.48589341692789967,6.4576802507836994
Parliament,Normal Weekday,04:00–08:00,8.500277359537206,45.53886995799984,54.03914731753705
Parliament,Normal Weekday,08:00–12:00,16.85304715244835,85.01386836716178,101.86691551961013
Parliament,Normal Weekday,12:00–16:00,43.825841045982074,18.891214925811664,62.71705597179374
Parliament,Normal Weekday,16:00–20:00,71.63524885789853,17.388795383505652,89.02404424140418
Parliament,Normal Weekday,20:00–00:00,24.164599774520855,5.411499436302142,29.576099210822996
Parliament,Normal Weekend,00:00–04:00,5.996592844974447,0.6303236797274276,6.626916524701874
Parliament,Normal Weekend,04:00–08:00,2.7571539056457848,7.5560711523588555,10.31322505800464
Parliament,Normal Weekend,08:00–12:00,9.366544443039576,21.370590466557086,30.737134909596662
Parliament,Normal Weekend,12:00–16:00,19.74155269509252,21.41693483507643,41.15848753016895
Parliament,Normal Weekend,16:00–20:00,19.568176983620507,18.22484577749415,37.793022761114656
Parliament,Normal Weekend,20:00–00:00,15.946246524559777,6.337349397590361,22.283595922150138
Parliament,Public Holiday,00:00–04:00,3.2467532467532467,0.5194805194805194,3.766233766233766
Parliament,Public Holiday,04:00–08:00,1.917808219178082,5.068493150684931,6.986301369863013
Parliament,Public Holiday,08:00–12:00,8.132205995388164,18.685626441199076,26.81783243658724
Parliament,Public Holiday,12:00–16:00,13.280856423173804,14.653652392947103,27.934508816120907
Parliament,Public Holiday,16:00–20:00,12.892392049348869,11.843728581220013,24.736120630568884
Parliament,Public Holiday,20:00–00:00,12.466666666666667,4.666666666666667,17.133333333333333
Parliament,School Holiday,00:00–04:00,6.9675090252707585,0.4693140794223827,7.436823104693142
Parliament,School Holiday,04:00–08:00,6.61496035849707,36.49431230610134,43.109272664598414
Parliament,School Holiday,08:00–12:00,13.981988144094847,67.26288189694482,81.24487004103966
Parliament,School Holiday,12:00–16:00,34.97668435439781,18.47403119472584,53.45071554912365
Parliament,School Holiday,16:00–20:00,58.5546094817618,15.941343424787133,74.49595290654894
Parliament,School Holiday,20:00–00:00,23.4254327563249,6.511318242343542,29.93675099866844
Belgrave,Normal Weekday,00:00–04:00,0.05263157894736842,0.6578947368421053,0.7105263157894737
Belgrave,Normal Weekday,04:00–08:00,9.94340690435767,2.402376910016978,12.345783814374647
Belgrave,Normal Weekday,08:00–12:00,7.433110367892977,12.18227424749164,19.615384615384617
Belgrave,Normal Weekday,12:00–16:00,13.244988107373429,11.681957186544343,24.926945293917772
Belgrave,Normal Weekday,16:00–20:00,4.359678782755706,9.907016060862215,14.266694843617922
Belgrave,Normal Weekday,20:00–00:00,0.3022508038585209,1.8038585209003215,2.1061093247588425
Belgrave,Normal Weekend,00:00–04:00,0.16339869281045752,1.1437908496732025,1.3071895424836601
Belgrave,Normal Weekend,04:00–08:00,0.285442435775452,0.22835394862036157,0.5137963843958135
Belgrave,Normal Weekend,08:00–12:00,4.816625916870415,8.645476772616137,13.462102689486553
Belgrave,Normal Weekend,12:00–16:00,7.7952755905511815,9.078276980083372,16.87355257063455
Belgrave,Normal Weekend,16:00–20:00,8.640822045773003,5.572162540868753,14.212984586641756
Belgrave,Normal Weekend,20:00–00:00,1.038536903984324,2.32527759634226,3.363814500326584
Belgrave,Public Holiday,00:00–04:00,0,0.6349206349206349,0.6349206349206349
Belgrave,Public Holiday,04:00–08:00,0.3225806451612903,0.1935483870967742,0.5161290322580645
Belgrave,Public Holiday,08:00–12:00,4.29042904290429,9.174917491749175,13.465346534653467
Belgrave,Public Holiday,12:00–16:00,8.076923076923077,8.58974358974359,16.666666666666664
Belgrave,Public Holiday,16:00–20:00,7.193548387096774,4.774193548387097,11.967741935483872
Belgrave,Public Holiday,20:00–00:00,0.65,1.85,2.5
Belgrave,School Holiday,00:00–04:00,0.09259259259259259,1.0648148148148149,1.1574074074074074
Belgrave,School Holiday,04:00–08:00,7.47014115092291,1.270358306188925,8.740499457111834
Belgrave,School Holiday,08:00–12:00,9.465909090909092,13.613636363636363,23.079545454545453
Belgrave,School Holiday,12:00–16:00,12.608108108108109,13.85135135135135,26.45945945945946
Belgrave,School Holiday,16:00–20:00,6.245791245791246,10.134680134680135,16.38047138047138
Belgrave,School Holiday,20:00–00:00,0.46060606060606063,2.5575757575757576,3.018181818181818
Tecoma,Normal Weekday,00:00–04:00,0.026420079260237782,0.18494055482166447,0.21136063408190225
Tecoma,Normal Weekday,04:00–08:00,3.173265936534681,0.002808199943836001,3.176074136478517
Tecoma,Normal Weekday,08:00–12:00,1.589909064241713,0.093869169844529185,1.6837782340862422
Tecoma,Normal Weekday,12:00–16:00,0.34658511722731905,1.7601087325857967,2.106693849813116
Tecoma,Normal Weekday,16:00–20:00,0.13868459760453877,3.0216432023534354,3.160327799957974
Tecoma,Normal Weekday,20:00–00:00,0.009721322099805573,0.2948801036941024,0.304601425793908
Tecoma,Normal Weekend,00:00–04:00,0.016339869281045753,0.3758169934640523,0.39215686274509803
Tecoma,Normal Weekend,04:00–08:00,0.01824817518248175,0.009124087591240875,0.027372262773722626
Tecoma,Normal Weekend,08:00–12:00,0.575,0.08,0.6549999999999999
Tecoma,Normal Weekend,12:00–16:00,0.666975451597962,0.3103288559518296,0.9773043075497916
Tecoma,Normal Weekend,16:00–20:00,0.25664955669622025,0.7512832477834811,1.0079328044797013
Tecoma,Normal Weekend,20:00–00:00,0.0718954248366013,0.3137254901960784,0.3856209150326797
Tecoma,Public Holiday,00:00–04:00,0,0,0
Tecoma,Public Holiday,04:00–08:00,0.12658227848101267,0,0.12658227848101267
Tecoma,Public Holiday,08:00–12:00,0.5666666666666667,0.03333333333333333,0.6
Tecoma,Public Holiday,12:00–16:00,0.5448717948717948,0.32051282051282054,0.8653846153846154
Tecoma,Public Holiday,16:00–20:00,0.06451612903225806,0.5161290322580645,0.5806451612903225
Tecoma,Public Holiday,20:00–00:00,0,0.25,0.25
Tecoma,School Holiday,00:00–04:00,0,0.2777777777777778,0.2777777777777778
Tecoma,School Holiday,04:00–08:00,1.7462039045553146,0,1.7462039045553146
Tecoma,School Holiday,08:00–12:00,1.6407185628742516,0.2874251497005988,1.9281437125748504
Tecoma,School Holiday,12:00–16:00,0.7972972972972973,1.7702702702702702,2.5675675675675675
Tecoma,School Holiday,16:00–20:00,0.2356902356902357,2.2053872053872055,2.441077441077441
Tecoma,School Holiday,20:00–00:00,0,0.42424242424242425,0.42424242424242425
Upwey,Normal Weekday,00:00–04:00,0,0.4249667994687915,0.4249667994687915
Upwey,Normal Weekday,04:00–08:00,5.843390401347179,0.19646365422396855,6.039854055571148
Upwey,Normal Weekday,08:00–12:00,4.784394250513347,1.5312408330888825,6.3156350836022295
Upwey,Normal Weekday,12:00–16:00,2.8304451240231057,4.644920149507305,7.475365273530411
Upwey,Normal Weekday,16:00–20:00,0.644833197721725,5.980471928397071,6.625305126118796
Upwey,Normal Weekday,20:00–00:00,0.017047391749062394,0.640981929764746,0.6580293215138084
Upwey,Normal Weekend,00:00–04:00,0.016339869281045753,0.3431372549019608,0.35947712418300654
Upwey,Normal Weekend,04:00–08:00,0.10948905109489052,0,0.10948905109489052
Upwey,Normal Weekend,08:00–12:00,2.175,0.505,2.6799999999999997
Upwey,Normal Weekend,12:00–16:00,1.6767021769337656,1.8666049096804076,3.543307086614173
Upwey,Normal Weekend,16:00–20:00,0.8726084927671488,2.762482501166589,3.635090993933738
Upwey,Normal Weekend,20:00–00:00,0.1568627450980392,0.6601307189542484,0.8169934640522876
Upwey,Public Holiday,00:00–04:00,0,0,0
Upwey,Public Holiday,04:00–08:00,0.06329113924050633,0,0.06329113924050633
Upwey,Public Holiday,08:00–12:00,1.7,0.5,2.2
Upwey,Public Holiday,12:00–16:00,1.5064102564102564,1.4423076923076923,2.948717948717949
Upwey,Public Holiday,16:00–20:00,0.22580645161290322,1.4838709677419355,1.7096774193548387
Upwey,Public Holiday,20:00–00:00,0,0.65,0.65
Upwey,School Holiday,00:00–04:00,0,0.6161137440758294,0.6161137440758294
Upwey,School Holiday,04:00–08:00,4.143167028199566,0,4.143167028199566
Upwey,School Holiday,08:00–12:00,5.358851674641149,0.9330143540669856,6.291866028708134
Upwey,School Holiday,12:00–16:00,2.286874154262517,4.384303112313938,6.671177266576455
Upwey,School Holiday,16:00–20:00,0.624493106244931,5.51500405515004,6.139497161394972
Upwey,School Holiday,20:00–00:00,0.06369426751592357,0.7388535031847133,0.8025477707006369
Alamein,Normal Weekday,00:00–04:00,0,0.10869565217391304,0.10869565217391304
Alamein,Normal Weekday,04:00–08:00,7.8944,0,7.8944
Alamein,Normal Weekday,08:00–12:00,3.127009646302251,0.05627009646302251,3.1832797427652735
Alamein,Normal Weekday,12:00–16:00,0.33751205400192863,1.796849887495982,2.1343619414979105
Alamein,Normal Weekday,16:00–20:00,0.3838349678728441,5.3889076766993576,5.772742644572202
Alamein,Normal Weekday,20:00–00:00,0.0156128024980484,0.7611241217798594,0.7767369242779079
Alamein,Normal Weekend,00:00–04:00,0,0.10443864229765012,0.10443864229765012
Alamein,Normal Weekend,04:00–08:00,0.0670391061452514,0,0.0670391061452514
Alamein,Normal Weekend,08:00–12:00,1.2645218945487042,0.21000893655049152,1.4745308310991958
Alamein,Normal Weekend,12:00–16:00,1.043298969072165,0.7835051546391752,1.8268041237113404
Alamein,Normal Weekend,16:00–20:00,0.554635761589404,1.0513245033112584,1.6059602649006623
Alamein,Normal Weekend,20:00–00:00,0.10980966325036604,0.6515373352855052,0.7613469985358712
Alamein,Public Holiday,00:00–04:00,0,0,0
Alamein,Public Holiday,04:00–08:00,0,0,0
Alamein,Public Holiday,08:00–12:00,0.48109965635738833,0.06872852233676977,0.5498281786941581
Alamein,Public Holiday,12:00–16:00,0.6818181818181818,0.35714285714285715,1.0389610389610389
Alamein,Public Holiday,16:00–20:00,0.16286644951140064,0.9120521172638436,1.0749185667752443
Alamein,Public Holiday,20:00–00:00,0,0.06289308176100629,0.06289308176100629
Alamein,School Holiday,00:00–04:00,0,0.08928571428571429,0.08928571428571429
Alamein,School Holiday,04:00–08:00,4.01673640167364,0,4.01673640167364
Alamein,School Holiday,08:00–12:00,2.6506024096385543,0.06378454996456413,2.7143869596031185
Alamein,School Holiday,12:00–16:00,0.43847241867043846,0.9900990099009901,1.4285714285714286
Alamein,School Holiday,16:00–20:00,0.4148148148148148,3.933333333333333,4.348148148148148
Alamein,School Holiday,20:00–00:00,0.06611570247933884,0.8264462809917356,0.8925619834710744
Ashburton,Normal Weekday,00:00–04:00,0,0.3470715835140998,0.3470715835140998
Ashburton,Normal Weekday,04:00–08:00,16.558005752636625,0.5880472994566954,17.146053052093322
Ashburton,Normal Weekday,08:00–12:00,7.973971722365039,1.7673521850899743,9.741323907455012
Ashburton,Normal Weekday,12:00–16:00,1.5973003374578179,4.5749638438052385,6.172264181263056
Ashburton,Normal Weekday,16:00–20:00,2.320525783619818,11.43242332322211,13.752949106841928
Ashburton,Normal Weekday,20:00–00:00,0.12432012432012432,2.226107226107226,2.3504273504273505
Ashburton,Normal Weekend,00:00–04:00,0,0.5208333333333334,0.5208333333333334
Ashburton,Normal Weekend,04:00–08:00,0.0335195530726257,0.0223463687150838,0.055865921787709494
Ashburton,Normal Weekend,08:00–12:00,2.268835616438356,1.2457191780821917,3.5145547945205475
Ashburton,Normal Weekend,12:00–16:00,2.6702434997936444,2.373091209244738,5.043334709038382
Ashburton,Normal Weekend,16:00–20:00,1.4648858250753984,2.718655751831107,4.183541576906506
Ashburton,Normal Weekend,20:00–00:00,0.2783882783882784,1.413919413919414,1.6923076923076925
Ashburton,Public Holiday,00:00–04:00,0,0,0
Ashburton,Public Holiday,04:00–08:00,0.17543859649122806,0,0.17543859649122806
Ashburton,Public Holiday,08:00–12:00,1.7105263157894737,0.756578947368421,2.4671052631578947
Ashburton,Public Holiday,12:00–16:00,1.525974025974026,1.9155844155844155,3.4415584415584415
Ashburton,Public Holiday,16:00–20:00,0.8163265306122449,1.8027210884353742,2.619047619047619
Ashburton,Public Holiday,20:00–00:00,0.12578616352201258,1.069182389937107,1.1949685534591195
Ashburton,School Holiday,00:00–04:00,0,0.44642857142857145,0.44642857142857145
Ashburton,School Holiday,04:00–08:00,10.0278940027894,0.37656903765690375,10.404463040446304
Ashburton,School Holiday,08:00–12:00,6.409348441926346,1.706798866855524,8.11614730878187
Ashburton,School Holiday,12:00–16:00,1.7302259887005649,3.17090395480226,4.901129943502825
Ashburton,School Holiday,16:00–20:00,2.1449704142011834,8.468934911242604,10.613905325443788
Ashburton,School Holiday,20:00–00:00,0.1487603305785124,2.330578512396694,2.4793388429752063
Burwood,Normal Weekday,00:00–04:00,0,0.3470715835140998,0.3470715835140998
Burwood,Normal Weekday,04:00–08:00,20.364333652924255,0.7190795781399808,21.083413231064235
Burwood,Normal Weekday,08:00–12:00,8.438303341902314,1.5906169665809768,10.02892030848329
Burwood,Normal Weekday,12:00–16:00,0.9030654515327258,4,4.903065451532726
Burwood,Normal Weekday,16:00–20:00,3.341499265066144,12.324024171157928,15.665523436224072
Burwood,Normal Weekday,20:00–00:00,0.03496503496503497,1.9347319347319347,1.9696969696969697
Burwood,Normal Weekend,00:00–04:00,0,0.46875,0.46875
Burwood,Normal Weekend,04:00–08:00,0.042283298097251586,0,0.042283298097251586
Burwood,Normal Weekend,08:00–12:00,1.651376146788991,0.1834862385321101,1.834862385321101
Burwood,Normal Weekend,12:00–16:00,1.5765579859678085,1.361947998349154,2.9385059843169623
Burwood,Normal Weekend,16:00–20:00,1.0358221838584376,2.1320673284419507,3.1678895123003885
Burwood,Normal Weekend,20:00–00:00,0.029304029304029304,1.0622710622710623,1.0915750915750915
Burwood,Public Holiday,00:00–04:00,0,0.2857142857142857,0.2857142857142857
Burwood,Public Holiday,04:00–08:00,0,0,0
Burwood,Public Holiday,08:00–12:00,1.564625850340136,0.034013605442176874,1.598639455782313
Burwood,Public Holiday,12:00–16:00,1.525974025974026,1.1363636363636365,2.6623376623376624
Burwood,Public Holiday,16:00–20:00,0.47619047619047616,1.9387755102040816,2.4149659863945576
Burwood,Public Holiday,20:00–00:00,0.06289308176100629,1.0062893081761006,1.069182389937107
Burwood,School Holiday,00:00–04:00,0,0.625,0.625
Burwood,School Holiday,04:00–08:00,12.594142259414227,0.4881450488145049,13.082287308228732
Burwood,School Holiday,08:00–12:00,6.635977337110481,1.246458923512748,7.882436260623229
Burwood,School Holiday,12:00–16:00,1.1751824817518248,2.2554744525547443,3.430656934306569
Burwood,School Holiday,16:00–20:00,2.703862660944206,9.02002861230329,11.723891273247496
Burwood,School Holiday,20:00–00:00,0.01652892561983471,2.3801652892561984,2.396694214876033
Hartwell,Normal Weekday,00:00–04:00,0,0.1735357917570499,0.1735357917570499
Hartwell,Normal Weekday,04:00–08:00,7.0054504648925935,0.4135941006732927,7.419044565565886
Hartwell,Normal Weekday,08:00–12:00,6.699278267842823,0.8949478748997595,7.594226142742583
Hartwell,Normal Weekday,12:00–16:00,0.4739022369511185,1.8094449047224523,2.2833471416735707
Hartwell,Normal Weekday,16:00–20:00,1.945124938755512,7.148456638902498,9.09358157765801
Hartwell,Normal Weekday,20:00–00:00,0.050505050505050504,1.0644910644910646,1.1149961149961152
Hartwell,Normal Weekend,00:00–04:00,0,0.15625,0.15625
Hartwell,Normal Weekend,04:00–08:00,0.021141649048625793,0,0.021141649048625793
Hartwell,Normal Weekend,08:00–12:00,0.9130624726955002,0.09611183923110529,1.0091743119266054
Hartwell,Normal Weekend,12:00–16:00,0.9657449442839455,0.5654147750722245,1.53115971935617
Hartwell,Normal Weekend,16:00–20:00,0.648508430609598,1.137051448335495,1.7855598789450928
Hartwell,Normal Weekend,20:00–00:00,0.04382761139517896,0.6281957633308984,0.6720233747260774
Hartwell,Public Holiday,00:00–04:00,0,0,0
Hartwell,Public Holiday,04:00–08:00,0,0,0
Hartwell,Public Holiday,08:00–12:00,0.6802721088435374,0.06802721088435375,0.7482993197278911
Hartwell,Public Holiday,12:00–16:00,0.6818181818181818,0.487012987012987,1.1688311688311688
Hartwell,Public Holiday,16:00–20:00,0.17006802721088435,1.08843537414966,1.2585034013605443
Hartwell,Public Holiday,20:00–00:00,0.06289308176100629,0.6918238993710691,0.7547169811320754
Hartwell,School Holiday,00:00–04:00,0,0.08928571428571429,0.08928571428571429
Hartwell,School Holiday,04:00–08:00,4.351464435146443,0.3068340306834031,4.658298465829846
Hartwell,School Holiday,08:00–12:00,5.410764872521247,0.7223796033994334,6.13314447592068
Hartwell,School Holiday,12:00–16:00,0.5182481751824818,1.2481751824817517,1.7664233576642334
Hartwell,School Holiday,16:00–20:00,1.6881258941344779,5.5221745350500715,7.210300429184549
Hartwell,School Holiday,20:00–00:00,0.01652892561983471,1.1900826446280992,1.2066115702479339
Willison,Normal Weekday,00:00–04:00,0.021691973969631236,0.0650759219088937,0.08676789587852494
Willison,Normal Weekday,04:00–08:00,4.876957494407159,0,4.876957494407159
Willison,Normal Weekday,08:00–12:00,3.816867469879518,0.01606425702811245,3.832931726907631
Willison,Normal Weekday,12:00–16:00,0.06462303231151616,0.8748964374482188,0.9395194697597349
Willison,Normal Weekday,16:00–20:00,0.2645761881430671,4.125428711415973,4.39000489955904
Willison,Normal Weekday,20:00–00:00,0,0.30303030303030304,0.30303030303030304
Willison,Normal Weekend,00:00–04:00,0,0.052083333333333336,0.052083333333333336
Willison,Normal Weekend,04:00–08:00,0,0,0
Willison,Normal Weekend,08:00–12:00,0.2490170380078637,0.00436871996505024,0.25338575797291396
Willison,Normal Weekend,12:00–16:00,0.24349979364424268,0.11555922410235246,0.35905901774659515
Willison,Normal Weekend,16:00–20:00,0.1297016861219196,0.311284046692607,0.4409857328145266
Willison,Normal Weekend,20:00–00:00,0.02191380569758948,0.13878743608473337,0.16070124178232287
Willison,Public Holiday,00:00–04:00,0,0,0
Willison,Public Holiday,04:00–08:00,0,0,0
Willison,Public Holiday,08:00–12:00,0.20408163265306123,0,0.20408163265306123
Willison,Public Holiday,12:00–16:00,0.2922077922077922,0.032467532467532464,0.3246753246753247
Willison,Public Holiday,16:00–20:00,0,0.47619047619047616,0.47619047619047616
Willison,Public Holiday,20:00–00:00,0,0.06289308176100629,0.06289308176100629
Willison,School Holiday,00:00–04:00,0,0,0
Willison,School Holiday,04:00–08:00,2.301255230125523,0,2.301255230125523
Willison,School Holiday,08:00–12:00,2.811614730878187,0.014164305949008499,2.8257790368271953
Willison,School Holiday,12:00–16:00,0.072992700729927,0.4306569343065693,0.5036496350364963
Willison,School Holiday,16:00–20:00,0.3147353361945637,2.603719599427754,2.9184549356223175
Willison,School Holiday,20:00–00:00,0,0.23140495867768596,0.23140495867768596
Riversdale,Normal Weekday,00:00–04:00,0,0,0
Riversdale,Normal Weekday,04:00–08:00,7.6461194506547425,3.596295113382306,11.242414564037048
Riversdale,Normal Weekday,08:00–12:00,6.1352657004830915,4.047403381642512,10.182669082125603
Riversdale,Normal Weekday,12:00–16:00,4.384985264464092,2.0939972080037226,6.4789824724678144
Riversdale,Normal Weekday,16:00–20:00,1.098197742967829,6.678457133232272,7.7766548762001015
Riversdale,Normal Weekday,20:00–00:00,0.0077459333849728895,0.2594887683965918,0.26723470178156467
Riversdale,Normal Weekend,00:00–04:00,0,0.078125,0.078125
Riversdale,Normal Weekend,04:00–08:00,0,0,0
Riversdale,Normal Weekend,08:00–12:00,0.16673792218896966,0.034202650705429674,0.20094057289439932
Riversdale,Normal Weekend,12:00–16:00,0.2723895996698308,0.08254230293025175,0.35493190260008256
Riversdale,Normal Weekend,16:00–20:00,0.14267185473411154,0.28102031993082577,0.4236921746649373
Riversdale,Normal Weekend,20:00–00:00,0.029197080291970802,0.145985401459854,0.1751824817518248
Riversdale,Public Holiday,00:00–04:00,0,0,0
Riversdale,Public Holiday,04:00–08:00,0,0,0
Riversdale,Public Holiday,08:00–12:00,0.20202020202020202,0,0.20202020202020202
Riversdale,Public Holiday,12:00–16:00,0.2597402597402597,0,0.2597402597402597
Riversdale,Public Holiday,16:00–20:00,0.034013605442176874,0.20408163265306123,0.2380952380952381
Riversdale,Public Holiday,20:00–00:00,0,0.12578616352201258,0.12578616352201258
Riversdale,School Holiday,00:00–04:00,0,0,0
Riversdale,School Holiday,04:00–08:00,4.044630404463041,0.3068340306834031,4.351464435146443
Riversdale,School Holiday,08:00–12:00,4.171656686626746,0.2860944777112442,4.45775116433799
Riversdale,School Holiday,12:00–16:00,0.3212576896787423,1.0321257689678742,1.3533834586466165
Riversdale,School Holiday,16:00–20:00,0.5743740795287187,4.705449189985273,5.279823269513991
Riversdale,School Holiday,20:00–00:00,0.0165016501650165,0.24752475247524752,0.264026402640264
Camberwell,Normal Weekday,00:00–04:00,1.8482490272373542,2.470817120622568,4.319066147859923
Camberwell,Normal Weekday,04:00–08:00,10.586297121814129,7.968795425913363,18.55509254772749
Camberwell,Normal Weekday,08:00–12:00,13.000395482708617,12.306543041701454,25.30693852441007
Camberwell,Normal Weekday,12:00–16:00,13.914602138147366,16.122527367005954,30.03712950515332
Camberwell,Normal Weekday,16:00–20:00,15.872033503955327,21.647743136342484,37.51977664029781
Camberwell,Normal Weekday,20:00–00:00,7.699325664418882,11.531138437128124,19.230464101547007
Camberwell,Normal Weekend,00:00–04:00,1.599264705882353,1.9852941176470589,3.584558823529412
Camberwell,Normal Weekend,04:00–08:00,1.5789473684210527,2.9586101175268267,4.537557485947879
Camberwell,Normal Weekend,08:00–12:00,13.427196578150062,16.94885047228658,30.37604705043664
Camberwell,Normal Weekend,12:00–16:00,16.739916550764953,14.054242002781642,30.794158553546595
Camberwell,Normal Weekend,16:00–20:00,13.525190839694657,15.280916030534351,28.80610687022901
Camberwell,Normal Weekend,20:00–00:00,8.025806451612903,9.73225806451613,17.758064516129032
Camberwell,Public Holiday,00:00–04:00,0.19607843137254902,1.1764705882352942,1.3725490196078431
Camberwell,Public Holiday,04:00–08:00,1.1372549019607843,2.0784313725490198,3.215686274509804
Camberwell,Public Holiday,08:00–12:00,9.71350613915416,8.717598908594816,18.43110504774898
Camberwell,Public Holiday,12:00–16:00,11.695278969957082,10.321888412017167,22.017167381974247
Camberwell,Public Holiday,16:00–20:00,8.343125734430082,12.338425381903642,20.681551116333722
Camberwell,Public Holiday,20:00–00:00,5.503875968992248,6.434108527131783,11.937984496124031
Camberwell,School Holiday,00:00–04:00,2.0588235294117645,4.159663865546219,6.218487394957983
Camberwell,School Holiday,04:00–08:00,7.378964941569282,5.8889816360601,13.267946577629381
Camberwell,School Holiday,08:00–12:00,10.861001688238604,10.864753329581692,21.725755017820298
Camberwell,School Holiday,12:00–16:00,12.341356673960613,13.309628008752735,25.65098468271335
Camberwell,School Holiday,16:00–20:00,13.213932317435187,17.75776766277459,30.971699980209777
Camberwell,School Holiday,20:00–00:00,7.232739420935412,10.707126948775056,17.93986636971047
Flinders Street,Normal Weekday,00:00–04:00,19.733927434754932,5.554423933800127,25.28835136855506
Flinders Street,Normal Weekday,04:00–08:00,26.205644098674334,43.045132165404404,69.25077626407874
Flinders Street,Normal Weekday,08:00–12:00,44.35376391854516,76.77053925853743,121.1243031770826
Flinders Street,Normal Weekday,12:00–16:00,60.83165422148473,51.217948717948715,112.04960293943344
Flinders Street,Normal Weekday,16:00–20:00,80.38825903555363,52.18072508653671,132.56898412209034
Flinders Street,Normal Weekday,20:00–00:00,53.48250187582969,26.661985108798124,80.14448698462782
Flinders Street,Normal Weekend,00:00–04:00,30.003172588832488,8.33756345177665,38.34073604060914
Flinders Street,Normal Weekend,04:00–08:00,16.64526245053386,17.162696931232734,33.807959381766594
Flinders Street,Normal Weekend,08:00–12:00,43.50978571182885,69.6962817734668,113.20606748529565
Flinders Street,Normal Weekend,12:00–16:00,66.93199945924023,75.84642422603758,142.7784236852778
Flinders Street,Normal Weekend,16:00–20:00,77.40833922261484,68.28862190812721,145.69696113074207
Flinders Street,Normal Weekend,20:00–00:00,66.18416725393469,37.87080103359173,104.05496828752642
Flinders Street,Public Holiday,00:00–04:00,20.815047021943574,6.347962382445141,27.163009404388717
Flinders Street,Public Holiday,04:00–08:00,13.652631578947368,13.526315789473685,27.178947368421053
Flinders Street,Public Holiday,08:00–12:00,34.068592905802205,54.322292694385716,88.39088560018791
Flinders Street,Public Holiday,12:00–16:00,54.79595728451564,58.43440122044241,113.23035850495805
Flinders Street,Public Holiday,16:00–20:00,61.50132409859442,49.95111020574455,111.45243430433896
Flinders Street,Public Holiday,20:00–00:00,52.150575113279885,28.40362495643081,80.5542000697107
Flinders Street,School Holiday,00:00–04:00,21.530673019654557,5.622394282310899,27.153067301965457
Flinders Street,School Holiday,04:00–08:00,21.002884177503415,33.285432373627486,54.288316551130904
Flinders Street,School Holiday,08:00–12:00,36.71016874170511,65.76913353978387,102.47930228148897
Flinders Street,School Holiday,12:00–16:00,57.821522309711284,52.082239720035,109.90376202974628
Flinders Street,School Holiday,16:00–20:00,72.47953395676836,47.70443047677449,120.18396443354285
Flinders Street,School Holiday,20:00–00:00,54.491725768321515,25.615970580509586,80.1076963488311
Frankston,Normal Weekday,00:00–04:00,0.657769304099142,6.768350810295519,7.426120114394662
Frankston,Normal Weekday,04:00–08:00,24.270101483216237,2.8961748633879782,27.166276346604214
Frankston,Normal Weekday,08:00–12:00,14.452245625766187,9.465061852223336,23.917307477989525
Frankston,Normal Weekday,12:00–16:00,14.118115612198453,13.071233500227583,27.189349112426036
Frankston,Normal Weekday,16:00–20:00,10.228636753358103,18.38334762313042,28.611984376488522
Frankston,Normal Weekday,20:00–00:00,5.11660447761194,7.854477611940299,12.971082089552239
Frankston,Normal Weekend,00:00–04:00,1.3636363636363635,7.113022113022113,8.476658476658477
Frankston,Normal Weekend,04:00–08:00,6.883308714918759,2.193500738552437,9.076809453471196
Frankston,Normal Weekend,08:00–12:00,21.56997705670272,11.38970829236316,32.95968534906588
Frankston,Normal Weekend,12:00–16:00,15.65403698691926,10.890843482183131,26.54488046910239
Frankston,Normal Weekend,16:00–20:00,12.863602110022608,13.57950263752826,26.44310474755087
Frankston,Normal Weekend,20:00–00:00,7.725813846859239,9.889958734525447,17.615772581384686
Frankston,Public Holiday,00:00–04:00,0.7608695652173914,4.782608695652174,5.543478260869565
Frankston,Public Holiday,04:00–08:00,6.666666666666667,1.875,8.541666666666668
Frankston,Public Holiday,08:00–12:00,22.251184834123222,11.658767772511847,33.90995260663507
Frankston,Public Holiday,12:00–16:00,16.784565916398712,11.816720257234726,28.60128617363344
Frankston,Public Holiday,16:00–20:00,13.721804511278195,13.533834586466165,27.25563909774436
Frankston,Public Holiday,20:00–00:00,7.525773195876289,12.164948453608247,19.690721649484537
Frankston,School Holiday,00:00–04:00,0.6228373702422145,8.062283737024222,8.685121107266436
Frankston,School Holiday,04:00–08:00,18.1575682382134,2.239454094292804,20.397022332506204
Frankston,School Holiday,08:00–12:00,18.522777532065458,9.385227775320654,27.908005307386112
Frankston,School Holiday,12:00–16:00,16.404187528447885,13.709604005461994,30.11379153390988
Frankston,School Holiday,16:00–20:00,10.600522193211487,18.265572547556882,28.866094740768368
Frankston,School Holiday,20:00–00:00,6.373147340889276,9.35483870967742,15.727986050566695
Kananook,Normal Weekday,00:00–04:00,0,0.5622932745314223,0.5622932745314223
Kananook,Normal Weekday,04:00–08:00,6.6127275556247085,0.6970592811576163,7.309786836782325
Kananook,Normal Weekday,08:00–12:00,2.9898403483309144,0.745785419225187,3.7356257675561015
Kananook,Normal Weekday,12:00–16:00,1.0327570518653322,2.1360327570518653,3.1687898089171975
Kananook,Normal Weekday,16:00–20:00,0.8402100525131283,4.451425356339085,5.291635408852213
Kananook,Normal Weekday,20:00–00:00,0.06060606060606061,1.2424242424242424,1.303030303030303
Kananook,Normal Weekend,00:00–04:00,0.01287001287001287,0.5791505791505791,0.592020592020592
Kananook,Normal Weekend,04:00–08:00,0.34535686876438987,0.04604758250191865,0.3914044512663085
Kananook,Normal Weekend,08:00–12:00,2.3076923076923075,1.0924369747899159,3.400129282482223
Kananook,Normal Weekend,12:00–16:00,1.2578899909828674,0.6311992786293958,1.8890892696122632
Kananook,Normal Weekend,16:00–20:00,0.728460185882944,1.4895754835468475,2.2180356694297916
Kananook,Normal Weekend,20:00–00:00,0.27366532077164646,1.1754149842978914,1.4490803050695378
Kananook,Public Holiday,00:00–04:00,0,0.36585365853658536,0.36585365853658536
Kananook,Public Holiday,04:00–08:00,0.6878306878306878,0,0.6878306878306878
Kananook,Public Holiday,08:00–12:00,2.0283018867924527,0.7311320754716981,2.7594339622641506
Kananook,Public Holiday,12:00–16:00,1.2540192926045015,0.5787781350482315,1.832797427652733
Kananook,Public Holiday,16:00–20:00,0.4331450094161959,1.1864406779661016,1.6195856873822976
Kananook,Public Holiday,20:00–00:00,0.16501650165016502,0.9240924092409241,1.0891089108910892
Kananook,School Holiday,00:00–04:00,0.040160642570281124,0.6024096385542169,0.642570281124498
Kananook,School Holiday,04:00–08:00,4.703703703703703,0.4506172839506173,5.15432098765432
Kananook,School Holiday,08:00–12:00,2.682926829268293,0.5942350332594235,3.2771618625277164
Kananook,School Holiday,12:00–16:00,1.3005911778080945,1.6825829922692133,2.983174170077308
Kananook,School Holiday,16:00–20:00,0.7423741271591326,3.6199926497611172,4.36236677692025
Kananook,School Holiday,20:00–00:00,0.06926406926406926,1.4978354978354977,1.567099567099567
Seaford,Normal Weekday,00:00–04:00,0,1.9668508287292819,1.9668508287292819
Seaford,Normal Weekday,04:00–08:00,12.444029850746269,0.13526119402985073,12.57929104477612
Seaford,Normal Weekday,08:00–12:00,5.28066064055351,0.8246847450061378,6.105345385559648
Seaford,Normal Weekday,12:00–16:00,1.9181353041500853,4.652643547470153,6.570778851620238
Seaford,Normal Weekday,16:00–20:00,1.2240119872635324,8.763813448211275,9.987825435474807
Seaford,Normal Weekday,20:00–00:00,0.3249941547813888,2.8641571194762685,3.1891512742576573
Seaford,Normal Weekend,00:00–04:00,0.025974025974025976,2.038961038961039,2.0649350649350646
Seaford,Normal Weekend,04:00–08:00,1.19938884644767,0.04583651642475172,1.2452253628724217
Seaford,Normal Weekend,08:00–12:00,5.954223081882656,2.2018052869116698,8.156028368794326
Seaford,Normal Weekend,12:00–16:00,3.397970687711387,3.1995490417136416,6.597519729425029
Seaford,Normal Weekend,16:00–20:00,2.349987446648255,4.875721817725332,7.225709264373587
Seaford,Normal Weekend,20:00–00:00,1.0796221322537112,3.4367971210076473,4.5164192532613585
Seaford,Public Holiday,00:00–04:00,0,0.8536585365853658,0.8536585365853658
Seaford,Public Holiday,04:00–08:00,1.1111111111111112,0.10582010582010581,1.216931216931217
Seaford,Public Holiday,08:00–12:00,5.647058823529412,2.2588235294117647,7.905882352941177
Seaford,Public Holiday,12:00–16:00,3.617363344051447,2.9742765273311895,6.591639871382636
Seaford,Public Holiday,16:00–20:00,2.406015037593985,4.2293233082706765,6.635338345864661
Seaford,Public Holiday,20:00–00:00,0.8305647840531561,3.5548172757475083,4.385382059800665
Seaford,School Holiday,00:00–04:00,0,1.6666666666666667,1.6666666666666667
Seaford,School Holiday,04:00–08:00,8.67283950617284,0.08024691358024691,8.753086419753087
Seaford,School Holiday,08:00–12:00,5.911308203991131,1.1352549889135255,7.046563192904657
Seaford,School Holiday,12:00–16:00,2.668181818181818,4.4,7.068181818181818
Seaford,School Holiday,16:00–20:00,1.3462949376375641,7.842993396918562,9.189288334556126
Seaford,School Holiday,20:00–00:00,0.5030355594102341,3.399826539462272,3.9028620988725065
Carrum,Normal Weekday,00:00–04:00,0.010660980810234541,2.1748400852878467,2.185501066098081
Carrum,Normal Weekday,04:00–08:00,9.72087537675272,0.3944437164198663,10.115319093172586
Carrum,Normal Weekday,08:00–12:00,5.355090311986864,1.0888752052545156,6.443965517241379
Carrum,Normal Weekday,12:00–16:00,2.40343347639485,5.062176735996479,7.465610212391329
Carrum,Normal Weekday,16:00–20:00,1.555373107097245,7.702061667578909,9.257434774676154
Carrum,Normal Weekday,20:00–00:00,0.24016010673782523,3.0375806092950857,3.277740716032911
Carrum,Normal Weekend,00:00–04:00,0.10037641154328733,2.496863237139272,2.5972396486825593
Carrum,Normal Weekend,04:00–08:00,1.4686346863468636,0.14760147601476015,1.6162361623616237
Carrum,Normal Weekend,08:00–12:00,6.914694894146949,1.9458281444582815,8.86052303860523
Carrum,Normal Weekend,12:00–16:00,4.316593886462882,3.2292576419213974,7.545851528384279
Carrum,Normal Weekend,16:00–20:00,2.916060164968462,5.465793304221251,8.381853469189714
Carrum,Normal Weekend,20:00–00:00,0.8652173913043478,4.304347826086956,5.169565217391304
Carrum,Public Holiday,00:00–04:00,0,0.8536585365853658,0.8536585365853658
Carrum,Public Holiday,04:00–08:00,0.7407407407407407,0,0.7407407407407407
Carrum,Public Holiday,08:00–12:00,6.047058823529412,1.3411764705882352,7.388235294117647
Carrum,Public Holiday,12:00–16:00,4.237560192616372,3.322632423756019,7.560192616372391
Carrum,Public Holiday,16:00–20:00,1.92090395480226,4.783427495291902,6.704331450094163
Carrum,Public Holiday,20:00–00:00,0.6312292358803987,3.6877076411960132,4.318936877076412
Carrum,School Holiday,00:00–04:00,0,1.7551020408163265,1.7551020408163265
Carrum,School Holiday,04:00–08:00,5.7917337627482555,0.08588298443370908,5.877616747181965
Carrum,School Holiday,08:00–12:00,5.1745898190997055,0.8456037021455617,6.020193521245267
Carrum,School Holiday,12:00–16:00,2.772727272727273,4.15,6.922727272727274
Carrum,School Holiday,16:00–20:00,1.3357798165137615,6.322935779816514,7.658715596330275
Carrum,School Holiday,20:00–00:00,0.23295944779982744,3.1924072476272647,3.4253666954270923
Bonbeach,Normal Weekday,00:00–04:00,0,0.2906350914962325,0.2906350914962325
Bonbeach,Normal Weekday,04:00–08:00,3.387468030690537,0.020460358056265986,3.407928388746803
Bonbeach,Normal Weekday,08:00–12:00,2.304634375980751,0.048122188513442826,2.352756564494194
Bonbeach,Normal Weekday,12:00–16:00,0.27841972047980634,1.606690877077143,1.8851105975569493
Bonbeach,Normal Weekday,16:00–20:00,0.273647724163094,2.7948554227857336,3.0685031469488275
Bonbeach,Normal Weekday,20:00–00:00,0.022222222222222223,0.6333333333333333,0.6555555555555556
Bonbeach,Normal Weekend,00:00–04:00,0.012578616352201259,0.44025157232704404,0.4528301886792453
Bonbeach,Normal Weekend,04:00–08:00,0.0959409594095941,0.007380073800738007,0.1033210332103321
Bonbeach,Normal Weekend,08:00–12:00,1.9228375855631612,0.3235843186060983,2.2464219041692597
Bonbeach,Normal Weekend,12:00–16:00,0.9941009394800088,0.5440244701769719,1.5381254096569807
Bonbeach,Normal Weekend,16:00–20:00,0.7548543689320388,1.233009708737864,1.9878640776699028
Bonbeach,Normal Weekend,20:00–00:00,0.16079965232507606,1.21251629726206,1.373315949587136
Bonbeach,Public Holiday,00:00–04:00,0,0.12195121951219512,0.12195121951219512
Bonbeach,Public Holiday,04:00–08:00,0.21164021164021163,0,0.21164021164021163
Bonbeach,Public Holiday,08:00–12:00,1.4352941176470588,0.21176470588235294,1.6470588235294117
Bonbeach,Public Holiday,12:00–16:00,0.9951845906902087,0.4173354735152488,1.4125200642054576
Bonbeach,Public Holiday,16:00–20:00,0.3766478342749529,0.7721280602636534,1.1487758945386064
Bonbeach,Public Holiday,20:00–00:00,0.0664451827242525,0.9634551495016611,1.0299003322259137
Bonbeach,School Holiday,00:00–04:00,0,0.36885245901639346,0.36885245901639346
Bonbeach,School Holiday,04:00–08:00,1.644840230487166,0,1.644840230487166
Bonbeach,School Holiday,08:00–12:00,1.7546117546117546,0.09009009009009009,1.8447018447018446
Bonbeach,School Holiday,12:00–16:00,0.5454545454545454,0.85,1.3954545454545455
Bonbeach,School Holiday,16:00–20:00,0.30814380044020545,1.9735876742479823,2.2817314746881876
Bonbeach,School Holiday,20:00–00:00,0,0.8714408973252804,0.8714408973252804
Chelsea,Normal Weekday,00:00–04:00,0.021528525296017224,1.0979547900968785,1.1194833153928956
Chelsea,Normal Weekday,04:00–08:00,7.872368248986531,0.4328494834575651,8.305217732444095
Chelsea,Normal Weekday,08:00–12:00,6.89974293059126,1.9444730077120822,8.844215938303343
Chelsea,Normal Weekday,12:00–16:00,2.6026191262242766,7.449103114339166,10.051722240563443
Chelsea,Normal Weekday,16:00–20:00,1.7918601475006828,7.580806701265592,9.372666848766276
Chelsea,Normal Weekday,20:00–00:00,0.3053945608559964,2.7307177886758804,3.036112349531877
Chelsea,Normal Weekend,00:00–04:00,0.02518891687657431,1.5743073047858942,1.5994962216624684
Chelsea,Normal Weekend,04:00–08:00,0.8862629246676514,0.14032496307237813,1.0265878877400296
Chelsea,Normal Weekend,08:00–12:00,6.539662710805747,3.557151780137414,10.09681449094316
Chelsea,Normal Weekend,12:00–16:00,4.309742245522062,4.63302752293578,8.942769768457843
Chelsea,Normal Weekend,16:00–20:00,2.7967711301044633,5.035612535612535,7.832383665716998
Chelsea,Normal Weekend,20:00–00:00,1.1446597566471384,3.4790446146913023,4.623704371338441
Chelsea,Public Holiday,00:00–04:00,0,1.3414634146341464,1.3414634146341464
Chelsea,Public Holiday,04:00–08:00,0.7936507936507936,0,0.7936507936507936
Chelsea,Public Holiday,08:00–12:00,6.117647058823529,2.6588235294117646,8.776470588235293
Chelsea,Public Holiday,12:00–16:00,3.852327447833066,4.911717495987159,8.764044943820226
Chelsea,Public Holiday,16:00–20:00,2.5830258302583027,4.557195571955719,7.1402214022140225
Chelsea,Public Holiday,20:00–00:00,1,3.206896551724138,4.206896551724138
Chelsea,School Holiday,00:00–04:00,0,1.4754098360655739,1.4754098360655739
Chelsea,School Holiday,04:00–08:00,4.788430637386181,0.21424745581146223,5.002678093197644
Chelsea,School Holiday,08:00–12:00,5.6305356389708985,2.1341206242091944,7.764656263180093
Chelsea,School Holiday,12:00–16:00,3.8538356786200634,5.973672265093055,9.827507943713119
Chelsea,School Holiday,16:00–20:00,1.945054945054945,6.6923076923076925,8.637362637362637
Chelsea,School Holiday,20:00–00:00,0.5627705627705628,3.2467532467532467,3.8095238095238093
Edithvale,Normal Weekday,00:00–04:00,0,0.8180839612486545,0.8180839612486545
Edithvale,Normal Weekday,04:00–08:00,4.569112070092847,0.023538642604943115,4.59265071269779
Edithvale,Normal Weekday,08:00–12:00,3.689729618587437,0.18710804975840445,3.8768376683458414
Edithvale,Normal Weekday,12:00–16:00,0.5183799251595862,3.2852740479859124,3.8036539731454986
Edithvale,Normal Weekday,16:00–20:00,0.6320582877959927,3.8424408014571947,4.474499089253188
Edithvale,Normal Weekday,20:00–00:00,0.051270619705751225,1.4355773517610344,1.4868479714667857
Edithvale,Normal Weekend,00:00–04:00,0.012594458438287154,0.8312342569269522,0.8438287153652393
Edithvale,Normal Weekend,04:00–08:00,0.42097488921713444,0.007385524372230428,0.4283604135893649
Edithvale,Normal Weekend,08:00–12:00,2.5093399750933996,0.6288916562889165,3.138231631382316
Edithvale,Normal Weekend,12:00–16:00,1.824339086738038,1.212584662442648,3.036923749180686
Edithvale,Normal Weekend,16:00–20:00,1.4143331751305173,2.2496440436639773,3.6639772187944946
Edithvale,Normal Weekend,20:00–00:00,0.43478260869565216,2.028985507246377,2.4637681159420293
Edithvale,Public Holiday,00:00–04:00,0,0.6097560975609756,0.6097560975609756
Edithvale,Public Holiday,04:00–08:00,0.21164021164021163,0,0.21164021164021163
Edithvale,Public Holiday,08:00–12:00,2.376470588235294,0.7764705882352941,3.152941176470588
Edithvale,Public Holiday,12:00–16:00,1.8298555377207062,1.5730337078651686,3.402889245585875
Edithvale,Public Holiday,16:00–20:00,1.141804788213628,1.9152854511970534,3.057090239410681
Edithvale,Public Holiday,20:00–00:00,0.2422145328719723,1.6955017301038062,1.9377162629757785
Edithvale,School Holiday,00:00–04:00,0.040983606557377046,0.9426229508196722,0.9836065573770493
Edithvale,School Holiday,04:00–08:00,2.388859132297804,0.010712372790573112,2.399571505088377
Edithvale,School Holiday,08:00–12:00,2.9396878954027836,0.2952340784479123,3.234921973850696
Edithvale,School Holiday,12:00–16:00,1.2437585111211984,1.9518837948252383,3.1956423059464365
Edithvale,School Holiday,16:00–20:00,0.7472527472527473,3.2454212454212454,3.9926739926739927
Edithvale,School Holiday,20:00–00:00,0.17316017316017315,1.9393939393939394,2.1125541125541125
Aspendale,Normal Weekday,00:00–04:00,0,0.5166846071044133,0.5166846071044133
Aspendale,Normal Weekday,04:00–08:00,4.005492349941154,0.01569242840329541,4.021184778344449
Aspendale,Normal Weekday,08:00–12:00,2.7959309494451294,0.188039457459926,2.9839704069050557
Aspendale,Normal Weekday,12:00–16:00,0.3635161929940516,2.695527649261952,3.0590438422560036
Aspendale,Normal Weekday,16:00–20:00,0.5707512764405543,3.236688548504741,3.8074398249452956
Aspendale,Normal Weekday,20:00–00:00,0.051111111111111114,1.0133333333333334,1.0644444444444445
Aspendale,Normal Weekend,00:00–04:00,0,0.6801007556675063,0.6801007556675063
Aspendale,Normal Weekend,04:00–08:00,0.14032496307237813,0,0.14032496307237813
Aspendale,Normal Weekend,08:00–12:00,1.8929016189290162,0.32378580323785805,2.216687422166874
Aspendale,Normal Weekend,12:00–16:00,1.3155594405594406,0.7408216783216783,2.056381118881119
Aspendale,Normal Weekend,16:00–20:00,1.0204081632653061,1.6943521594684385,2.7147603227337447
Aspendale,Normal Weekend,20:00–00:00,0.25339366515837103,1.5746606334841629,1.8280542986425339
Aspendale,Public Holiday,00:00–04:00,0,0.12195121951219512,0.12195121951219512
Aspendale,Public Holiday,04:00–08:00,0.10582010582010581,0,0.10582010582010581
Aspendale,Public Holiday,08:00–12:00,2.0941176470588236,0.6823529411764706,2.776470588235294
Aspendale,Public Holiday,12:00–16:00,1.5730337078651686,1.3162118780096308,2.889245585874799
Aspendale,Public Holiday,16:00–20:00,0.8103130755064457,1.5285451197053408,2.3388581952117864
Aspendale,Public Holiday,20:00–00:00,0.17301038062283736,1.1764705882352942,1.3494809688581315
Aspendale,School Holiday,00:00–04:00,0.040983606557377046,0.860655737704918,0.9016393442622951
Aspendale,School Holiday,04:00–08:00,1.8639528655597215,0.021424745581146223,1.8853776111408678
Aspendale,School Holiday,08:00–12:00,2.108814846056516,0.21509911429776465,2.3239139603542807
Aspendale,School Holiday,12:00–16:00,0.7943713118474807,1.3527008624602814,2.147072174307762
Aspendale,School Holiday,16:00–20:00,0.5724770642201835,2.451376146788991,3.0238532110091745
Aspendale,School Holiday,20:00–00:00,0.08620689655172414,1.2672413793103448,1.353448275862069
Mordialloc,Normal Weekday,00:00–04:00,0.29908972691807545,2.2626788036410925,2.561768530559168
Mordialloc,Normal Weekday,04:00–08:00,11.333863696632193,3.8729779899230974,15.20684168655529
Mordialloc,Normal Weekday,08:00–12:00,8.48033204414678,7.159701914913687,15.640033959060467
Mordialloc,Normal Weekday,12:00–16:00,7.878056804474175,8.997697115911832,16.875753920386007
Mordialloc,Normal Weekday,16:00–20:00,4.456009251845921,12.411707143492572,16.867716395338494
Mordialloc,Normal Weekday,20:00–00:00,1.9215938303341902,4.768637532133676,6.690231362467866
Mordialloc,Normal Weekend,00:00–04:00,0.8495145631067961,3.2524271844660193,4.101941747572815
Mordialloc,Normal Weekend,04:00–08:00,1.2396069538926682,0.5668934240362812,1.8065003779289492
Mordialloc,Normal Weekend,08:00–12:00,8.44672258465362,7.0083876980428705,15.45511028269649
Mordialloc,Normal Weekend,12:00–16:00,7.3553177549683335,8.67219917012448,16.027516925092815
Mordialloc,Normal Weekend,16:00–20:00,6.072615092548648,10.29188419553868,16.364499288087327
Mordialloc,Normal Weekend,20:00–00:00,4.602604400538842,6.650202065559048,11.25280646609789
Mordialloc,Public Holiday,00:00–04:00,0.24096385542168675,1.3253012048192772,1.5662650602409638
Mordialloc,Public Holiday,04:00–08:00,0.9042553191489362,0.10638297872340426,1.0106382978723405
Mordialloc,Public Holiday,08:00–12:00,7.887323943661972,5.375586854460094,13.262910798122066
Mordialloc,Public Holiday,12:00–16:00,7.768860353130016,8.426966292134832,16.195826645264848
Mordialloc,Public Holiday,16:00–20:00,5.321100917431193,9.009174311926605,14.330275229357799
Mordialloc,Public Holiday,20:00–00:00,3.1833910034602075,4.913494809688581,8.096885813148788
Mordialloc,School Holiday,00:00–04:00,0.20304568527918782,2.33502538071066,2.5380710659898478
Mordialloc,School Holiday,04:00–08:00,7.433242506811989,1.6893732970027249,9.122615803814714
Mordialloc,School Holiday,08:00–12:00,7.644547923942569,5.70430733410943,13.348855258051998
Mordialloc,School Holiday,12:00–16:00,7.192028985507246,8.858695652173912,16.050724637681157
Mordialloc,School Holiday,16:00–20:00,4.9169675090252705,11.324909747292418,16.24187725631769
Mordialloc,School Holiday,20:00–00:00,2.4917218543046356,5.521523178807947,8.013245033112582
Parkdale,Normal Weekday,00:00–04:00,0,0.5555555555555556,0.5555555555555556
Parkdale,Normal Weekday,04:00–08:00,4.274461028192372,0.8830845771144279,5.157545605306799
Parkdale,Normal Weekday,08:00–12:00,2.965217391304348,2.310144927536232,5.27536231884058
Parkdale,Normal Weekday,12:00–16:00,3.33117723156533,2.855756791720569,6.1869340232858985
Parkdale,Normal Weekday,16:00–20:00,0.9139072847682119,3.986754966887417,4.900662251655629
Parkdale,Normal Weekday,20:00–00:00,0.09428032683846638,1.8730358265241986,1.967316153362665
Parkdale,Normal Weekend,00:00–04:00,0.047619047619047616,1.0476190476190477,1.0952380952380953
Parkdale,Normal Weekend,04:00–08:00,0.49411764705882355,0.07058823529411765,0.5647058823529412
Parkdale,Normal Weekend,08:00–12:00,3.2384690873405297,1.0500490677134446,4.288518155053975
Parkdale,Normal Weekend,12:00–16:00,2.397029034436192,1.8230925050641458,4.2201215395003375
Parkdale,Normal Weekend,16:00–20:00,1.2988929889298892,3.2472324723247232,4.546125461254612
Parkdale,Normal Weekend,20:00–00:00,0.30598052851182195,2.489568845618915,2.795549374130737
Parkdale,Public Holiday,00:00–04:00,0,0,0
Parkdale,Public Holiday,04:00–08:00,0.5882352941176471,0,0.5882352941176471
Parkdale,Public Holiday,08:00–12:00,6.216216216216216,1.6216216216216217,7.837837837837838
Parkdale,Public Holiday,12:00–16:00,1.4583333333333333,5,6.458333333333333
Parkdale,Public Holiday,16:00–20:00,0.9523809523809523,5,5.9523809523809526
Parkdale,Public Holiday,20:00–00:00,1.8181818181818181,3.6363636363636362,5.454545454545454
Parkdale,School Holiday,00:00–04:00,0.17857142857142858,1.0714285714285714,1.25
Parkdale,School Holiday,04:00–08:00,3.4412955465587043,0.06072874493927125,3.5020242914979756
Parkdale,School Holiday,08:00–12:00,3.1754874651810585,0.5988857938718662,3.7743732590529246
Parkdale,School Holiday,12:00–16:00,1.4329738058551618,2.4653312788906008,3.8983050847457625
Parkdale,School Holiday,16:00–20:00,0.9056603773584906,3.6352201257861636,4.540880503144654
Parkdale,School Holiday,20:00–00:00,0.16574585635359115,1.9337016574585635,2.0994475138121547
Mentone,Normal Weekday,00:00–04:00,0.14326647564469913,2.3925501432664755,2.535816618911175
Mentone,Normal Weekday,04:00–08:00,12.44539729331368,3.686185180222431,16.131582473536113
Mentone,Normal Weekday,08:00–12:00,9.689561505626697,10.906092355452076,20.595653861078773
Mentone,Normal Weekday,12:00–16:00,21.56347092765202,6.323790501553484,27.887261429205502
Mentone,Normal Weekday,16:00–20:00,5.621854780733285,12.494608195542774,18.11646297627606
Mentone,Normal Weekday,20:00–00:00,1.4166467922728356,5.459098497495827,6.875745289768663
Mentone,Normal Weekend,00:00–04:00,0.06097560975609756,2.7896341463414633,2.850609756097561
Mentone,Normal Weekend,04:00–08:00,1.883445945945946,0.4814189189189189,2.364864864864865
Mentone,Normal Weekend,08:00–12:00,8.970380818053597,3.236953455571227,12.207334273624824
Mentone,Normal Weekend,12:00–16:00,7.272289156626506,3.3686746987951808,10.640963855421687
Mentone,Normal Weekend,16:00–20:00,4.73030142781597,5.9280803807509255,10.658381808566896
Mentone,Normal Weekend,20:00–00:00,2.3080684596577017,5.26161369193154,7.569682151589242
Mentone,Public Holiday,00:00–04:00,0.14084507042253522,1.408450704225352,1.5492957746478873
Mentone,Public Holiday,04:00–08:00,1.5591397849462365,0.053763440860215055,1.6129032258064515
Mentone,Public Holiday,08:00–12:00,7.868852459016393,1.8266978922716628,9.695550351288055
Mentone,Public Holiday,12:00–16:00,6.57051282051282,3.0608974358974357,9.6314102564102555
Mentone,Public Holiday,16:00–20:00,3.1481481481481484,5.87037037037037,9.018518518518519
Mentone,Public Holiday,20:00–00:00,1.5282392026578073,4.617940199335548,6.146179401993355
Mentone,School Holiday,00:00–04:00,0.1951219512195122,2.975609756097561,3.1707317073170733
Mentone,School Holiday,04:00–08:00,9.480590486604703,0.8037178786221979,10.2843083652269
Mentone,School Holiday,08:00–12:00,9.021696252465484,1.921104536489152,10.942800788954635
Mentone,School Holiday,12:00–16:00,6.793478260869565,5.869565217391305,12.663043478260871
Mentone,School Holiday,16:00–20:00,4.363505228993869,10.685178507032095,15.048683736025964
Mentone,School Holiday,20:00–00:00,1.698744769874477,5.548117154811716,7.246861924686193
Cheltenham,Normal Weekday,00:00–04:00,0.23661270236612703,3.9103362391033625,4.146948941469489
Cheltenham,Normal Weekday,04:00–08:00,16.246069182389938,1.5566037735849056,17.802672955974845
Cheltenham,Normal Weekday,08:00–12:00,12.199505358615005,3.6784830997526794,15.877988458367684
Cheltenham,Normal Weekday,12:00–16:00,5.458280657395702,6.955330804888327,12.413611462284027
Cheltenham,Normal Weekday,16:00–20:00,6.1667781866845095,17.21729675476748,23.384074941451992
Cheltenham,Normal Weekday,20:00–00:00,1.9886003799873337,7.16698332277813,9.155583702765464
Cheltenham,Normal Weekend,00:00–04:00,0.4,4.703448275862069,5.103448275862069
Cheltenham,Normal Weekend,04:00–08:00,1.8904320987654322,0.6558641975308642,2.5462962962962963
Cheltenham,Normal Weekend,08:00–12:00,9.103111653447224,3.4838316046369737,12.586943258084197
Cheltenham,Normal Weekend,12:00–16:00,7.413649604660841,3.555971702039118,10.96962130669996
Cheltenham,Normal Weekend,16:00–20:00,6.1484814398200225,6.4454443194600675,12.59392575928009
Cheltenham,Normal Weekend,20:00–00:00,2.8253275109170306,6.672489082969432,9.497816593886462
Cheltenham,Public Holiday,00:00–04:00,0,0.9859154929577465,0.9859154929577465
Cheltenham,Public Holiday,04:00–08:00,1.1827956989247312,0.053763440860215055,1.2365591397849462
Cheltenham,Public Holiday,08:00–12:00,7.423887587822014,1.5222482435597189,8.946135831381733
Cheltenham,Public Holiday,12:00–16:00,6.153846153846154,2.467948717948718,8.621794871794872
Cheltenham,Public Holiday,16:00–20:00,3.339483394833948,4.870848708487085,8.210332103321033
Cheltenham,Public Holiday,20:00–00:00,1.3289036544850499,4.25249169435216,5.5813953488372094
Cheltenham,School Holiday,00:00–04:00,0.1951219512195122,3.2195121951219514,3.414634146341464
Cheltenham,School Holiday,04:00–08:00,11.213646532438478,0.9284116331096197,12.142058165548098
Cheltenham,School Holiday,08:00–12:00,9.04928346731912,2.6424327158336247,11.691716183152744
Cheltenham,School Holiday,12:00–16:00,5.690357627885922,4.622000905387053,10.312358533272974
Cheltenham,School Holiday,16:00–20:00,5.389473684210526,13.256140350877192,18.645614035087718
Cheltenham,School Holiday,20:00–00:00,1.4143094841930117,5.574043261231282,6.988352745424294
Upper Ferntree Gully,Normal Weekday,00:00–04:00,0,0.6622516556291391,0.6622516556291391
Upper Ferntree Gully,Normal Weekday,04:00–08:00,10.52980132450331,0.5986754966887418,11.128476821192052
Upper Ferntree Gully,Normal Weekday,08:00–12:00,5.955567451820128,3.4261241970021414,9.381691648822269
Upper Ferntree Gully,Normal Weekday,12:00–16:00,3.8555442522889116,6.619192946761614,10.474737199050526
Upper Ferntree Gully,Normal Weekday,16:00–20:00,1.6416249304396215,9.230198478946392,10.871823409386014
Upper Ferntree Gully,Normal Weekday,20:00–00:00,0.05103776794828173,1.1194283769989792,1.1704661449472609
Upper Ferntree Gully,Normal Weekend,00:00–04:00,0,0.5718954248366013,0.5718954248366013
Upper Ferntree Gully,Normal Weekend,04:00–08:00,0.14022787028921999,0.16652059596844873,0.3067484662576687
Upper Ferntree Gully,Normal Weekend,08:00–12:00,2.8948655256723717,4.322738386308068,7.21760391198044
Upper Ferntree Gully,Normal Weekend,12:00–16:00,4.7229916897506925,5.189289012003694,9.912280701754387
Upper Ferntree Gully,Normal Weekend,16:00–20:00,3.067655236329935,2.9981464318813718,6.065801668211307
Upper Ferntree Gully,Normal Weekend,20:00–00:00,0.20718232044198895,0.9461325966850829,1.1533149171270718
Upper Ferntree Gully,Public Holiday,00:00–04:00,0,0.15873015873015872,0.15873015873015872
Upper Ferntree Gully,Public Holiday,04:00–08:00,0.17751479289940827,0.05917159763313609,0.23668639053254437
Upper Ferntree Gully,Public Holiday,08:00–12:00,1.9407894736842106,5.098684210526316,7.0394736842105265
Upper Ferntree Gully,Public Holiday,12:00–16:00,4.839743589743589,5.705128205128205,10.544871794871796
Upper Ferntree Gully,Public Holiday,16:00–20:00,3.3009708737864076,3.1391585760517797,6.440129449838187
Upper Ferntree Gully,Public Holiday,20:00–00:00,0.15625,1.0416666666666667,1.1979166666666667
Upper Ferntree Gully,School Holiday,00:00–04:00,0,0.5164319248826291,0.5164319248826291
Upper Ferntree Gully,School Holiday,04:00–08:00,7.6482617586912065,0.8077709611451943,8.4560327198364
Upper Ferntree Gully,School Holiday,08:00–12:00,6.263498920086393,4.514038876889849,10.777537796976242
Upper Ferntree Gully,School Holiday,12:00–16:00,4.939271255060729,7.206477732793522,12.145748987854251
Upper Ferntree Gully,School Holiday,16:00–20:00,2.3240469208211145,8.027859237536656,10.351906158357771
Upper Ferntree Gully,School Holiday,20:00–00:00,0.08883248730964467,1.5355329949238579,1.6243654822335025
Ferntree Gully,Normal Weekday,00:00–04:00,0,1.9072847682119205,1.9072847682119205
Ferntree Gully,Normal Weekday,04:00–08:00,21.071902361369062,0.8092332183603078,21.88113557972937
Ferntree Gully,Normal Weekday,08:00–12:00,15.562709966405375,4.364501679731243,19.92721164613662
Ferntree Gully,Normal Weekday,12:00–16:00,6.502713704206242,12.69674355495251,19.199457259158752
Ferntree Gully,Normal Weekday,16:00–20:00,2.210057524587122,18.99610317313045,21.20616069771757
Ferntree Gully,Normal Weekday,20:00–00:00,0.35714285714285715,3.86734693877551,4.224489795918367
Ferntree Gully,Normal Weekend,00:00–04:00,0,2.4877250409165304,2.4877250409165304
Ferntree Gully,Normal Weekend,04:00–08:00,0.5338417540514776,0.14299332697807435,0.6768350810295519
Ferntree Gully,Normal Weekend,08:00–12:00,6.1949390815370196,2.46485473289597,8.65979381443299
Ferntree Gully,Normal Weekend,12:00–16:00,4.662349676225717,4.935245143385754,9.597594819611471
Ferntree Gully,Normal Weekend,16:00–20:00,2.659870250231696,6.468952734012975,9.128822984244671
Ferntree Gully,Normal Weekend,20:00–00:00,0.9247757073844031,3.1953071083505864,4.12008281573499
Ferntree Gully,Public Holiday,00:00–04:00,0,1.2698412698412698,1.2698412698412698
Ferntree Gully,Public Holiday,04:00–08:00,0.8333333333333334,0.1282051282051282,0.9615384615384616
Ferntree Gully,Public Holiday,08:00–12:00,4.794952681388013,1.9873817034700316,6.782334384858045
Ferntree Gully,Public Holiday,12:00–16:00,4.230769230769231,5.256410256410256,9.487179487179487
Ferntree Gully,Public Holiday,16:00–20:00,1.6129032258064515,5.903225806451613,7.516129032258064
Ferntree Gully,Public Holiday,20:00–00:00,0.5759162303664922,3.298429319371728,3.87434554973822
Ferntree Gully,School Holiday,00:00–04:00,0,2.6291079812206575,2.6291079812206575
Ferntree Gully,School Holiday,04:00–08:00,17.699386503067483,0.7975460122699386,18.496932515337424
Ferntree Gully,School Holiday,08:00–12:00,16.292517006802722,4.6145124716553285,20.90702947845805
Ferntree Gully,School Holiday,12:00–16:00,6.864864864864865,11.364864864864865,18.22972972972973
Ferntree Gully,School Holiday,16:00–20:00,2.688644688644689,18.256410256410255,20.945054945054945
Ferntree Gully,School Holiday,20:00–00:00,0.5717916137229987,4.675984752223634,5.247776365946633
Boronia,Normal Weekday,00:00–04:00,0,3.1390728476821192,3.1390728476821192
Boronia,Normal Weekday,04:00–08:00,25.983671319462733,2.7021332631024495,28.685804582565183
Boronia,Normal Weekday,08:00–12:00,19.68623208006492,8.961319989180417,28.647552069245336
Boronia,Normal Weekday,12:00–16:00,11.585073604929818,20.44847654912701,32.033550154056826
Boronia,Normal Weekday,16:00–20:00,4.227448098475105,24.6500091861106,28.877457284585706
Boronia,Normal Weekday,20:00–00:00,0.8101613456917267,5.952626158599382,6.762787504291109
Boronia,Normal Weekend,00:00–04:00,0,3.469721767594108,3.469721767594108
Boronia,Normal Weekend,04:00–08:00,1.8875119161105816,0.3622497616777884,2.2497616777883698
Boronia,Normal Weekend,08:00–12:00,9.634489222118088,4.536082474226804,14.170571696344892
Boronia,Normal Weekend,12:00–16:00,8.085991678224689,8.539066111881645,16.625057790106332
Boronia,Normal Weekend,16:00–20:00,4.555143651529193,10.625579240037071,15.180722891566266
Boronia,Normal Weekend,20:00–00:00,1.7391304347826086,5.541752933057281,7.280883367839889
Boronia,Public Holiday,00:00–04:00,0,2.2222222222222223,2.2222222222222223
Boronia,Public Holiday,04:00–08:00,1.4743589743589745,0.2564102564102564,1.7307692307692308
Boronia,Public Holiday,08:00–12:00,8.07570977917981,3.470031545741325,11.545741324921135
Boronia,Public Holiday,12:00–16:00,7.147435897435898,7.884615384615385,15.032051282051283
Boronia,Public Holiday,16:00–20:00,2.935483870967742,9.451612903225806,12.387096774193548
Boronia,Public Holiday,20:00–00:00,0.9947643979057592,5.2356020942408374,6.230366492146596
Boronia,School Holiday,00:00–04:00,0,4.037558685446009,4.037558685446009
Boronia,School Holiday,04:00–08:00,20.368098159509202,2.341513292433538,22.70961145194274
Boronia,School Holiday,08:00–12:00,20.356756756756756,9.58918918918919,29.945945945945944
Boronia,School Holiday,12:00–16:00,13.716216216216216,17.68918918918919,31.405405405405403
Boronia,School Holiday,16:00–20:00,4.725274725274725,22.593406593406595,27.31868131868132
Boronia,School Holiday,20:00–00:00,1.3214739517153749,6.937738246505718,8.259212198221093
Bayswater,Normal Weekday,00:00–04:00,0.43902439024390244,1.0731707317073171,1.5121951219512195
Bayswater,Normal Weekday,04:00–08:00,20.7504640678865,4.4762662423760275,25.22673031026253
Bayswater,Normal Weekday,08:00–12:00,18.10734463276836,6.0875706214689265,24.194915254237287
Bayswater,Normal Weekday,12:00–16:00,12.84456484930579,12.119878090077886,24.964442939383677
Bayswater,Normal Weekday,16:00–20:00,8.87434554973822,19.713787085514834,28.588132635253054
Bayswater,Normal Weekday,20:00–00:00,2.1709401709401708,4.047863247863248,6.218803418803418
Bayswater,Normal Weekend,00:00–04:00,0.4122137404580153,1.786259541984733,2.198473282442748
Bayswater,Normal Weekend,04:00–08:00,1.7635843660629171,0.25738798856053385,2.020972354623451
Bayswater,Normal Weekend,08:00–12:00,9.040262172284644,2.7059925093632957,11.74625468164794
Bayswater,Normal Weekend,12:00–16:00,7.968605724838412,5.33702677746999,13.305632502308402
Bayswater,Normal Weekend,16:00–20:00,5.210745715609078,6.850393700787402,12.061139416396479
Bayswater,Normal Weekend,20:00–00:00,2.190611664295875,3.4992887624466573,5.689900426742533
Bayswater,Public Holiday,00:00–04:00,0.14285714285714285,1.7142857142857142,1.857142857142857
Bayswater,Public Holiday,04:00–08:00,0.8974358974358975,0.1282051282051282,1.0256410256410255
Bayswater,Public Holiday,08:00–12:00,7.381703470031546,1.4511041009463723,8.832807570977918
Bayswater,Public Holiday,12:00–16:00,6.153846153846154,4.230769230769231,10.384615384615385
Bayswater,Public Holiday,16:00–20:00,3.054662379421222,6.012861736334405,9.067524115755628
Bayswater,Public Holiday,20:00–00:00,1.366120218579235,3.2240437158469946,4.590163934426229
Bayswater,School Holiday,00:00–04:00,0.11976047904191617,1.1976047904191616,1.3173652694610778
Bayswater,School Holiday,04:00–08:00,16.55771195097038,2.247191011235955,18.804902962206334
Bayswater,School Holiday,08:00–12:00,18.781038374717834,4.446952595936795,23.22799097065463
Bayswater,School Holiday,12:00–16:00,13.68632707774799,10.093833780160859,23.780160857908847
Bayswater,School Holiday,16:00–20:00,6.64378860672615,17.604667124227866,24.248455730954017
Bayswater,School Holiday,20:00–00:00,1.6983523447401774,4.334600760456274,6.032953105196452
Heathmont,Normal Weekday,00:00–04:00,0.016863406408094434,0.45531197301854975,0.47217537942664417
Heathmont,Normal Weekday,04:00–08:00,12.896257986005477,0.836629145117128,13.732887131122604
Heathmont,Normal Weekday,08:00–12:00,10.872649875842498,3.7637460092231287,14.636395885065626
Heathmont,Normal Weekday,12:00–16:00,4.454817027632561,8.069454817027632,12.524271844660193
Heathmont,Normal Weekday,16:00–20:00,1.2649361351462711,10.970333745364648,12.23526988051092
Heathmont,Normal Weekday,20:00–00:00,0.06641760066417601,2.162723121627231,2.2291407222914073
Heathmont,Normal Weekend,00:00–04:00,0.01968503937007874,0.6496062992125984,0.6692913385826771
Heathmont,Normal Weekend,04:00–08:00,0.35269709543568467,0.01037344398340249,0.3630705394190872
Heathmont,Normal Weekend,08:00–12:00,2.778082191780822,1.0410958904109588,3.8191780821917805
Heathmont,Normal Weekend,12:00–16:00,2.6179367547952306,3.0119232763089685,5.629860031104199
Heathmont,Normal Weekend,16:00–20:00,1.4984391259105099,4.151925078043704,5.650364203954214
Heathmont,Normal Weekend,20:00–00:00,0.4314002828854314,1.8458274398868457,2.277227722772277
Heathmont,Public Holiday,00:00–04:00,0,0.17543859649122806,0.17543859649122806
Heathmont,Public Holiday,04:00–08:00,0.3424657534246575,0.0684931506849315,0.410958904109589
Heathmont,Public Holiday,08:00–12:00,2.4285714285714284,0.7142857142857143,3.142857142857143
Heathmont,Public Holiday,12:00–16:00,1.9097222222222223,2.4305555555555554,4.340277777777778
Heathmont,Public Holiday,16:00–20:00,0.7665505226480837,3.4146341463414633,4.181184668989547
Heathmont,Public Holiday,20:00–00:00,0.20725388601036268,1.6062176165803108,1.8134715025906736
Heathmont,School Holiday,00:00–04:00,0,0.49504950495049505,0.49504950495049505
Heathmont,School Holiday,04:00–08:00,8.580183861082737,0.11235955056179775,8.692543411644536
Heathmont,School Holiday,08:00–12:00,8.9179548156956,2.140309155766944,11.058263971462544
Heathmont,School Holiday,12:00–16:00,3.607594936708861,6.3544303797468356,9.962025316455696
Heathmont,School Holiday,16:00–20:00,1.3456090651558075,8.703966005665722,10.049575070821529
Heathmont,School Holiday,20:00–00:00,0.3054448871181939,2.3904382470119523,2.6958831341301464
Highett,Normal Weekday,00:00–04:00,0.025094102885821833,1.6687578419071518,1.6938519447929736
Highett,Normal Weekday,04:00–08:00,8.405524168236033,0.692090395480226,9.09761456371626
Highett,Normal Weekday,08:00–12:00,6.187108325872874,1.982094897045658,8.169203222918531
Highett,Normal Weekday,12:00–16:00,2.8590985678180285,5.774010109519798,8.633108677337827
Highett,Normal Weekday,16:00–20:00,3.0935016871666483,9.486230543158811,12.57973223032546
Highett,Normal Weekday,20:00–00:00,0.6533304958501809,3.562460097893169,4.21579059374335
Highett,Normal Weekend,00:00–04:00,0.07792207792207792,1.9350649350649352,2.012987012987013
Highett,Normal Weekend,04:00–08:00,1.0493827160493827,0.4089506172839506,1.4583333333333333
Highett,Normal Weekend,08:00–12:00,5.518608907870653,2.6052471018913974,8.12385600976205
Highett,Normal Weekend,12:00–16:00,4.055347482313774,3.6933000416146484,7.7486475239284225
Highett,Normal Weekend,16:00–20:00,2.7375056280954526,5.39846915803692,8.135974786132373
Highett,Normal Weekend,20:00–00:00,1.5206758559359714,4.668741662961316,6.1894175188972875
Highett,Public Holiday,00:00–04:00,0,0.8108108108108109,0.8108108108108109
Highett,Public Holiday,04:00–08:00,0.6451612903225806,0.16129032258064516,0.8064516129032258
Highett,Public Holiday,08:00–12:00,4.8243559718969555,1.7798594847775175,6.604215456674473
Highett,Public Holiday,12:00–16:00,3.8621794871794872,2.8525641025641026,6.714743589743589
Highett,Public Holiday,16:00–20:00,1.6544117647058822,4.761029411764706,6.415441176470588
Highett,Public Holiday,20:00–00:00,0.8108108108108109,3.3445945945945947,4.155405405405405
Highett,School Holiday,00:00–04:00,0,1.8627450980392157,1.8627450980392157
Highett,School Holiday,04:00–08:00,5.990660440293529,0.7271514342895263,6.717811874583055
Highett,School Holiday,08:00–12:00,5.140151515151516,2.0416666666666665,7.181818181818182
Highett,School Holiday,12:00–16:00,3.3544590312358533,4.169307378904482,7.523766410140335
Highett,School Holiday,16:00–20:00,3.17481884057971,8.37409420289855,11.548913043478262
Highett,School Holiday,20:00–00:00,0.67453625632377745,4.241146711635751,4.915682967959528
Glen Waverley,Normal Weekday,00:00–04:00,0.5582137161084529,16.88995215311005,17.448165869218503
Glen Waverley,Normal Weekday,04:00–08:00,41.00638977635783,6.511581469648562,47.51797124600639
Glen Waverley,Normal Weekday,08:00–12:00,37.168734491315135,11.37468982630273,48.54342431761786
Glen Waverley,Normal Weekday,12:00–16:00,20.104875283446713,29.30980725623583,49.414682539682545
Glen Waverley,Normal Weekday,16:00–20:00,18.266919671094243,51.605313092979124,69.87223276407337
Glen Waverley,Normal Weekday,20:00–00:00,12.065217391304348,26.757246376811594,38.82246376811594
Glen Waverley,Normal Weekend,00:00–04:00,1.1443661971830985,17.922535211267604,19.066901408450704
Glen Waverley,Normal Weekend,04:00–08:00,10.317460317460318,4.183006535947713,14.500466853408032
Glen Waverley,Normal Weekend,08:00–12:00,34.34188034188034,18.22222222222222,52.56410256410256
Glen Waverley,Normal Weekend,12:00–16:00,33.91681735985534,23.62748643761302,57.54430379746836
Glen Waverley,Normal Weekend,16:00–20:00,27.78372591006424,34.78586723768736,62.569593147751604
Glen Waverley,Normal Weekend,20:00–00:00,15.383244206773618,30.564468211527036,45.947712418300654
Glen Waverley,Public Holiday,00:00–04:00,0.5660377358490566,10.754716981132075,11.320754716981131
Glen Waverley,Public Holiday,04:00–08:00,7.794117647058823,3.3088235294117645,11.102941176470587
Glen Waverley,Public Holiday,08:00–12:00,29.215017064846418,14.129692832764505,43.344709897610926
Glen Waverley,Public Holiday,12:00–16:00,28.390092879256965,21.70278637770898,50.092879256965944
Glen Waverley,Public Holiday,16:00–20:00,19.96951219512195,31.585365853658537,51.55487804878049
Glen Waverley,Public Holiday,20:00–00:00,19.65665236051502,20.686695278969957,40.343347639484975
Glen Waverley,School Holiday,00:00–04:00,0.5797101449275363,17.10144927536232,17.681159420289855
Glen Waverley,School Holiday,04:00–08:00,26.695132365499575,4.286934244235696,30.98206660973527
Glen Waverley,School Holiday,08:00–12:00,30.522945570971185,9.994663820704377,40.51760939167556
Glen Waverley,School Holiday,12:00–16:00,21.261034047919292,20.353089533417403,41.6141235813367
Glen Waverley,School Holiday,16:00–20:00,16.870932754880695,42.89587852494577,59.76681127982647
Glen Waverley,School Holiday,20:00–00:00,12.595019659239842,27.549148099606814,40.144167758846656
Syndal,Normal Weekday,00:00–04:00,0.03231017770597738,7.883683360258481,7.915993537964459
Syndal,Normal Weekday,04:00–08:00,35.60565136089757,2.262622065239975,37.86827342613754
Syndal,Normal Weekday,08:00–12:00,20.22301064368981,5.788139888494678,26.011150532184487
Syndal,Normal Weekday,12:00–16:00,7.180196376711382,11.667819112155994,18.848015488867375
Syndal,Normal Weekday,16:00–20:00,6.667098445595855,30.077720207253886,36.744818652849744
Syndal,Normal Weekday,20:00–00:00,1.616892911010558,14.27450980392157,15.891402714932127
Syndal,Normal Weekend,00:00–04:00,0.05291005291005291,8.430335097001764,8.483245149911816
Syndal,Normal Weekend,04:00–08:00,3.84390243902439,0.4,4.2439024390243905
Syndal,Normal Weekend,08:00–12:00,16.5046102263202,4.756915339480302,21.2615255658005
Syndal,Normal Weekend,12:00–16:00,13.904727535185854,9.022013713460844,22.9267412486467
Syndal,Normal Weekend,16:00–20:00,9.609513667021654,16.55662051828186,26.166134185303513
Syndal,Normal Weekend,20:00–00:00,3.085680047932894,16.440982624325944,19.526662672258837
Syndal,Public Holiday,00:00–04:00,0,5.384615384615385,5.384615384615385
Syndal,Public Holiday,04:00–08:00,3.3834586466165413,0,3.3834586466165413
Syndal,Public Holiday,08:00–12:00,13.377926421404682,3.779264214046823,17.157190635451506
Syndal,Public Holiday,12:00–16:00,11.73374613003096,7.708978328173375,19.442724458204335
Syndal,Public Holiday,16:00–20:00,5.335365853658536,14.817073170731707,20.152439024390244
Syndal,Public Holiday,20:00–00:00,1.8025751072961373,10.901287553648068,12.703862660944205
Syndal,School Holiday,00:00–04:00,0.14492753623188406,8.695652173913043,8.840579710144928
Syndal,School Holiday,04:00–08:00,24.74199288256228,0.800711743772242,25.542704626334523
Syndal,School Holiday,08:00–12:00,16.562671045429667,3.7164750957854404,20.279146141215108
Syndal,School Holiday,12:00–16:00,6.109068627450981,7.794117647058823,13.903186274509803
Syndal,School Holiday,16:00–20:00,5.569760978321289,24.54697053918844,30.116731517509727
Syndal,School Holiday,20:00–00:00,1.8086500655307995,14.338138925294889,16.146788990825687
Mount Waverley,Normal Weekday,00:00–04:00,0,7.059773828756058,7.059773828756058
Mount Waverley,Normal Weekday,04:00–08:00,24.014128402243923,2.7841263245377106,26.798254726781632
Mount Waverley,Normal Weekday,08:00–12:00,19.490165631469978,8.576604554865424,28.066770186335404
Mount Waverley,Normal Weekday,12:00–16:00,13.531582682753726,12.448545067423705,25.98012775017743
Mount Waverley,Normal Weekday,16:00–20:00,6.8682013660511005,24.59144953200101,31.45965089805211
Mount Waverley,Normal Weekday,20:00–00:00,2.1025641025641026,12.681749622926093,14.784313725490195
Mount Waverley,Normal Weekend,00:00–04:00,0.019801980198019802,7.603960396039604,7.623762376237623
Mount Waverley,Normal Weekend,04:00–08:00,3.0809859154929575,0.8538732394366197,3.934859154929577
Mount Waverley,Normal Weekend,08:00–12:00,15.46875,7.220394736842105,22.689144736842106
Mount Waverley,Normal Weekend,12:00–16:00,13.796463370624323,11.627571273908336,25.42403464453266
Mount Waverley,Normal Weekend,16:00–20:00,9.63159893657425,16.114698063045957,25.746296999620206
Mount Waverley,Normal Weekend,20:00–00:00,3.7485779294653017,12.718998862343572,16.467576791808874
Mount Waverley,Public Holiday,00:00–04:00,0,3.6,3.6
Mount Waverley,Public Holiday,04:00–08:00,2.0689655172413794,0.27586206896551724,2.344827586206897
Mount Waverley,Public Holiday,08:00–12:00,12.516556291390728,4.66887417218543,17.185430463576157
Mount Waverley,Public Holiday,12:00–16:00,11.207430340557275,9.78328173374613,20.990712074303403
Mount Waverley,Public Holiday,16:00–20:00,6.059602649006623,14.966887417218542,21.026490066225165
Mount Waverley,Public Holiday,20:00–00:00,2.7235772357723578,9.146341463414634,11.869918699186993
Mount Waverley,School Holiday,00:00–04:00,0,8.695652173913043,8.695652173913043
Mount Waverley,School Holiday,04:00–08:00,16.147686832740213,0.5338078291814946,16.681494661921707
Mount Waverley,School Holiday,08:00–12:00,16.410112359550563,4.780898876404494,21.19101123595506
Mount Waverley,School Holiday,12:00–16:00,6.935687263556116,9.867591424968474,16.80327868852459
Mount Waverley,School Holiday,16:00–20:00,5.837398373983739,20.065040650406505,25.902439024390244
Mount Waverley,School Holiday,20:00–00:00,2.2673656618610747,12.961992136304064,15.229357798165138
Lilydale,Normal Weekday,00:00–04:00,0.030395136778115502,3.9209726443768997,3.951367781155015
Lilydale,Normal Weekday,04:00–08:00,31.435643564356436,4.383092155369383,35.81873571972582
Lilydale,Normal Weekday,08:00–12:00,22.471424158171146,16.197096076614148,38.66852023478529
Lilydale,Normal Weekday,12:00–16:00,18.072196620583718,23.387096774193548,41.45929339477726
Lilydale,Normal Weekday,16:00–20:00,7.703703703703703,25.37137137137137,33.07507507507508
Lilydale,Normal Weekday,20:00–00:00,1.5934755332496864,6.5579255541614385,8.151401087411125
Lilydale,Normal Weekend,00:00–04:00,0.09933774834437085,4.817880794701987,4.917218543046357
Lilydale,Normal Weekend,04:00–08:00,2.1494370522006143,2.4769703172978508,4.626407369498465
Lilydale,Normal Weekend,08:00–12:00,15.063145809414467,11.61308840413318,26.676234213547644
Lilydale,Normal Weekend,12:00–16:00,12.824543610547668,13.057809330628803,25.88235294117647
Lilydale,Normal Weekend,16:00–20:00,10.158898305084746,13.448093220338983,23.60699152542373
Lilydale,Normal Weekend,20:00–00:00,3.0504754937820042,6.393562545720556,9.44403803950256
Lilydale,Public Holiday,00:00–04:00,0,1.3114754098360655,1.3114754098360655
Lilydale,Public Holiday,04:00–08:00,3.1914893617021276,1.2765957446808511,4.468085106382979
Lilydale,Public Holiday,08:00–12:00,12.90566037735849,10.943396226415095,23.849056603773583
Lilydale,Public Holiday,12:00–16:00,11.493055555555555,12.847222222222221,24.34027777777778
Lilydale,Public Holiday,16:00–20:00,8.181818181818182,11.963636363636363,20.145454545454545
Lilydale,Public Holiday,20:00–00:00,1.4285714285714286,6.455026455026455,7.883597883597884
Lilydale,School Holiday,00:00–04:00,0,3.755868544600939,3.755868544600939
Lilydale,School Holiday,04:00–08:00,22.171581769436997,3.967828418230563,26.13941018766756
Lilydale,School Holiday,08:00–12:00,24.0989010989011,15.175824175824175,39.27472527472527
Lilydale,School Holiday,12:00–16:00,16.72043010752688,23.615591397849464,40.336021505376344
Lilydale,School Holiday,16:00–20:00,8.00561797752809,22.67556179775281,30.6811797752809
Lilydale,School Holiday,20:00–00:00,1.4682539682539681,7.050264550264551,8.518518518518519
Mooroolbark,Normal Weekday,00:00–04:00,0.06191950464396285,3.7306501547987616,3.7925696594427243
Mooroolbark,Normal Weekday,04:00–08:00,40.575246949447994,0.3282975014526438,40.90354445090064
Mooroolbark,Normal Weekday,08:00–12:00,27.16470588235294,3.9794117647058824,31.144117647058824
Mooroolbark,Normal Weekday,12:00–16:00,14.2357910906298,23.15284178187404,37.38863287250384
Mooroolbark,Normal Weekday,16:00–20:00,5.016012810248198,33.0564451561249,38.0724579663731
Mooroolbark,Normal Weekday,20:00–00:00,0.9321681231793592,7.790262172284645,8.722430295464005
Mooroolbark,Normal Weekend,00:00–04:00,0.08090614886731391,3.9644012944983817,4.0453074433656955
Mooroolbark,Normal Weekend,04:00–08:00,2,0.1452513966480447,2.1452513966480447
Mooroolbark,Normal Weekend,08:00–12:00,12.838302752293577,2.069954128440367,14.908256880733944
Mooroolbark,Normal Weekend,12:00–16:00,9.651339060131379,6.003031834259727,15.654370894391107
Mooroolbark,Normal Weekend,16:00–20:00,5.938715953307393,9.523346303501945,15.46206225680934
Mooroolbark,Normal Weekend,20:00–00:00,1.9764705882352942,6.180392156862745,8.156862745098039
Mooroolbark,Public Holiday,00:00–04:00,0,1.4516129032258065,1.4516129032258065
Mooroolbark,Public Holiday,04:00–08:00,2.4031007751937983,0.07751937984496124,2.4806201550387597
Mooroolbark,Public Holiday,08:00–12:00,12.11320754716981,1.4339622641509433,13.547169811320755
Mooroolbark,Public Holiday,12:00–16:00,10.17361111111111,5.763888888888889,15.9375
Mooroolbark,Public Holiday,16:00–20:00,3.9130434782608696,9.665551839464882,13.578595317725751
Mooroolbark,Public Holiday,20:00–00:00,1.1931818181818181,7.045454545454546,8.238636363636363
Mooroolbark,School Holiday,00:00–04:00,0.0947867298578199,3.838862559241706,3.933649289099526
Mooroolbark,School Holiday,04:00–08:00,28.4488107549121,0.10341261633919338,28.55222337125129
Mooroolbark,School Holiday,08:00–12:00,25.182863113897596,3.29153605015674,28.474399164054336
Mooroolbark,School Holiday,12:00–16:00,13.790322580645162,16.733870967741936,30.524193548387096
Mooroolbark,School Holiday,16:00–20:00,4.687719298245614,26.88421052631579,31.571929824561405
Mooroolbark,School Holiday,20:00–00:00,1.266490765171504,7.981530343007916,9.248021108179419
Croydon,Normal Weekday,00:00–04:00,0.023148148148148147,2.986111111111111,3.0092592592592595
Croydon,Normal Weekday,04:00–08:00,33.12379110251451,6.610251450676983,39.73404255319149
Croydon,Normal Weekday,08:00–12:00,25.00965250965251,17.138030888030887,42.147683397683394
Croydon,Normal Weekday,12:00–16:00,17.510971786833856,27.22257053291536,44.73354231974922
Croydon,Normal Weekday,16:00–20:00,7.39888194672805,28.441302203222623,35.84018414995067
Croydon,Normal Weekday,20:00–00:00,1.0812539987204095,6.641074856046065,7.722328854766475
Croydon,Normal Weekend,00:00–04:00,0.09501187648456057,2.8978622327790973,2.9928741092636577
Croydon,Normal Weekend,04:00–08:00,1.8697829716193657,1.669449081803005,3.5392320534223707
Croydon,Normal Weekend,08:00–12:00,12.357320099255583,9.35483870967742,21.712158808933005
Croydon,Normal Weekend,12:00–16:00,10.924242424242424,11.25,22.174242424242422
Croydon,Normal Weekend,16:00–20:00,6.778042959427208,12.442322991249005,19.220365950676214
Croydon,Normal Weekend,20:00–00:00,2.421875,6.283482142857143,8.705357142857142
Croydon,Public Holiday,00:00–04:00,0,2,2
Croydon,Public Holiday,04:00–08:00,2.2388059701492535,1.1940298507462686,3.432835820895522
Croydon,Public Holiday,08:00–12:00,10.638297872340425,6.524822695035461,17.163120567375884
Croydon,Public Holiday,12:00–16:00,6.388888888888889,9.722222222222221,16.11111111111111
Croydon,Public Holiday,16:00–20:00,4.087591240875913,8.978102189781023,13.065693430656935
Croydon,Public Holiday,20:00–00:00,1.7647058823529411,6.117647058823529,7.88235294117647
Croydon,School Holiday,00:00–04:00,0,2.784090909090909,2.784090909090909
Croydon,School Holiday,04:00–08:00,21.867007672634273,5.20460358056266,27.071611253196934
Croydon,School Holiday,08:00–12:00,22.5810635538262,14.11154345006485,36.692607003891055
Croydon,School Holiday,12:00–16:00,16.956521739130434,22.006688963210703,38.96321070234114
Croydon,School Holiday,16:00–20:00,6.932409012131716,22.868284228769497,29.80069324090121
Croydon,School Holiday,20:00–00:00,1.4533965244865719,6.729857819905213,8.183254344391784
Ringwood East,Normal Weekday,00:00–04:00,0,1.0784313725490196,1.0784313725490196
Ringwood East,Normal Weekday,04:00–08:00,15.420731707317072,3.5304878048780486,18.95121951219512
Ringwood East,Normal Weekday,08:00–12:00,13.295901179112859,7.638966872543515,20.934868051656373
Ringwood East,Normal Weekday,12:00–16:00,9.55453149001536,12.546082949308756,22.10061443932412
Ringwood East,Normal Weekday,16:00–20:00,3.1845476381104882,14.625700560448358,17.810248198558845
Ringwood East,Normal Weekday,20:00–00:00,0.5395825128003151,3.489562820007877,4.029145332808192
Ringwood East,Normal Weekend,00:00–04:00,0.0199203187250996,0.8366533864541833,0.8565737051792829
Ringwood East,Normal Weekend,04:00–08:00,0.5960945529290853,0.328879753340185,0.9249743062692704
Ringwood East,Normal Weekend,08:00–12:00,5.1674903898956615,2.8226249313563976,7.990115321252059
Ringwood East,Normal Weekend,12:00–16:00,3.972741039878849,5.047955577990914,9.020696617869763
Ringwood East,Normal Weekend,16:00–20:00,2.307286166842661,5.865892291446674,8.173178458289335
Ringwood East,Normal Weekend,20:00–00:00,0.7675753228120517,3.2568149210903874,4.024390243902439
Ringwood East,Public Holiday,00:00–04:00,0,0.5454545454545454,0.5454545454545454
Ringwood East,Public Holiday,04:00–08:00,0.6060606060606061,0.45454545454545453,1.0606060606060606
Ringwood East,Public Holiday,08:00–12:00,4.368231046931408,2.1299638989169676,6.498194945848375
Ringwood East,Public Holiday,12:00–16:00,3.611111111111111,4.340277777777778,7.951388888888889
Ringwood East,Public Holiday,16:00–20:00,1.5272727272727273,5.381818181818182,6.909090909090909
Ringwood East,Public Holiday,20:00–00:00,0.46875,3.0208333333333335,3.4895833333333335
Ringwood East,School Holiday,00:00–04:00,0,0.7831325301204819,0.7831325301204819
Ringwood East,School Holiday,04:00–08:00,9.83695652173913,1.608695652173913,11.445652173913043
Ringwood East,School Holiday,08:00–12:00,10,4.631474103585657,14.631474103585656
Ringwood East,School Holiday,12:00–16:00,5.363881401617251,8.423180592991914,13.787061994609164
Ringwood East,School Holiday,16:00–20:00,2.1403508771929824,10.407017543859649,12.547368421052632
Ringwood East,School Holiday,20:00–00:00,0.24906600249066002,2.9389788293897885,3.1880448318804486
Pakenham,Normal Weekday,00:00–04:00,0.11261261261261261,2.2184684684684686,2.331081081081081
Pakenham,Normal Weekday,04:00–08:00,17.210109974918,4.182905653096662,21.393015628014663
Pakenham,Normal Weekday,08:00–12:00,10.88316978337345,8.879837067209776,19.763006850583224
Pakenham,Normal Weekday,12:00–16:00,10.40474060822898,14.04964221824687,24.45438282647585
Pakenham,Normal Weekday,16:00–20:00,6.588569400070997,20.81647142350018,27.405040823571177
Pakenham,Normal Weekday,20:00–00:00,0.9673168160253031,6.096468107538218,7.063784923563521
Pakenham,Normal Weekend,00:00–04:00,0.21067415730337077,2.5702247191011236,2.7808988764044944
Pakenham,Normal Weekend,04:00–08:00,6.512549537648613,2.9326287978863936,9.445178335535006
Pakenham,Normal Weekend,08:00–12:00,15.950479233226837,10.599041533546325,26.549520766773163
Pakenham,Normal Weekend,12:00–16:00,9.783593356819326,9.703069954705587,19.486663311524914
Pakenham,Normal Weekend,16:00–20:00,6.1940298507462686,11.437810945273633,17.6318407960199
Pakenham,Normal Weekend,20:00–00:00,2.0875912408759123,7.883211678832117,9.97080291970803
Pakenham,Public Holiday,00:00–04:00,0.2702702702702703,2.027027027027027,2.2972972972972974
Pakenham,Public Holiday,04:00–08:00,6.296296296296297,2.2222222222222223,8.518518518518519
Pakenham,Public Holiday,08:00–12:00,13.814432989690722,7.835051546391752,21.649484536082475
Pakenham,Public Holiday,12:00–16:00,8.557692307692308,7.980769230769231,16.53846153846154
Pakenham,Public Holiday,16:00–20:00,4.426751592356688,10.764331210191083,15.19108280254777
Pakenham,Public Holiday,20:00–00:00,2.0297029702970297,8.415841584158416,10.445544554455445
Pakenham,School Holiday,00:00–04:00,0.1976284584980237,1.5019762845849802,1.699604743083004
Pakenham,School Holiday,04:00–08:00,11.685226429101707,3.682256867112101,15.367483296213809
Pakenham,School Holiday,08:00–12:00,9.345794392523365,8.684399712437095,18.030194104960458
Pakenham,School Holiday,12:00–16:00,9.896640826873385,11.093884582256676,20.99052540913006
Pakenham,School Holiday,16:00–20:00,5.488721804511278,17.286397812713602,22.77511961722488
Pakenham,School Holiday,20:00–00:00,0.9861751152073732,5.336405529953917,6.32258064516129
Officer,Normal Weekday,00:00–04:00,0,0.4067796610169492,0.4067796610169492
Officer,Normal Weekday,04:00–08:00,10.72977158343012,0.5207123499806426,11.250483933410763
Officer,Normal Weekday,08:00–12:00,5.679828479542612,1.2417366446310523,6.921565124173664
Officer,Normal Weekday,12:00–16:00,2.882777907247728,5.054765788860405,7.937543696108133
Officer,Normal Weekday,16:00–20:00,0.7097232079489,11.236692689850958,11.946415897799858
Officer,Normal Weekday,20:00–00:00,0.03972457627118644,2.4920550847457625,2.531779661016949
Officer,Normal Weekend,00:00–04:00,0.01594896331738437,0.5901116427432217,0.6060606060606061
Officer,Normal Weekend,04:00–08:00,1.7964824120603016,0,1.7964824120603016
Officer,Normal Weekend,08:00–12:00,3.7963636363636364,0.6327272727272727,4.429090909090909
Officer,Normal Weekend,12:00–16:00,1.7505030181086518,1.3883299798792756,3.1388329979879277
Officer,Normal Weekend,16:00–20:00,0.8855721393034826,3.1044776119402986,3.990049751243781
Officer,Normal Weekend,20:00–00:00,0.2564102564102564,2.1833721833721835,2.43978243978244
Officer,Public Holiday,00:00–04:00,0,0.7936507936507936,0.7936507936507936
Officer,Public Holiday,04:00–08:00,2.2018348623853212,0,2.2018348623853212
Officer,Public Holiday,08:00–12:00,3.9170506912442398,0.7373271889400922,4.654377880184332
Officer,Public Holiday,12:00–16:00,2.2435897435897436,1.4743589743589745,3.717948717948718
Officer,Public Holiday,16:00–20:00,0.7961783439490446,3.2802547770700636,4.076433121019108
Officer,Public Holiday,20:00–00:00,0.26737967914438504,2.3529411764705883,2.6203208556149735
Officer,School Holiday,00:00–04:00,0,0.8300395256916996,0.8300395256916996
Officer,School Holiday,04:00–08:00,7.6837416481069045,0.12620638455827765,7.809948032665182
Officer,School Holiday,08:00–12:00,4.620737647877522,0.4801670146137787,5.100904662491301
Officer,School Holiday,12:00–16:00,2.0538116591928253,3.291479820627803,5.345291479820628
Officer,School Holiday,16:00–20:00,0.6630211893369788,9.063568010936432,9.726589200273411
Officer,School Holiday,20:00–00:00,0.06517690875232775,2.206703910614525,2.271880819366853
Beaconsfield,Normal Weekday,00:00–04:00,0,0.4592422502870264,0.4592422502870264
Beaconsfield,Normal Weekday,04:00–08:00,11.635378362686279,1.2347590478033674,12.870137410489646
Beaconsfield,Normal Weekday,08:00–12:00,5.083080221547258,2.569233517956048,7.652313739503306
Beaconsfield,Normal Weekday,12:00–16:00,4.241435562805873,4.879981356327196,9.121416919133068
Beaconsfield,Normal Weekday,16:00–20:00,1.0778236914600552,11.34297520661157,12.420798898071626
Beaconsfield,Normal Weekday,20:00–00:00,0.04145936981757877,2.056384742951907,2.097844112769486
Beaconsfield,Normal Weekend,00:00–04:00,0,0.898876404494382,0.898876404494382
Beaconsfield,Normal Weekend,04:00–08:00,0.8542713567839196,0.07537688442211055,0.9296482412060302
Beaconsfield,Normal Weekend,08:00–12:00,4.250363901018923,1.6084425036390102,5.858806404657933
Beaconsfield,Normal Weekend,12:00–16:00,1.9306184012066365,1.6691804927099045,3.599798893916541
Beaconsfield,Normal Weekend,16:00–20:00,1.4307004470938898,2.916045702930949,4.346746150024838
Beaconsfield,Normal Weekend,20:00–00:00,0.4114906832298137,1.700310559006211,2.111801242236025
Beaconsfield,Public Holiday,00:00–04:00,0,0.31746031746031744,0.31746031746031744
Beaconsfield,Public Holiday,04:00–08:00,1.3761467889908257,0,1.3761467889908257
Beaconsfield,Public Holiday,08:00–12:00,4.9308755760368665,2.2580645161290325,7.188940092165899
Beaconsfield,Public Holiday,12:00–16:00,2.371794871794872,2.2115384615384617,4.583333333333334
Beaconsfield,Public Holiday,16:00–20:00,0.8571428571428571,3.873015873015873,4.73015873015873
Beaconsfield,Public Holiday,20:00–00:00,0.4838709677419355,2.5806451612903225,3.064516129032258
Beaconsfield,School Holiday,00:00–04:00,0.04,0.52,0.56
Beaconsfield,School Holiday,04:00–08:00,7.6837416481069045,0.12620638455827765,7.809948032665182
Beaconsfield,School Holiday,08:00–12:00,4.572025052192067,0.7794015309672929,5.35142658315936
Beaconsfield,School Holiday,12:00–16:00,1.7219730941704037,3.219730941704036,4.941704035874439
Beaconsfield,School Holiday,16:00–20:00,0.8620689655172413,8.812997347480106,9.675066312997348
Beaconsfield,School Holiday,20:00–00:00,0.01937984496124031,1.7344961240310077,1.753875968992248
Berwick,Normal Weekday,00:00–04:00,0.032679738562091505,7.047930283224401,7.080610021786493
Berwick,Normal Weekday,04:00–08:00,59.51000561062278,8.305591920703199,67.81559753132598
Berwick,Normal Weekday,08:00–12:00,29.539518900343644,22.833333333333332,52.37285223367698
Berwick,Normal Weekday,12:00–16:00,27.60187040748163,29.211756847027388,56.813627254509015
Berwick,Normal Weekday,16:00–20:00,10.33617747440273,60.82423208191126,71.160409556314
Berwick,Normal Weekday,20:00–00:00,1.9189392044033025,13.532649487115336,15.451588691518639
Berwick,Normal Weekend,00:00–04:00,0.07886435331230283,7.760252365930599,7.839116719242902
Berwick,Normal Weekend,04:00–08:00,7.559153175591532,2.216687422166874,9.775840597758407
Berwick,Normal Weekend,08:00–12:00,24.14068165337201,10.50761421319797,34.64829586656998
Berwick,Normal Weekend,12:00–16:00,13.485915492957746,11.866197183098592,25.352112676056336
Berwick,Normal Weekend,16:00–20:00,8.994524639123942,16.893977103036338,25.88850174216028
Berwick,Normal Weekend,20:00–00:00,3.0474732006125573,13.652373660030628,16.699846860643184
Berwick,Public Holiday,00:00–04:00,0,6.190476190476191,6.190476190476191
Berwick,Public Holiday,04:00–08:00,8.411214953271028,1.8691588785046729,10.2803738317757
Berwick,Public Holiday,08:00–12:00,27.85388127853881,9.908675799086758,37.76255707762557
Berwick,Public Holiday,12:00–16:00,14.39102564102564,12.243589743589743,26.634615384615383
Berwick,Public Holiday,16:00–20:00,6.380952380952381,19.206349206349206,25.58730158730159
Berwick,Public Holiday,20:00–00:00,2.903225806451613,15.698924731182796,18.602150537634408
Berwick,School Holiday,00:00–04:00,0.04,7.72,7.76
Berwick,School Holiday,04:00–08:00,40.11878247958426,3.370452858203415,43.489235337787676
Berwick,School Holiday,08:00–12:00,26.207376478775227,9.77035490605428,35.97773138482951
Berwick,School Holiday,12:00–16:00,14.887892376681615,21.210762331838566,36.09865470852018
Berwick,School Holiday,16:00–20:00,8.47469220246238,47.74281805745554,56.217510259917916
Berwick,School Holiday,20:00–00:00,1.8181818181818181,12.782931354359926,14.601113172541744
Narre Warren,Normal Weekday,00:00–04:00,0,1.7100371747211895,1.7100371747211895
Narre Warren,Normal Weekday,04:00–08:00,16.053164556962024,3.108860759493671,19.162025316455694
Narre Warren,Normal Weekday,08:00–12:00,13.029126213592233,8.657766990291263,21.686893203883496
Narre Warren,Normal Weekday,12:00–16:00,9.29814385150812,17.43909512761021,26.73723897911833
Narre Warren,Normal Weekday,16:00–20:00,6.085155350978136,22.658227848101266,28.743383199079403
Narre Warren,Normal Weekday,20:00–00:00,1.3996683250414594,5.787728026533997,7.187396351575456
Narre Warren,Normal Weekend,00:00–04:00,0.026525198938992044,1.7506631299734747,1.7771883289124668
Narre Warren,Normal Weekend,04:00–08:00,3.02734375,1.25,4.27734375
Narre Warren,Normal Weekend,08:00–12:00,11.161217587373168,11.972942502818489,23.134160090191656
Narre Warren,Normal Weekend,12:00–16:00,8.14619442351168,10.987189148455162,19.133383571966842
Narre Warren,Normal Weekend,16:00–20:00,6.9192280200142955,9.45675482487491,16.375982844889204
Narre Warren,Normal Weekend,20:00–00:00,2.135593220338983,5.661016949152542,7.796610169491526
Narre Warren,Public Holiday,00:00–04:00,0.5714285714285714,1.7142857142857142,2.2857142857142856
Narre Warren,Public Holiday,04:00–08:00,3.6923076923076925,0.6153846153846154,4.307692307692308
Narre Warren,Public Holiday,08:00–12:00,10.465116279069768,9.069767441860465,19.53488372093023
Narre Warren,Public Holiday,12:00–16:00,7.916666666666667,10.46875,18.385416666666668
Narre Warren,Public Holiday,16:00–20:00,5.073891625615763,9.655172413793103,14.729064039408867
Narre Warren,Public Holiday,20:00–00:00,1.9491525423728813,7.4576271186440675,9.406779661016948
Narre Warren,School Holiday,00:00–04:00,0,1.7525773195876289,1.7525773195876289
Narre Warren,School Holiday,04:00–08:00,12.408536585365853,2.957317073170732,15.365853658536585
Narre Warren,School Holiday,08:00–12:00,11.976047904191617,9.161676646706587,21.137724550898206
Narre Warren,School Holiday,12:00–16:00,10.227670753064798,15.709281961471103,25.9369527145359
Narre Warren,School Holiday,16:00–20:00,6.425648021828104,20.013642564802183,26.439290586630285
Narre Warren,School Holiday,20:00–00:00,1.330935251798561,6.025179856115108,7.356115107913669
Hallam,Normal Weekday,00:00–04:00,0.013315579227696404,3.55525965379494,3.5685752330226364
Hallam,Normal Weekday,04:00–08:00,33.15001870557426,6.002618780396558,39.15263748597082
Hallam,Normal Weekday,08:00–12:00,17.025350115227795,7.4366247119305084,24.461974827158304
Hallam,Normal Weekday,12:00–16:00,10.85206593877114,19.269963605223722,30.122029543994863
Hallam,Normal Weekday,16:00–20:00,7.420621372482076,32.30795493342438,39.72857630590645
Hallam,Normal Weekday,20:00–00:00,0.6077348066298343,8.489070381936104,9.096805188565938
Hallam,Normal Weekend,00:00–04:00,0.06711409395973154,3.825503355704698,3.8926174496644297
Hallam,Normal Weekend,04:00–08:00,4.790575916230367,1.243455497382199,6.034031413612565
Hallam,Normal Weekend,08:00–12:00,15.340823970037453,6.352059925093633,21.692883895131086
Hallam,Normal Weekend,12:00–16:00,9.058882737795672,6.975339708102667,16.03422244589834
Hallam,Normal Weekend,16:00–20:00,6.238663484486874,11.551312649164677,17.78997613365155
Hallam,Normal Weekend,20:00–00:00,2.0715350223546944,9.932935916542474,12.00447093889717
Hallam,Public Holiday,00:00–04:00,0,3.5185185185185186,3.5185185185185186
Hallam,Public Holiday,04:00–08:00,6.153846153846154,1.1538461538461537,7.307692307692308
Hallam,Public Holiday,08:00–12:00,16.172248803827753,5.980861244019139,22.15311004784689
Hallam,Public Holiday,12:00–16:00,9.487179487179487,7.596153846153846,17.083333333333332
Hallam,Public Holiday,16:00–20:00,4.695121951219512,13.292682926829269,17.98780487804878
Hallam,Public Holiday,20:00–00:00,2.1538461538461537,10.871794871794872,13.025641025641026
Hallam,School Holiday,00:00–04:00,0,4.068627450980392,4.068627450980392
Hallam,School Holiday,04:00–08:00,24.269829503335803,4.974054855448481,29.243884358784285
Hallam,School Holiday,08:00–12:00,14.542836573074155,7.20662347012239,21.749460043196546
Hallam,School Holiday,12:00–16:00,11.273666092943202,14.46643717728055,25.740103270223752
Hallam,School Holiday,16:00–20:00,7.2534246575342465,27.143835616438356,34.397260273972606
Hallam,School Holiday,20:00–00:00,0.9252669039145908,8.976868327402135,9.902135231316725
Cranbourne,Normal Weekday,00:00–04:00,0.0398406374501992,5.468127490039841,5.50796812749004
Cranbourne,Normal Weekday,04:00–08:00,54.9029311001142,4.113056718690522,59.015987818804724
Cranbourne,Normal Weekday,08:00–12:00,37.077982505118186,10.62534896705751,47.7033314721757
Cranbourne,Normal Weekday,12:00–16:00,18.137787056367433,37.920668058455114,56.05845511482255
Cranbourne,Normal Weekday,16:00–20:00,9.862127659574469,60.38297872340426,70.24510638297872
Cranbourne,Normal Weekday,20:00–00:00,1.9514450867052022,16.68901734104046,18.640462427745664
Cranbourne,Normal Weekend,00:00–04:00,0.0676818950930626,7.529610829103215,7.5972927241962775
Cranbourne,Normal Weekend,04:00–08:00,15.163776493256263,2.4566473988439306,17.62042389210019
Cranbourne,Normal Weekend,08:00–12:00,29.4,10.2,39.599999999999994
Cranbourne,Normal Weekend,12:00–16:00,17.437290969899667,16.872909698996654,34.31020066889632
Cranbourne,Normal Weekend,16:00–20:00,10.614805520702635,26.41990798828942,37.034713508992056
Cranbourne,Normal Weekend,20:00–00:00,3.6657859973579923,16.66446499339498,20.330250990752972
Cranbourne,Public Holiday,00:00–04:00,0,5.833333333333333,5.833333333333333
Cranbourne,Public Holiday,04:00–08:00,15.36,3.36,18.72
Cranbourne,Public Holiday,08:00–12:00,29.955357142857142,10.401785714285714,40.357142857142854
Cranbourne,Public Holiday,12:00–16:00,18.621794871794872,15.897435897435898,34.519230769230774
Cranbourne,Public Holiday,16:00–20:00,9.038461538461538,26.826923076923077,35.86538461538461
Cranbourne,Public Holiday,20:00–00:00,2.8855721393034828,17.263681592039802,20.149253731343286
Cranbourne,School Holiday,00:00–04:00,0.07905138339920949,5.41501976284585,5.4940711462450595
Cranbourne,School Holiday,04:00–08:00,41.09803921568628,3.1921568627450982,44.29019607843138
Cranbourne,School Holiday,08:00–12:00,31.20277563608327,9.575944487278335,40.77872012336161
Cranbourne,School Holiday,12:00–16:00,18.92148403796376,29.551337359792925,48.47282139775669
Cranbourne,School Holiday,16:00–20:00,9.272727272727273,50.70629370629371,59.97902097902098
Cranbourne,School Holiday,20:00–00:00,2.198905109489051,16.295620437956206,18.494525547445257
Merinda Park,Normal Weekday,00:00–04:00,0.049800796812749,2.589641434262948,2.639442231075697
Merinda Park,Normal Weekday,04:00–08:00,35.36394817073171,1.2766768292682926,36.640625
Merinda Park,Normal Weekday,08:00–12:00,18.28125,3.9439655172413794,22.22521551724138
Merinda Park,Normal Weekday,12:00–16:00,7.798783137766189,16.71012603215993,24.50890916992612
Merinda Park,Normal Weekday,16:00–20:00,3.9887733201254747,34.07957734852237,38.068350668647845
Merinda Park,Normal Weekday,20:00–00:00,0.35972959922742637,7.918879768227909,8.278609367455335
Merinda Park,Normal Weekend,00:00–04:00,0.016891891891891893,3.800675675675676,3.817567567567568
Merinda Park,Normal Weekend,04:00–08:00,5.902578796561604,0.6972301814708691,6.599808978032473
Merinda Park,Normal Weekend,08:00–12:00,12.344262295081966,3.4043715846994536,15.74863387978142
Merinda Park,Normal Weekend,12:00–16:00,7.7016297534475555,6.084412870873381,13.786042624320936
Merinda Park,Normal Weekend,16:00–20:00,4.8696785403996525,10.486533449174631,15.356211989574284
Merinda Park,Normal Weekend,20:00–00:00,1.1111111111111112,7.268518518518518,8.37962962962963
Merinda Park,Public Holiday,00:00–04:00,0,2.1666666666666665,2.1666666666666665
Merinda Park,Public Holiday,04:00–08:00,6.48,1.28,7.760000000000001
Merinda Park,Public Holiday,08:00–12:00,13.164556962025317,3.7552742616033754,16.91983122362869
Merinda Park,Public Holiday,12:00–16:00,8.91025641025641,5.833333333333333,14.743589743589745
Merinda Park,Public Holiday,16:00–20:00,3.745819397993311,10.635451505016722,14.381270903010034
Merinda Park,Public Holiday,20:00–00:00,0.7960199004975125,7.8606965174129355,8.656716417910449
Merinda Park,School Holiday,00:00–04:00,0.039525691699604744,3.1620553359683794,3.2015810276679844
Merinda Park,School Holiday,04:00–08:00,24.7921568627451,0.9647058823529412,25.75686274509804
Merinda Park,School Holiday,08:00–12:00,15.517498138495904,3.2539091586001487,18.771407297096054
Merinda Park,School Holiday,12:00–16:00,7.9065588499550765,12.05750224618149,19.964061096136568
Merinda Park,School Holiday,16:00–20:00,3.825321597833446,27.359512525389302,31.18483412322275
Merinda Park,School Holiday,20:00–00:00,0.32411820781696854,7.5214489990467115,7.84556720686368
Dandenong,Normal Weekday,00:00–04:00,4.994324631101022,5.493757094211124,10.488081725312146
Dandenong,Normal Weekday,04:00–08:00,20.347335879250775,13.756137479541735,34.10347335879251
Dandenong,Normal Weekday,08:00–12:00,23.37126185266229,19.179431072210065,42.55069292487235
Dandenong,Normal Weekday,12:00–16:00,32.241012658227845,26.712911392405065,58.95392405063291
Dandenong,Normal Weekday,16:00–20:00,30.13829177414732,25.48652909143021,55.62482086557753
Dandenong,Normal Weekday,20:00–00:00,11.695331695331696,10.052490507035962,21.747822202367658
Dandenong,Normal Weekend,00:00–04:00,5.56,6.992,12.552
Dandenong,Normal Weekend,04:00–08:00,10.021822149481723,7.610474631751227,17.632296781232952
Dandenong,Normal Weekend,08:00–12:00,25.75740318906606,19.31378132118451,45.071184510250575
Dandenong,Normal Weekend,12:00–16:00,22.92929292929293,15.484006734006734,38.41329966329967
Dandenong,Normal Weekend,16:00–20:00,23.295051158905824,16.79891417832533,40.093965337231154
Dandenong,Normal Weekend,20:00–00:00,22.728146013448608,18.924111431316042,41.65225744476465
Dandenong,Public Holiday,00:00–04:00,4.196428571428571,5.535714285714286,9.732142857142858
Dandenong,Public Holiday,04:00–08:00,8.064516129032258,5.622119815668203,13.68663594470046
Dandenong,Public Holiday,08:00–12:00,20,13.790849673202615,33.790849673202615
Dandenong,Public Holiday,12:00–16:00,17.596153846153847,11.987179487179487,29.583333333333336
Dandenong,Public Holiday,16:00–20:00,18.333333333333332,14.412698412698413,32.74603174603175
Dandenong,Public Holiday,20:00–00:00,22.995169082125603,18.357487922705314,41.35265700483092
Dandenong,School Holiday,00:00–04:00,4.66512702078522,5.866050808314088,10.531177829099308
Dandenong,School Holiday,04:00–08:00,13.575780654988575,11.54988575780655,25.125666412795127
Dandenong,School Holiday,08:00–12:00,16.776782957702995,15.066378511886384,31.84316146958938
Dandenong,School Holiday,12:00–16:00,28.1739879414298,20.36606373815676,48.54005167958656
Dandenong,School Holiday,16:00–20:00,25.52916416115454,20.234515935057125,45.763680096211665
Dandenong,School Holiday,20:00–00:00,12.035278154681139,9.624604251469924,21.659882406151063
Yarraman,Normal Weekday,00:00–04:00,0.011778563015312132,0.7067137809187279,0.71849234393404
Yarraman,Normal Weekday,04:00–08:00,5.422675285927399,0.9584783689706614,6.3811536548980605
Yarraman,Normal Weekday,08:00–12:00,4.905128400518175,0.8153623409281414,5.720490741446316
Yarraman,Normal Weekday,12:00–16:00,2.3968995329424625,4.39729702871907,6.794196561661533
Yarraman,Normal Weekday,16:00–20:00,1.2686256555398319,5.999334054773994,7.267959710313827
Yarraman,Normal Weekday,20:00–00:00,0.0729099157485418,2.892093324692158,2.9650032404407
Yarraman,Normal Weekend,00:00–04:00,0.014992503748125937,1.1394302848575713,1.1544227886056972
Yarraman,Normal Weekend,04:00–08:00,2.5895087427144046,0.08326394671107411,2.6727726894254786
Yarraman,Normal Weekend,08:00–12:00,4.852348993288591,1.5838926174496644,6.436241610738255
Yarraman,Normal Weekend,12:00–16:00,2.052951388888889,2.28515625,4.338107638888889
Yarraman,Normal Weekend,16:00–20:00,1.3252714708785784,3.667324777887463,4.992596248766041
Yarraman,Normal Weekend,20:00–00:00,0.6347150259067358,5.077720207253886,5.7124352331606225
Yarraman,Public Holiday,00:00–04:00,0,1.4035087719298245,1.4035087719298245
Yarraman,Public Holiday,04:00–08:00,2.0238095238095237,0,2.0238095238095237
Yarraman,Public Holiday,08:00–12:00,3.7799043062200957,1.1004784688995215,4.880382775119617
Yarraman,Public Holiday,12:00–16:00,2.1153846153846154,1.858974358974359,3.9743589743589745
Yarraman,Public Holiday,16:00–20:00,1.1010830324909748,3.6462093862815883,4.747292418772563
Yarraman,Public Holiday,20:00–00:00,0.5853658536585366,5.2682926829268295,5.853658536585366
Yarraman,School Holiday,00:00–04:00,0,0.9359605911330049,0.9359605911330049
Yarraman,School Holiday,04:00–08:00,3.89937106918239,0.550314465408805,4.449685534591195
Yarraman,School Holiday,08:00–12:00,3.7528234914488543,0.5711519845111326,4.323975475959987
Yarraman,School Holiday,12:00–16:00,2.195945945945946,3.2094594594594597,5.405405405405405
Yarraman,School Holiday,16:00–20:00,1.023759608665269,4.751921733053808,5.775681341719077
Yarraman,School Holiday,20:00–00:00,0.158311345646438,3.021108179419525,3.179419525065963
Noble Park,Normal Weekday,00:00–04:00,0.15330188679245282,4.327830188679245,4.481132075471698
Noble Park,Normal Weekday,04:00–08:00,18.172118772018116,1.455460493205838,19.627579265223954
Noble Park,Normal Weekday,08:00–12:00,14.022177419354838,5.1476094470046085,19.169786866359445
Noble Park,Normal Weekday,12:00–16:00,17.19120478265275,13.05400749822677,30.24521228087952
Noble Park,Normal Weekday,16:00–20:00,6.769059955588453,17.917838638045893,24.686898593634346
Noble Park,Normal Weekday,20:00–00:00,2.4681853888452476,8.342498036135114,10.810683424980361
Noble Park,Normal Weekend,00:00–04:00,0.23876404494382023,4.466292134831461,4.705056179775281
Noble Park,Normal Weekend,04:00–08:00,9.35483870967742,1.0483870967741935,10.403225806451614
Noble Park,Normal Weekend,08:00–12:00,16.87458081824279,4.144869215291751,21.01945003353454
Noble Park,Normal Weekend,12:00–16:00,10.70529513888889,6.649305555555555,17.354600694444443
Noble Park,Normal Weekend,16:00–20:00,8.58366935483871,10.226814516129032,18.810483870967744
Noble Park,Normal Weekend,20:00–00:00,6.725032425421531,12.87289234760052,19.59792477302205
Noble Park,Public Holiday,00:00–04:00,0.3389830508474576,3.7288135593220337,4.067796610169491
Noble Park,Public Holiday,04:00–08:00,7.966101694915254,1.0169491525423728,8.983050847457626
Noble Park,Public Holiday,08:00–12:00,16.19047619047619,3.4761904761904763,19.666666666666664
Noble Park,Public Holiday,12:00–16:00,11.314102564102564,6.6506410256410255,17.96474358974359
Noble Park,Public Holiday,16:00–20:00,8.210332103321033,10.571955719557195,18.782287822878228
Noble Park,Public Holiday,20:00–00:00,6.2745098039215685,14.166666666666666,20.441176470588236
Noble Park,School Holiday,00:00–04:00,0.09852216748768473,5.467980295566503,5.566502463054188
Noble Park,School Holiday,04:00–08:00,13.388185654008439,0.6244725738396625,14.012658227848101
Noble Park,School Holiday,08:00–12:00,11.568209500609013,2.01278928136419,13.580998781973204
Noble Park,School Holiday,12:00–16:00,11.838931955211025,10.116279069767442,21.955211024978468
Noble Park,School Holiday,16:00–20:00,6.120743034055727,15.272445820433436,21.393188854489164
Noble Park,School Holiday,20:00–00:00,2.9750479846449136,8.20217530390275,11.177223288547664
Sandown Park,Normal Weekday,00:00–04:00,0,1.6554809843400446,1.6554809843400446
Sandown Park,Normal Weekday,04:00–08:00,10.199637023593466,0.0534381931841097,10.253075216777576
Sandown Park,Normal Weekday,08:00–12:00,8.624689916824748,0.5056179775280899,9.130307894352837
Sandown Park,Normal Weekday,12:00–16:00,2.795827123695976,5.305514157973175,8.10134128166915
Sandown Park,Normal Weekday,16:00–20:00,0.9074087780327141,11.278217748501222,12.185626526533936
Sandown Park,Normal Weekday,20:00–00:00,0.08547008547008547,4.501424501424501,4.586894586894586
Sandown Park,Normal Weekend,00:00–04:00,0.014044943820224719,1.6432584269662922,1.657303370786517
Sandown Park,Normal Weekend,04:00–08:00,2.8456591639871385,0.5064308681672026,3.352090032154341
Sandown Park,Normal Weekend,08:00–12:00,5.686070686070686,2.2245322245322243,7.910602910602911
Sandown Park,Normal Weekend,12:00–16:00,3.038853917950944,2.6112437594964186,5.650097677447363
Sandown Park,Normal Weekend,16:00–20:00,2.325464590657961,4.522852837769965,6.848317428427926
Sandown Park,Normal Weekend,20:00–00:00,0.7345679012345679,5.895061728395062,6.62962962962963
Sandown Park,Public Holiday,00:00–04:00,0,1.8333333333333333,1.8333333333333333
Sandown Park,Public Holiday,04:00–08:00,2.4293785310734464,0.05649717514124294,2.4858757062146895
Sandown Park,Public Holiday,08:00–12:00,6.412776412776413,0.9582309582309583,7.371007371007371
Sandown Park,Public Holiday,12:00–16:00,3.28525641025641,2.516025641025641,5.801282051282051
Sandown Park,Public Holiday,16:00–20:00,1.5682656826568266,5.18450184501845,6.752767527675276
Sandown Park,Public Holiday,20:00–00:00,0.9259259259259259,6.944444444444445,7.87037037037037
Sandown Park,School Holiday,00:00–04:00,0,1.8396226415094339,1.8396226415094339
Sandown Park,School Holiday,04:00–08:00,7.5021097046413505,0.029535864978902954,7.531645569620253
Sandown Park,School Holiday,08:00–12:00,6.432983323038913,0.3705991352686844,6.803582458307598
Sandown Park,School Holiday,12:00–16:00,2.617138032925285,4.052342760658505,6.669480793583791
Sandown Park,School Holiday,16:00–20:00,0.7863777089783281,9.160990712074303,9.947368421052632
Sandown Park,School Holiday,20:00–00:00,0.11583011583011583,4.420849420849421,4.536679536679537
East Camberwell,Normal Weekday,00:00–04:00,0.01841620626151013,0.22099447513812154,0.23941068139963168
East Camberwell,Normal Weekday,04:00–08:00,2.944218692279276,2.2109346139637975,5.155153306243074
East Camberwell,Normal Weekday,08:00–12:00,4.401161383982579,4.21848536172272,8.6196467457053
East Camberwell,Normal Weekday,12:00–16:00,7.044052863436123,2.2525697503671074,9.29662261380323
East Camberwell,Normal Weekday,16:00–20:00,1.345724907063197,3.872118959107807,5.217843866171004
East Camberwell,Normal Weekday,20:00–00:00,0.048802129547471165,1.433007985803017,1.4818101153504881
East Camberwell,Normal Weekend,00:00–04:00,0,0.2926208651399491,0.2926208651399491
East Camberwell,Normal Weekend,04:00–08:00,0.12797074954296161,0.10054844606946983,0.22851919561243145
East Camberwell,Normal Weekend,08:00–12:00,1.0619469026548674,0.2471772963075984,1.3091241989624658
East Camberwell,Normal Weekend,12:00–16:00,1.2057639330366603,0.5594405594405595,1.7652044924772197
East Camberwell,Normal Weekend,16:00–20:00,0.7430945978978245,1.2930823759472012,2.0361769738450257
East Camberwell,Normal Weekend,20:00–00:00,0.1720958819913952,1.8807621389059619,2.0528580208973572
East Camberwell,Public Holiday,00:00–04:00,0,0,0
East Camberwell,Public Holiday,04:00–08:00,0.1388888888888889,0.1388888888888889,0.2777777777777778
East Camberwell,Public Holiday,08:00–12:00,1.1818181818181819,0.22727272727272727,1.4090909090909092
East Camberwell,Public Holiday,12:00–16:00,1.1396468699839486,0.6260032102728732,1.7656500802568218
East Camberwell,Public Holiday,16:00–20:00,0.23897058823529413,1.213235294117647,1.4522058823529411
East Camberwell,Public Holiday,20:00–00:00,0.09259259259259259,0.8796296296296297,0.9722222222222222
East Camberwell,School Holiday,00:00–04:00,0,0.1724137931034483,0.1724137931034483
East Camberwell,School Holiday,04:00–08:00,1.4581673306772909,0.2788844621513944,1.7370517928286853
East Camberwell,School Holiday,08:00–12:00,3.1801373481246697,0.21130480718436345,3.3914421553090333
East Camberwell,School Holiday,12:00–16:00,1.2295081967213115,1.4060529634300125,2.6355611601513242
East Camberwell,School Holiday,16:00–20:00,0.8569587628865979,2.7641752577319587,3.6211340206185567
East Camberwell,School Holiday,20:00–00:00,0.05454545454545454,1.1454545454545455,1.2
Canterbury,Normal Weekday,00:00–04:00,0,0.8567415730337079,0.8567415730337079
Canterbury,Normal Weekday,04:00–08:00,4.7247875877355,1.3446619874399703,6.0694495751754705
Canterbury,Normal Weekday,08:00–12:00,7.898065476190476,3.6135912698412698,11.511656746031747
Canterbury,Normal Weekday,12:00–16:00,4.318311466058186,4.219908727895037,8.538220193953222
Canterbury,Normal Weekday,16:00–20:00,3.638454461821527,7.092916283348666,10.731370745170192
Canterbury,Normal Weekday,20:00–00:00,0.19819423034573883,2.79674080598987,2.994935036335609
Canterbury,Normal Weekend,00:00–04:00,0.01597444089456869,0.8626198083067093,0.8785942492012779
Canterbury,Normal Weekend,04:00–08:00,0.1888412017167382,0.02575107296137339,0.2145922746781116
Canterbury,Normal Weekend,08:00–12:00,3.176544371276262,1.1288805268109126,4.305424898087175
Canterbury,Normal Weekend,12:00–16:00,2.867740568037304,1.4285714285714286,4.296311996608733
Canterbury,Normal Weekend,16:00–20:00,1.5318054256314313,2.511693171188026,4.0434985968194574
Canterbury,Normal Weekend,20:00–00:00,0.4876543209876543,3.5185185185185186,4.006172839506173
Canterbury,Public Holiday,00:00–04:00,0,0.6153846153846154,0.6153846153846154
Canterbury,Public Holiday,04:00–08:00,0.47619047619047616,0.06802721088435375,0.5442176870748299
Canterbury,Public Holiday,08:00–12:00,2.9742388758782203,0.6557377049180327,3.629976580796253
Canterbury,Public Holiday,12:00–16:00,2.2115384615384617,1.0416666666666667,3.2532051282051286
Canterbury,Public Holiday,16:00–20:00,0.5448154657293497,2.196836555360281,2.7416520210896307
Canterbury,Public Holiday,20:00–00:00,0.32558139534883723,1.7674418604651163,2.0930232558139537
Canterbury,School Holiday,00:00–04:00,0,1.2422360248447204,1.2422360248447204
Canterbury,School Holiday,04:00–08:00,2.733067729083665,0.5258964143426295,3.2589641434262946
Canterbury,School Holiday,08:00–12:00,6.125541125541125,1.655844155844156,7.7813852813852815
Canterbury,School Holiday,12:00–16:00,2.9123237277743717,2.9981606376456162,5.910484365419988
Canterbury,School Holiday,16:00–20:00,3.215946843853821,5.98671096345515,9.20265780730897
Canterbury,School Holiday,20:00–00:00,0.1996370235934664,2.3502722323049,2.5499092558983665
Chatham,Normal Weekday,00:00–04:00,0,0.6629055007052186,0.6629055007052186
Chatham,Normal Weekday,04:00–08:00,4.970599044468945,0.1396545387725101,5.110253583241455
Chatham,Normal Weekday,08:00–12:00,5.330347144456887,1.3487619758616398,6.679109120318527
Chatham,Normal Weekday,12:00–16:00,1.1893896177980605,2.982030804335425,4.171420422133485
Chatham,Normal Weekday,16:00–20:00,2.6424639190596637,5.506621038535932,8.149084957595596
Chatham,Normal Weekday,20:00–00:00,0.023014959723820484,1.7790563866513234,1.8020713463751439
Chatham,Normal Weekend,00:00–04:00,0.01597444089456869,0.6070287539936102,0.6230031948881789
Chatham,Normal Weekend,04:00–08:00,0.11158798283261803,0,0.11158798283261803
Chatham,Normal Weekend,08:00–12:00,1.746629037315773,0.185010975227344,1.931640012543117
Chatham,Normal Weekend,12:00–16:00,1.354387452310301,0.5977108944467995,1.9520983467571005
Chatham,Normal Weekend,16:00–20:00,1.0126286248830683,1.4943872778297473,2.5070159027128156
Chatham,Normal Weekend,20:00–00:00,0.15432098765432098,2.4814814814814814,2.635802469135802
Chatham,Public Holiday,00:00–04:00,0,0.3076923076923077,0.3076923076923077
Chatham,Public Holiday,04:00–08:00,0.1360544217687075,0.06802721088435375,0.20408163265306123
Chatham,Public Holiday,08:00–12:00,1.8266978922716628,0.0936768149882904,1.9203747072599533
Chatham,Public Holiday,12:00–16:00,1.4583333333333333,0.5769230769230769,2.03525641025641
Chatham,Public Holiday,16:00–20:00,0.3163444639718805,1.7047451669595781,2.0210896309314585
Chatham,Public Holiday,20:00–00:00,0.09302325581395349,1.302325581395349,1.3953488372093024
Chatham,School Holiday,00:00–04:00,0,0.6211180124223602,0.6211180124223602
Chatham,School Holiday,04:00–08:00,2.376395534290271,0.03189792663476874,2.40829346092504
Chatham,School Holiday,08:00–12:00,4.061654948620876,0.8545159545700378,4.916170903190913
Chatham,School Holiday,12:00–16:00,1.2323727774371551,1.8516247700797057,3.083997547516861
Chatham,School Holiday,16:00–20:00,2.3146357188910383,4.126370083816893,6.441005802707931
Chatham,School Holiday,20:00–00:00,0.08522727272727272,1.6477272727272727,1.7329545454545454
Laburnum,Normal Weekday,00:00–04:00,0.013774104683195593,1.6942148760330578,1.7079889807162534
Laburnum,Normal Weekday,04:00–08:00,6.695963056755549,1.2751377923432146,7.971100849098763
Laburnum,Normal Weekday,08:00–12:00,6.6718721293404375,2.794414844754731,9.46628697409517
Laburnum,Normal Weekday,12:00–16:00,5.000637186185804,4.409328405760163,9.409965591945966
Laburnum,Normal Weekday,16:00–20:00,0.8992430174889063,5.792873923257635,6.6921169407465415
Laburnum,Normal Weekday,20:00–00:00,0.08960573476702509,4.220430107526882,4.310035842293907
Laburnum,Normal Weekend,00:00–04:00,0.032467532467532464,1.8181818181818181,1.8506493506493507
Laburnum,Normal Weekend,04:00–08:00,0.9353146853146853,0.043706293706293704,0.9790209790209791
Laburnum,Normal Weekend,08:00–12:00,4.1834451901566,1.633109619686801,5.8165548098434
Laburnum,Normal Weekend,12:00–16:00,2.9331602855288774,2.18040233614536,5.113562621674237
Laburnum,Normal Weekend,16:00–20:00,1.8838154434616303,3.5692087018885967,5.453024145350227
Laburnum,Normal Weekend,20:00–00:00,0.5253399258343634,5.50061804697157,6.025957972805934
Laburnum,Public Holiday,00:00–04:00,0,1.25,1.25
Laburnum,Public Holiday,04:00–08:00,0.35714285714285715,0.07142857142857142,0.4285714285714286
Laburnum,Public Holiday,08:00–12:00,3.294930875576037,0.3456221198156682,3.640552995391705
Laburnum,Public Holiday,12:00–16:00,2.0993589743589745,1.2179487179487178,3.3173076923076925
Laburnum,Public Holiday,16:00–20:00,0.8657243816254417,2.8091872791519434,3.674911660777385
Laburnum,Public Holiday,20:00–00:00,0.182648401826484,4.337899543378995,4.520547945205479
Laburnum,School Holiday,00:00–04:00,0,1.5527950310559007,1.5527950310559007
Laburnum,School Holiday,04:00–08:00,3.592662871600253,0.03795066413662239,3.6306135357368756
Laburnum,School Holiday,08:00–12:00,4.7376603186941315,0.22541780023319083,4.9630781189273225
Laburnum,School Holiday,12:00–16:00,1.699134199134199,2.819264069264069,4.518398268398268
Laburnum,School Holiday,16:00–20:00,0.6243243243243243,4.02972972972973,4.654054054054054
Laburnum,School Holiday,20:00–00:00,0.11363636363636363,3.9488636363636362,4.0625
Blackburn,Normal Weekday,00:00–04:00,0.1510989010989011,9.23076923076923,9.381868131868131
Blackburn,Normal Weekday,04:00–08:00,26.42752065180491,8.145298178114745,34.572818829919655
Blackburn,Normal Weekday,08:00–12:00,21.687367864693446,11.13239957716702,32.81976744186046
Blackburn,Normal Weekday,12:00–16:00,14.991497562634622,22.852284321505497,37.84378188414012
Blackburn,Normal Weekday,16:00–20:00,8.961071009932754,25.499413905854773,34.460484915787525
Blackburn,Normal Weekday,20:00–00:00,3.502472586540529,17.00064502257579,20.503117609116316
Blackburn,Normal Weekend,00:00–04:00,0.2435064935064935,9.918831168831169,10.162337662337663
Blackburn,Normal Weekend,04:00–08:00,5.821678321678322,2.770979020979021,8.592657342657343
Blackburn,Normal Weekend,08:00–12:00,20.811760945989136,11.850431447746884,32.66219239373602
Blackburn,Normal Weekend,12:00–16:00,15.675967986156175,12.883409041747782,28.559377027903956
Blackburn,Normal Weekend,16:00–20:00,11.710526315789474,18.270334928229666,29.980861244019138
Blackburn,Normal Weekend,20:00–00:00,5.700185070943862,21.949413942011105,27.649599012954965
Blackburn,Public Holiday,00:00–04:00,0,5.3125,5.3125
Blackburn,Public Holiday,04:00–08:00,4.571428571428571,1.7142857142857142,6.285714285714286
Blackburn,Public Holiday,08:00–12:00,15.32258064516129,6.95852534562212,22.28110599078341
Blackburn,Public Holiday,12:00–16:00,10.929487179487179,9.503205128205128,20.432692307692307
Blackburn,Public Holiday,16:00–20:00,6.219081272084805,13.798586572438163,20.01766784452297
Blackburn,Public Holiday,20:00–00:00,4.063926940639269,15.251141552511415,19.315068493150683
Blackburn,School Holiday,00:00–04:00,0,8.198757763975156,8.198757763975156
Blackburn,School Holiday,04:00–08:00,14.144059869036482,4.345182413470533,18.489242282507014
Blackburn,School Holiday,08:00–12:00,14.842249657064471,7.8353909465020575,22.67764060356653
Blackburn,School Holiday,12:00–16:00,11.619549592716819,15.39530426449449,27.014853857211307
Blackburn,School Holiday,16:00–20:00,6.409798417963766,17.177851492727736,23.587649910691503
Blackburn,School Holiday,20:00–00:00,2.6497277676951,13.97459165154265,16.62431941923775
Nunawading,Normal Weekday,00:00–04:00,0.030721966205837174,3.855606758832565,3.8863287250384024
Nunawading,Normal Weekday,04:00–08:00,15.608383738922493,4.2242228161485444,19.832606555071038
Nunawading,Normal Weekday,08:00–12:00,21.653025793650794,9.43328373015873,31.086309523809526
Nunawading,Normal Weekday,12:00–16:00,10.429292929292929,13.295454545454545,23.724747474747474
Nunawading,Normal Weekday,16:00–20:00,5.990775538093612,17.562350529552443,23.553126067646055
Nunawading,Normal Weekday,20:00–00:00,1.4272144383756826,8.895749228211827,10.322963666587508
Nunawading,Normal Weekend,00:00–04:00,0.07005253940455342,4.711033274956217,4.781085814360771
Nunawading,Normal Weekend,04:00–08:00,3.141263940520446,1.8029739776951672,4.944237918215613
Nunawading,Normal Weekend,08:00–12:00,11.67124227865477,8.65133836650652,20.32258064516129
Nunawading,Normal Weekend,12:00–16:00,8.199030247056108,7.797275456014777,15.996305703070885
Nunawading,Normal Weekend,16:00–20:00,6.522966384398255,9.058249935848089,15.581216320246345
Nunawading,Normal Weekend,20:00–00:00,2.8732581287325814,11.220968812209689,14.09422694094227
Nunawading,Public Holiday,00:00–04:00,0,2.622950819672131,2.622950819672131
Nunawading,Public Holiday,04:00–08:00,2.2857142857142856,0.8571428571428571,3.142857142857143
Nunawading,Public Holiday,08:00–12:00,8.824884792626728,4.861751152073733,13.68663594470046
Nunawading,Public Holiday,12:00–16:00,6.266025641025641,5.961538461538462,12.227564102564102
Nunawading,Public Holiday,16:00–20:00,3.6991150442477876,7.575221238938053,11.274336283185841
Nunawading,Public Holiday,20:00–00:00,2.2815533980582523,9.611650485436893,11.893203883495145
Nunawading,School Holiday,00:00–04:00,0,4.596273291925466,4.596273291925466
Nunawading,School Holiday,04:00–08:00,10.703683342495877,2.330951072017592,13.03463441451347
Nunawading,School Holiday,08:00–12:00,17.578125,7.6708984375,25.2490234375
Nunawading,School Holiday,12:00–16:00,8.535211267605634,10.8,19.335211267605636
Nunawading,School Holiday,16:00–20:00,4.950963814677038,13.943185661143051,18.89414947582009
Nunawading,School Holiday,20:00–00:00,1.4882032667876588,8.82032667876588,10.30852994555354
Mitcham,Normal Weekday,00:00–04:00,0.10752688172043011,4.546850998463902,4.654377880184332
Mitcham,Normal Weekday,04:00–08:00,27.914497122499316,1.468895587832283,29.3833927103316
Mitcham,Normal Weekday,08:00–12:00,22.82060606060606,5.290909090909091,28.11151515151515
Mitcham,Normal Weekday,12:00–16:00,11.426767676767676,14.767115600448934,26.19388327721661
Mitcham,Normal Weekday,16:00–20:00,5.734797297297297,24.82685810810811,30.561655405405407
Mitcham,Normal Weekday,20:00–00:00,1.6955592495844218,9.563049156969841,11.258608406554263
Mitcham,Normal Weekend,00:00–04:00,0.2264808362369338,5.644599303135888,5.871080139372822
Mitcham,Normal Weekend,04:00–08:00,3.1729055258467023,0.15151515151515152,3.3244206773618536
Mitcham,Normal Weekend,08:00–12:00,14.085221508285425,3.266824484274603,17.35204599256003
Mitcham,Normal Weekend,12:00–16:00,9.259002770083102,5.182363804247461,14.441366574330562
Mitcham,Normal Weekend,16:00–20:00,6.622012083004991,9.950091935907539,16.57210401891253
Mitcham,Normal Weekend,20:00–00:00,3.7699468085106385,11.63563829787234,15.40558510638298
Mitcham,Public Holiday,00:00–04:00,0.16393442622950818,2.1311475409836067,2.295081967213115
Mitcham,Public Holiday,04:00–08:00,4.2,0.13333333333333333,4.333333333333334
Mitcham,Public Holiday,08:00–12:00,12.608695652173912,1.7620137299771168,14.370709382151029
Mitcham,Public Holiday,12:00–16:00,7.852564102564102,4.69551282051282,12.548076923076923
Mitcham,Public Holiday,16:00–20:00,3.7749546279491835,9.673321234119783,13.448275862068966
Mitcham,Public Holiday,20:00–00:00,2.2222222222222223,9.082125603864734,11.304347826086957
Mitcham,School Holiday,00:00–04:00,0.18633540372670807,4.472049689440993,4.658385093167701
Mitcham,School Holiday,04:00–08:00,18.612004287245444,0.5894962486602358,19.20150053590568
Mitcham,School Holiday,08:00–12:00,20.47824007651841,3.792443806791009,24.27068388330942
Mitcham,School Holiday,12:00–16:00,9.83108108108108,11.204954954954955,21.036036036036037
Mitcham,School Holiday,16:00–20:00,5.507825507825507,19.567099567099568,25.074925074925076
Mitcham,School Holiday,20:00–00:00,1.71350861287398,9.582955575702629,11.296464188576609
Heatherdale,Normal Weekday,00:00–04:00,0,2.401812688821752,2.401812688821752
Heatherdale,Normal Weekday,04:00–08:00,16.674431351055084,0.5412441764867086,17.21567552754179
Heatherdale,Normal Weekday,08:00–12:00,11.693948412698413,2.8000992063492065,14.49404761904762
Heatherdale,Normal Weekday,12:00–16:00,3.264590347923681,8.124298540965208,11.38888888888889
Heatherdale,Normal Weekday,16:00–20:00,1.8723958333333333,12.36892361111111,14.241319444444445
Heatherdale,Normal Weekday,20:00–00:00,0.15,4.780952380952381,4.930952380952381
Heatherdale,Normal Weekend,00:00–04:00,0.034722222222222224,2.4479166666666665,2.482638888888889
Heatherdale,Normal Weekend,04:00–08:00,1.2923351158645275,0.017825311942959002,1.3101604278074865
Heatherdale,Normal Weekend,08:00–12:00,5.906555090655509,1.7712691771269178,7.677824267782427
Heatherdale,Normal Weekend,12:00–16:00,3.6550450242438237,2.682983144770261,6.338028169014084
Heatherdale,Normal Weekend,16:00–20:00,2.3594351732991012,4.7496790757381255,7.109114249037226
Heatherdale,Normal Weekend,20:00–00:00,0.8710106382978723,6.628989361702128,7.5
Heatherdale,Public Holiday,00:00–04:00,0,0.819672131147541,0.819672131147541
Heatherdale,Public Holiday,04:00–08:00,2.2666666666666666,0,2.2666666666666666
Heatherdale,Public Holiday,08:00–12:00,4.716981132075472,1.179245283018868,5.89622641509434
Heatherdale,Public Holiday,12:00–16:00,3.108974358974359,2.003205128205128,5.112179487179487
Heatherdale,Public Holiday,16:00–20:00,1.0638297872340425,4.574468085106383,5.638297872340425
Heatherdale,Public Holiday,20:00–00:00,0.6763285024154589,4.830917874396135,5.507246376811595
Heatherdale,School Holiday,00:00–04:00,0,2.049689440993789,2.049689440993789
Heatherdale,School Holiday,04:00–08:00,10.7502679528403,0.3483386923901393,11.09860664523044
Heatherdale,School Holiday,08:00–12:00,9.378973105134474,2.4841075794621026,11.863080684596577
Heatherdale,School Holiday,12:00–16:00,3.108108108108108,5.996621621621622,9.10472972972973
Heatherdale,School Holiday,16:00–20:00,1.708490890340323,9.346854589205913,11.055345479546236
Heatherdale,School Holiday,20:00–00:00,0.19038984587488667,4.505893019038985,4.696282864913871
Ringwood,Normal Weekday,00:00–04:00,3.110944527736132,7.773613193403298,10.88455772113943
Ringwood,Normal Weekday,04:00–08:00,28.689337584130357,6.719801629472193,35.40913921360255
Ringwood,Normal Weekday,08:00–12:00,31.527492708220805,18.957545641136438,50.48503834935724
Ringwood,Normal Weekday,12:00–16:00,32.407407407407405,35.534511784511785,67.9419191919192
Ringwood,Normal Weekday,16:00–20:00,19.3485367992983,32.59468941870664,51.943226218004945
Ringwood,Normal Weekday,20:00–00:00,11.865003198976327,15.822136916186821,27.687140115163146
Ringwood,Normal Weekend,00:00–04:00,4.562841530054645,9.890710382513662,14.453551912568308
Ringwood,Normal Weekend,04:00–08:00,6.698895027624309,5.179558011049724,11.878453038674033
Ringwood,Normal Weekend,08:00–12:00,24.667669927263606,21.23902683722097,45.90669676448458
Ringwood,Normal Weekend,12:00–16:00,25.217775812513818,18.726508954233914,43.94428476674773
Ringwood,Normal Weekend,16:00–20:00,22.741286863270776,17.571492403932083,40.312779267202856
Ringwood,Normal Weekend,20:00–00:00,15.894595501846258,16.874790198053038,32.769385699899296
Ringwood,Public Holiday,00:00–04:00,2.608695652173913,4.695652173913044,7.304347826086957
Ringwood,Public Holiday,04:00–08:00,5.921052631578948,3.9802631578947367,9.901315789473685
Ringwood,Public Holiday,08:00–12:00,20.913793103448278,16.086206896551722,37
Ringwood,Public Holiday,12:00–16:00,21.137820512820515,17.67628205128205,38.81410256410257
Ringwood,Public Holiday,16:00–20:00,16.91813804173355,16.24398073836276,33.16211878009631
Ringwood,Public Holiday,20:00–00:00,17.088607594936708,13.367088607594937,30.455696202531644
Ringwood,School Holiday,00:00–04:00,3.652392947103275,6.19647355163728,9.848866498740556
Ringwood,School Holiday,04:00–08:00,16.37528604118993,4.2837528604119,20.659038901601832
Ringwood,School Holiday,08:00–12:00,24.654807285048708,18.475222363405337,43.13002964845404
Ringwood,School Holiday,12:00–16:00,34.38379290939786,31.76139561057963,66.1451885199775
Ringwood,School Holiday,16:00–20:00,18.912225705329153,23.36677115987461,42.278996865203766
Ringwood,School Holiday,20:00–00:00,13.0848623853211,15.068807339449542,28.153669724770644
Auburn,Normal Weekday,00:00–04:00,0.14492753623188406,2.1159420289855073,2.2608695652173916
Auburn,Normal Weekday,04:00–08:00,10.734929810074318,6.09083402146986,16.82576383154418
Auburn,Normal Weekday,08:00–12:00,15.625061862813025,7.941205582500247,23.566267445313272
Auburn,Normal Weekday,12:00–16:00,10.268178785857238,9.172781854569713,19.44096064042695
Auburn,Normal Weekday,16:00–20:00,7.773929773929774,12.427128427128427,20.201058201058203
Auburn,Normal Weekday,20:00–00:00,1.5769656699889258,9.79623477297896,11.373200442967885
Auburn,Normal Weekend,00:00–04:00,0.11869436201780416,2.6112759643916914,2.7299703264094957
Auburn,Normal Weekend,04:00–08:00,2.31203007518797,0.5451127819548872,2.857142857142857
Auburn,Normal Weekend,08:00–12:00,10.961476205891874,4.775008093234057,15.73648429912593
Auburn,Normal Weekend,12:00–16:00,8.139890710382513,7.449180327868852,15.589071038251365
Auburn,Normal Weekend,16:00–20:00,6.513363833373465,10.334697808812907,16.848061642186373
Auburn,Normal Weekend,20:00–00:00,3.4263959390862944,12.23984771573604,15.666243654822335
Auburn,Public Holiday,00:00–04:00,0,2.2388059701492535,2.2388059701492535
Auburn,Public Holiday,04:00–08:00,2.627737226277372,0.145985401459854,2.773722627737226
Auburn,Public Holiday,08:00–12:00,8.221709006928407,2.933025404157044,11.154734411085451
Auburn,Public Holiday,12:00–16:00,6.858974358974359,6.217948717948718,13.076923076923077
Auburn,Public Holiday,16:00–20:00,4.0701754385964914,8.43859649122807,12.508771929824562
Auburn,Public Holiday,20:00–00:00,2.1296296296296298,8.796296296296296,10.925925925925926
Auburn,School Holiday,00:00–04:00,0.05813953488372093,2.441860465116279,2.5
Auburn,School Holiday,04:00–08:00,8.170643528561099,2.10412147505423,10.274765003615329
Auburn,School Holiday,08:00–12:00,12.752136752136753,5.252136752136752,18.004273504273506
Auburn,School Holiday,12:00–16:00,7.083570210346788,7.362137578169414,14.445707788516202
Auburn,School Holiday,16:00–20:00,6.303979678238781,10.800169348010161,17.10414902624894
Auburn,School Holiday,20:00–00:00,1.4221014492753623,9.47463768115942,10.896739130434781
Glenferrie,Normal Weekday,00:00–04:00,5.449275362318841,3.782608695652174,9.231884057971016
Glenferrie,Normal Weekday,04:00–08:00,10.824770896973064,15.735906692585393,26.56067758955846
Glenferrie,Normal Weekday,08:00–12:00,16.57890276286796,32.984349398271085,49.56325216113905
Glenferrie,Normal Weekday,12:00–16:00,45.53898243045388,29.782210834553442,75.32119326500732
Glenferrie,Normal Weekday,16:00–20:00,30.51293173561785,21.088759963129643,51.601691698747494
Glenferrie,Normal Weekday,20:00–00:00,21.42161204605846,15.263507528786537,36.685119574845
Glenferrie,Normal Weekend,00:00–04:00,1.8694362017804154,3.827893175074184,5.697329376854599
Glenferrie,Normal Weekend,04:00–08:00,2.960526315789474,1.7293233082706767,4.689849624060151
Glenferrie,Normal Weekend,08:00–12:00,15.205568145030755,12.262868242149564,27.46843638718032
Glenferrie,Normal Weekend,12:00–16:00,17.318032786885247,13.737704918032787,31.055737704918034
Glenferrie,Normal Weekend,16:00–20:00,16.024560558632313,17.64507584878401,33.66963640741632
Glenferrie,Normal Weekend,20:00–00:00,18.616751269035532,17.480964467005077,36.09771573604061
Glenferrie,Public Holiday,00:00–04:00,2.08955223880597,2.2388059701492535,4.3283582089552235
Glenferrie,Public Holiday,04:00–08:00,2.7737226277372264,1.8248175182481752,4.598540145985401
Glenferrie,Public Holiday,08:00–12:00,12.494226327944572,12.725173210161662,25.219399538106234
Glenferrie,Public Holiday,12:00–16:00,16.39423076923077,12.932692307692308,29.32692307692308
Glenferrie,Public Holiday,16:00–20:00,14.859649122807017,15.263157894736842,30.12280701754386
Glenferrie,Public Holiday,20:00–00:00,14.49074074074074,13.518518518518519,28.00925925925926
Glenferrie,School Holiday,00:00–04:00,4.883720930232558,3.7790697674418605,8.662790697674419
Glenferrie,School Holiday,04:00–08:00,7.877330126277811,7.083583884546001,14.960914010823812
Glenferrie,School Holiday,08:00–12:00,12.426698450536353,19.69010727056019,32.11680572109654
Glenferrie,School Holiday,12:00–16:00,26.212995001922337,21.66089965397924,47.87389465590158
Glenferrie,School Holiday,16:00–20:00,20.709154113557357,16.99420625724218,37.70336037079954
Glenferrie,School Holiday,20:00–00:00,16.11413043478261,14.402173913043478,30.516304347826086
Hawthorn,Normal Weekday,00:00–04:00,0.10159651669085631,0.5805515239477503,0.6821480406386067
Hawthorn,Normal Weekday,04:00–08:00,8.193228736581338,9.278282411230387,17.471511147811725
Hawthorn,Normal Weekday,08:00–12:00,11.615361773730575,14.465010392952589,26.080372166683162
Hawthorn,Normal Weekday,12:00–16:00,10.403943584828152,6.695878406134465,17.099821990962617
Hawthorn,Normal Weekday,16:00–20:00,9.156751652502361,8.36827195467422,17.525023607176582
Hawthorn,Normal Weekday,20:00–00:00,0.9370846256092158,4.6145325653522375,5.551617190961453
Hawthorn,Normal Weekend,00:00–04:00,0.23738872403560832,0.4896142433234421,0.7270029673590505
Hawthorn,Normal Weekend,04:00–08:00,0.4699248120300752,0.2819548872180451,0.7518796992481203
Hawthorn,Normal Weekend,08:00–12:00,6.15748031496063,3.9023622047244095,10.05984251968504
Hawthorn,Normal Weekend,12:00–16:00,5.556284153005464,5.785792349726776,11.34207650273224
Hawthorn,Normal Weekend,16:00–20:00,3.8873862798131302,6.798623063683305,10.686009343496435
Hawthorn,Normal Weekend,20:00–00:00,2.1192893401015227,5.964467005076142,8.083756345177665
Hawthorn,Public Holiday,00:00–04:00,0,0.4411764705882353,0.4411764705882353
Hawthorn,Public Holiday,04:00–08:00,0.43795620437956206,0.583941605839416,1.0218978102189782
Hawthorn,Public Holiday,08:00–12:00,4.618834080717488,2.085201793721973,6.7040358744394615
Hawthorn,Public Holiday,12:00–16:00,4.703049759229534,3.6597110754414124,8.362760834670947
Hawthorn,Public Holiday,16:00–20:00,1.8279569892473118,4.982078853046595,6.810035842293907
Hawthorn,Public Holiday,20:00–00:00,1.2093023255813953,3.5813953488372094,4.790697674418604
Hawthorn,School Holiday,00:00–04:00,0.29069767441860467,0.7558139534883721,1.0465116279069768
Hawthorn,School Holiday,04:00–08:00,5.8785249457700655,6.044830079537238,11.923355025307304
Hawthorn,School Holiday,08:00–12:00,9.06877402819308,8.88509184109355,17.95386586928663
Hawthorn,School Holiday,12:00–16:00,5.899532710280374,5.543224299065421,11.442757009345794
Hawthorn,School Holiday,16:00–20:00,7.4937759336099585,7.095435684647303,14.589211618257261
Hawthorn,School Holiday,20:00–00:00,0.8605072463768116,4.365942028985507,5.226449275362318
Burnley,Normal Weekday,00:00–04:00,0.6649616368286445,1.2958226768968457,1.9607843137254903
Burnley,Normal Weekday,04:00–08:00,10.27733829688227,12.862726849697534,23.140065146579804
Burnley,Normal Weekday,08:00–12:00,14.607261756138161,16.629213483146067,31.23647523928423
Burnley,Normal Weekday,12:00–16:00,8.512190039591582,6.129054664166146,14.641244703757728
Burnley,Normal Weekday,16:00–20:00,9.667724160961763,8.60243780263817,18.270161963599932
Burnley,Normal Weekday,20:00–00:00,2.163305949713717,5.3895942245456805,7.552900174259397
Burnley,Normal Weekend,00:00–04:00,0.9162995594713657,1.8854625550660793,2.801762114537445
Burnley,Normal Weekend,04:00–08:00,1.6335948315643747,1.855099215505307,3.4886940470696817
Burnley,Normal Weekend,08:00–12:00,9.396739130434783,9.08695652173913,18.483695652173914
Burnley,Normal Weekend,12:00–16:00,11.0196239879237,10.672430355427474,21.692054343351174
Burnley,Normal Weekend,16:00–20:00,8.690281291858907,11.662449769310909,20.352731061169816
Burnley,Normal Weekend,20:00–00:00,5.316923076923077,9.403076923076924,14.72
Burnley,Public Holiday,00:00–04:00,0.4424778761061947,0.7964601769911505,1.2389380530973453
Burnley,Public Holiday,04:00–08:00,0.2127659574468085,0.2127659574468085,0.425531914893617
Burnley,Public Holiday,08:00–12:00,3.0923694779116464,3.0655957161981258,6.157965194109773
Burnley,Public Holiday,12:00–16:00,4.141201264488935,4.678609062170706,8.819810326659642
Burnley,Public Holiday,16:00–20:00,1.8628571428571428,4.525714285714286,6.388571428571429
Burnley,Public Holiday,20:00–00:00,2.7937915742793793,5.210643015521065,8.004434589800443
Burnley,School Holiday,00:00–04:00,1.863799283154122,2.1146953405017923,3.978494623655914
Burnley,School Holiday,04:00–08:00,7.084347120843471,9.018653690186538,16.103000811030007
Burnley,School Holiday,08:00–12:00,10.678845286423094,11.705006765899865,22.383852052322958
Burnley,School Holiday,12:00–16:00,5.963691376701966,5.443267776096823,11.40695915279879
Burnley,School Holiday,16:00–20:00,7.685431263590239,6.849480550857695,14.534911814447934
Burnley,School Holiday,20:00–00:00,3.9476439790575917,7.026178010471204,10.973821989528796
East Richmond,Normal Weekday,00:00–04:00,1.1194029850746268,0.417910447761194,1.5373134328358207
East Richmond,Normal Weekday,04:00–08:00,1.78743961352657,14.431977559607294,16.219417173133863
East Richmond,Normal Weekday,08:00–12:00,4.901375926104109,31.271047820648512,36.17242374675262
East Richmond,Normal Weekday,12:00–16:00,6.39331814730448,4.444760820045558,10.838078967350038
East Richmond,Normal Weekday,16:00–20:00,17.32637639438647,6.015833033465276,23.34220942785175
East Richmond,Normal Weekday,20:00–00:00,3.3785860655737703,1.485655737704918,4.864241803278688
East Richmond,Normal Weekend,00:00–04:00,2.729591836734694,0.42091836734693877,3.150510204081633
East Richmond,Normal Weekend,04:00–08:00,0.02050580997949419,0.8133971291866029,0.833902939166097
East Richmond,Normal Weekend,08:00–12:00,1.861951427354069,9.05837239028547,10.920323817639538
East Richmond,Normal Weekend,12:00–16:00,4.212860310421286,11.130820399113082,15.343680709534368
East Richmond,Normal Weekend,16:00–20:00,4.6058558558558556,10.131381381381381,14.737237237237236
East Richmond,Normal Weekend,20:00–00:00,4.186327888687235,3.9322444041137325,8.118572292800968
East Richmond,Public Holiday,00:00–04:00,0.8333333333333334,0,0.8333333333333334
East Richmond,Public Holiday,04:00–08:00,0,0.5806451612903226,0.5806451612903226
East Richmond,Public Holiday,08:00–12:00,1.3289036544850499,6.445182724252492,7.774086378737541
East Richmond,Public Holiday,12:00–16:00,2.953846153846154,9.507692307692308,12.461538461538462
East Richmond,Public Holiday,16:00–20:00,2.9245283018867925,4.748427672955975,7.672955974842767
East Richmond,Public Holiday,20:00–00:00,2.457627118644068,1.3559322033898304,3.8135593220338984
East Richmond,School Holiday,00:00–04:00,1.1612903225806452,0.3225806451612903,1.4838709677419355
East Richmond,School Holiday,04:00–08:00,0.9005376344086021,11.801075268817204,12.701612903225806
East Richmond,School Holiday,08:00–12:00,3.7473595268272075,24.53738910012674,28.28474862695395
East Richmond,School Holiday,12:00–16:00,4.318276004973063,3.8126813095731453,8.130957314546208
East Richmond,School Holiday,16:00–20:00,13.631901840490798,4.96319018404908,18.595092024539877
East Richmond,School Holiday,20:00–00:00,3.169642857142857,1.5848214285714286,4.754464285714286
Richmond,Normal Weekday,00:00–04:00,6.397394136807818,1.514657980456026,7.912052117263844
Richmond,Normal Weekday,04:00–08:00,17.799979636511736,21.379880873593645,39.179860510105385
Richmond,Normal Weekday,08:00–12:00,31.25769730307892,37.40148216059286,68.65917946367179
Richmond,Normal Weekday,12:00–16:00,28.95535037245194,28.02265935144297,56.978009723894914
Richmond,Normal Weekday,16:00–20:00,45.94587709965986,46.32272952035603,92.26860662001589
Richmond,Normal Weekday,20:00–00:00,33.72061370947785,12.150045368308174,45.87065907778603
Richmond,Normal Weekend,00:00–04:00,8.884057971014492,1.7681159420289856,10.652173913043478
Richmond,Normal Weekend,04:00–08:00,2.4647102526002973,4.582095096582466,7.046805349182764
Richmond,Normal Weekend,08:00–12:00,15.964195979899497,23.240420854271356,39.20461683417085
Richmond,Normal Weekend,12:00–16:00,21.789973435822077,41.88040467981688,63.670378115638954
Richmond,Normal Weekend,16:00–20:00,44.439116183076365,39.439116183076365,83.87823236615273
Richmond,Normal Weekend,20:00–00:00,48.28888888888889,13.641111111111112,61.93000000000001
Richmond,Public Holiday,00:00–04:00,6.353790613718411,1.444043321299639,7.79783393501805
Richmond,Public Holiday,04:00–08:00,2.822477650063857,5.210727969348659,8.033205619412517
Richmond,Public Holiday,08:00–12:00,15.635976583288983,33.28366152208621,48.9196381053752
Richmond,Public Holiday,12:00–16:00,25.769078687228152,48.65954922894424,74.42862791617239
Richmond,Public Holiday,16:00–20:00,53.493975903614455,22.986230636833046,76.4802065404475
Richmond,Public Holiday,20:00–00:00,24.746987951807228,8.867469879518072,33.614457831325296
Richmond,School Holiday,00:00–04:00,11.684532924961715,1.6998468606431854,13.384379785604901
Richmond,School Holiday,04:00–08:00,13.328865058087578,16.456657730116174,29.78552278820375
Richmond,School Holiday,08:00–12:00,24.156715416610762,33.34160740641352,57.49832282302428
Richmond,School Holiday,12:00–16:00,25.26571004453241,25.52102919346858,50.78673923800099
Richmond,School Holiday,16:00–20:00,42.1525635134248,39.689489923193065,81.84205343661787
Richmond,School Holiday,20:00–00:00,35.48357664233577,11.88138686131387,47.36496350364964
Heyington,Normal Weekday,00:00–04:00,0,0.08350730688935282,0.08350730688935282
Heyington,Normal Weekday,04:00–08:00,1.5988240615106286,5.375395748530077,6.974219810040706
Heyington,Normal Weekday,08:00–12:00,3.2398417835311037,11.17823324943066,14.418075032961763
Heyington,Normal Weekday,12:00–16:00,10.111534660454609,1.7563179443738528,11.867852604828462
Heyington,Normal Weekday,16:00–20:00,3.638644918444166,3.191133416980343,6.829778335424509
Heyington,Normal Weekday,20:00–00:00,0.5037856726849156,0.8910891089108911,1.3948747815958067
Heyington,Normal Weekend,00:00–04:00,0,0.15418502202643172,0.15418502202643172
Heyington,Normal Weekend,04:00–08:00,0.009057971014492754,0.018115942028985508,0.027173913043478264
Heyington,Normal Weekend,08:00–12:00,1.0824524312896406,0.2536997885835095,1.3361522198731501
Heyington,Normal Weekend,12:00–16:00,1.6288583116400148,0.6098921532168092,2.238750464856824
Heyington,Normal Weekend,16:00–20:00,0.8814589665653495,1.2613981762917934,2.142857142857143
Heyington,Normal Weekend,20:00–00:00,0.08433734939759036,0.963855421686747,1.0481927710843373
Heyington,Public Holiday,00:00–04:00,0,0,0
Heyington,Public Holiday,04:00–08:00,0,0,0
Heyington,Public Holiday,08:00–12:00,1.3245033112582782,0.09933774834437085,1.4238410596026492
Heyington,Public Holiday,12:00–16:00,1.3622291021671826,0.5572755417956656,1.9195046439628483
Heyington,Public Holiday,16:00–20:00,0.31545741324921134,1.4511041009463723,1.7665615141955837
Heyington,Public Holiday,20:00–00:00,0.0847457627118644,0.1271186440677966,0.211864406779661
Heyington,School Holiday,00:00–04:00,0,0,0
Heyington,School Holiday,04:00–08:00,0.9302325581395349,0.09689922480620156,1.0271317829457365
Heyington,School Holiday,08:00–12:00,1.897810218978102,0.3806047966631908,2.278415015641293
Heyington,School Holiday,12:00–16:00,0.8616352201257862,0.8238993710691824,1.6855345911949686
Heyington,School Holiday,16:00–20:00,0.7926102502979738,1.8831942789034566,2.6758045292014305
Heyington,School Holiday,20:00–00:00,0.02518891687657431,0.906801007556675,0.9319899244332494
Kooyong,Normal Weekday,00:00–04:00,0,0.5439330543933054,0.5439330543933054
Kooyong,Normal Weekday,04:00–08:00,3.4033104561970124,4.721437222446508,8.124747678643521
Kooyong,Normal Weekday,08:00–12:00,5.772119220840178,6.729640929359305,12.501760150199484
Kooyong,Normal Weekday,12:00–16:00,6.432723045626272,4.3417611159546645,10.774484161580936
Kooyong,Normal Weekday,16:00–20:00,6.0667299606673,6.635019666350197,12.701749627017497
Kooyong,Normal Weekday,20:00–00:00,0.3928987194412107,3.3149010477299186,3.7077997671711294
Kooyong,Normal Weekend,00:00–04:00,0.17660044150110377,0.5077262693156733,0.6843267108167771
Kooyong,Normal Weekend,04:00–08:00,0.02835538752362949,0.2646502835538752,0.2930056710775047
Kooyong,Normal Weekend,08:00–12:00,3.242894056847545,3.0318690783807063,6.274763135228252
Kooyong,Normal Weekend,12:00–16:00,5.130111524163569,4.111524163568773,9.241635687732341
Kooyong,Normal Weekend,16:00–20:00,3.5261606484893147,5.593220338983051,9.119380987472365
Kooyong,Normal Weekend,20:00–00:00,0.7258548290341932,4.0011997600479905,4.727054589082184
Kooyong,Public Holiday,00:00–04:00,0,0,0
Kooyong,Public Holiday,04:00–08:00,0.07407407407407407,0.07407407407407407,0.14814814814814814
Kooyong,Public Holiday,08:00–12:00,3.3444816053511706,1.4046822742474916,4.749163879598662
Kooyong,Public Holiday,12:00–16:00,4.922600619195046,2.6315789473684212,7.554179566563468
Kooyong,Public Holiday,16:00–20:00,1.4242424242424243,5.181818181818182,6.6060606060606055
Kooyong,Public Holiday,20:00–00:00,0.33755274261603374,1.8565400843881856,2.1940928270042193
Kooyong,School Holiday,00:00–04:00,0,0.4672897196261682,0.4672897196261682
Kooyong,School Holiday,04:00–08:00,2.1245733788395906,1.4334470989761092,3.5580204778157
Kooyong,School Holiday,08:00–12:00,4.140386571719227,4.252288911495422,8.39267548321465
Kooyong,School Holiday,12:00–16:00,3.6957928802588995,3.5663430420711975,7.262135922330097
Kooyong,School Holiday,16:00–20:00,4.283226929773651,5.351131746952989,9.63435867672664
Kooyong,School Holiday,20:00–00:00,0.26448362720403024,3.3249370277078087,3.589420654911839
Tooronga,Normal Weekday,00:00–04:00,0.02092050209205021,1.6527196652719665,1.6736401673640167
Tooronga,Normal Weekday,04:00–08:00,11.624486264330521,6.0956089119619294,17.72009517629245
Tooronga,Normal Weekday,08:00–12:00,12.679155142066884,12.696756349006789,25.375911491073673
Tooronga,Normal Weekday,12:00–16:00,6.310803167420814,5.967194570135747,12.27799773755656
Tooronga,Normal Weekday,16:00–20:00,13.167390124796528,13.818502441671189,26.98589256646772
Tooronga,Normal Weekday,20:00–00:00,1.2077997671711291,7.243888242142026,8.451688009313155
Tooronga,Normal Weekend,00:00–04:00,0,1.8763796909492274,1.8763796909492274
Tooronga,Normal Weekend,04:00–08:00,0.5387523629489603,0.6427221172022685,1.1814744801512287
Tooronga,Normal Weekend,08:00–12:00,6.9823504089539385,4.154111063280241,11.13646147223418
Tooronga,Normal Weekend,12:00–16:00,10.724907063197026,5.241635687732342,15.966542750929367
Tooronga,Normal Weekend,16:00–20:00,6.9996314043494285,9.240692959823074,16.2403243641725
Tooronga,Normal Weekend,20:00–00:00,1.22375524895021,7.468506298740252,8.692261547690462
Tooronga,Public Holiday,00:00–04:00,0,1.3636363636363635,1.3636363636363635
Tooronga,Public Holiday,04:00–08:00,0.5925925925925926,0.14814814814814814,0.7407407407407407
Tooronga,Public Holiday,08:00–12:00,6.889632107023411,1.9063545150501673,8.795986622073578
Tooronga,Public Holiday,12:00–16:00,10.743034055727554,5.077399380804954,15.820433436532507
Tooronga,Public Holiday,16:00–20:00,3.484848484848485,9.909090909090908,13.393939393939393
Tooronga,Public Holiday,20:00–00:00,0.379746835443038,3.670886075949367,4.050632911392405
Tooronga,School Holiday,00:00–04:00,0,1.588785046728972,1.588785046728972
Tooronga,School Holiday,04:00–08:00,8.421541318477251,4.178272980501393,12.599814298978643
Tooronga,School Holiday,08:00–12:00,10.739320920043811,9.616648411829134,20.355969331872945
Tooronga,School Holiday,12:00–16:00,5.295226130653266,5.169597989949748,10.464824120603016
Tooronga,School Holiday,16:00–20:00,10.56910569105691,12.084785133565621,22.65389082462253
Tooronga,School Holiday,20:00–00:00,1.146095717884131,7.153652392947103,8.299748110831235
Gardiner,Normal Weekday,00:00–04:00,0.08421052631578947,2.5473684210526315,2.631578947368421
Gardiner,Normal Weekday,04:00–08:00,9.589425195273384,0.9973963548968556,10.586821550170239
Gardiner,Normal Weekday,08:00–12:00,11.989629808272037,1.6954057638972628,13.6850355721693
Gardiner,Normal Weekday,12:00–16:00,3.310237556561086,4.908088235294118,8.218325791855204
Gardiner,Normal Weekday,16:00–20:00,6.580303852414541,12.997829625610418,19.57813347802496
Gardiner,Normal Weekday,20:00–00:00,0.5232558139534884,9.279069767441861,9.80232558139535
Gardiner,Normal Weekend,00:00–04:00,0.13245033112582782,3.3112582781456954,3.443708609271523
Gardiner,Normal Weekend,04:00–08:00,1.1814744801512287,0.32136105860113423,1.5028355387523629
Gardiner,Normal Weekend,08:00–12:00,9.289711579853638,2.772277227722772,12.061988807576409
Gardiner,Normal Weekend,12:00–16:00,12.970260223048328,5.631970260223048,18.602230483271377
Gardiner,Normal Weekend,16:00–20:00,8.390423572744014,12.187845303867404,20.578268876611418
Gardiner,Normal Weekend,20:00–00:00,1.2072072072072073,11.723723723723724,12.93093093093093
Gardiner,Public Holiday,00:00–04:00,0,0.9090909090909091,0.9090909090909091
Gardiner,Public Holiday,04:00–08:00,0.9629629629629629,0.2222222222222222,1.1851851851851851
Gardiner,Public Holiday,08:00–12:00,9.59866220735786,1.4381270903010033,11.036789297658864
Gardiner,Public Holiday,12:00–16:00,14.551083591331269,6.130030959752322,20.68111455108359
Gardiner,Public Holiday,16:00–20:00,3.4242424242424243,13.545454545454545,16.96969696969697
Gardiner,Public Holiday,20:00–00:00,0.7172995780590717,5.232067510548523,5.949367088607595
Gardiner,School Holiday,00:00–04:00,0,2.803738317757009,2.803738317757009
Gardiner,School Holiday,04:00–08:00,6.917164816396243,0.5038428693424424,7.421007685738685
Gardiner,School Holiday,08:00–12:00,10.338541666666666,1.5520833333333333,11.890625
Gardiner,School Holiday,12:00–16:00,4.082914572864322,4.597989949748744,8.680904522613066
Gardiner,School Holiday,16:00–20:00,5.743321718931475,11.202090592334494,16.94541231126597
Gardiner,School Holiday,20:00–00:00,0.5163727959697733,9.672544080604535,10.188916876574307
Springvale,Normal Weekday,00:00–04:00,0.5766526019690577,3.909985935302391,4.486638537271449
Springvale,Normal Weekday,04:00–08:00,17.080394922425953,6.291557525690107,23.37195244811606
Springvale,Normal Weekday,08:00–12:00,18.314229393297804,10.273052493246697,28.587281886544503
Springvale,Normal Weekday,12:00–16:00,24.06465342521281,20.65970814754763,44.724361572760444
Springvale,Normal Weekday,16:00–20:00,15.37980146741476,22.21406991799741,37.59387138541217
Springvale,Normal Weekday,20:00–00:00,6.851616994292962,10.756182625237793,17.607799619530756
Springvale,Normal Weekend,00:00–04:00,0.7162921348314607,5.294943820224719,6.01123595505618
Springvale,Normal Weekend,04:00–08:00,9.606109324758842,5.763665594855305,15.369774919614148
Springvale,Normal Weekend,08:00–12:00,25.23135359116022,20.17265193370166,45.40400552486188
Springvale,Normal Weekend,12:00–16:00,23.703060560017366,16.15802040373345,39.861080963750815
Springvale,Normal Weekend,16:00–20:00,19.279959718026184,16.29657603222558,35.576535750251765
Springvale,Normal Weekend,20:00–00:00,13.567901234567902,16.580246913580247,30.14814814814815
Springvale,Public Holiday,00:00–04:00,0.5,5.333333333333333,5.833333333333333
Springvale,Public Holiday,04:00–08:00,8.192090395480227,4.1807909604519775,12.372881355932204
Springvale,Public Holiday,08:00–12:00,22.7027027027027,15.528255528255528,38.23095823095823
Springvale,Public Holiday,12:00–16:00,22.147435897435898,14.423076923076923,36.57051282051282
Springvale,Public Holiday,16:00–20:00,16.457564575645755,17.121771217712176,33.57933579335793
Springvale,Public Holiday,20:00–00:00,14.62962962962963,19.90740740740741,34.53703703703704
Springvale,School Holiday,00:00–04:00,0.6626506024096386,4.698795180722891,5.36144578313253
Springvale,School Holiday,04:00–08:00,12.660202360876896,3.3431703204047216,16.00337268128162
Springvale,School Holiday,08:00–12:00,15.237948084054388,8.57849196538937,23.816440049443756
Springvale,School Holiday,12:00–16:00,21.24031007751938,17.575366063738155,38.81567614125753
Springvale,School Holiday,16:00–20:00,13.7706891363226,19.040024074631358,32.810713210953956
Springvale,School Holiday,20:00–00:00,7.207207207207207,10.759330759330759,17.966537966537967
Westall,Normal Weekday,00:00–04:00,0.6693440428380187,3.6680053547523426,4.337349397590361
Westall,Normal Weekday,04:00–08:00,11.966046685807015,4.742229434527524,16.70827612033454
Westall,Normal Weekday,08:00–12:00,8.55042735042735,4.806837606837607,13.357264957264956
Westall,Normal Weekday,12:00–16:00,7.7815563112622526,7.207441488297659,14.988997799559911
Westall,Normal Weekday,16:00–20:00,6.088450962419798,12.794072716162542,18.88252367858234
Westall,Normal Weekday,20:00–00:00,1.2150375939849625,8.230075187969925,9.445112781954888
Westall,Normal Weekend,00:00–04:00,1.9562243502051984,3.8850889192886457,5.841313269493844
Westall,Normal Weekend,04:00–08:00,4.933333333333334,5.694117647058824,10.627450980392158
Westall,Normal Weekend,08:00–12:00,12.39027683997299,12.99797434166104,25.388251181634033
Westall,Normal Weekend,12:00–16:00,8.642158946026349,10.331491712707182,18.973650658733533
Westall,Normal Weekend,16:00–20:00,8.611042944785275,12.296932515337422,20.9079754601227
Westall,Normal Weekend,20:00–00:00,7.844063792085056,14.48907265209687,22.333136444181925
Westall,Public Holiday,00:00–04:00,0.16666666666666666,4.5,4.666666666666667
Westall,Public Holiday,04:00–08:00,3.7362637362637363,0.32967032967032966,4.065934065934066
Westall,Public Holiday,08:00–12:00,7.898550724637682,2.2222222222222223,10.120772946859905
Westall,Public Holiday,12:00–16:00,4.833068362480128,3.7201907790143083,8.553259141494436
Westall,Public Holiday,16:00–20:00,3.0895795246800732,7.020109689213894,10.109689213893967
Westall,Public Holiday,20:00–00:00,2.5233644859813085,10.327102803738319,12.850467289719628
Westall,School Holiday,00:00–04:00,1.0240963855421688,2.8313253012048194,3.855421686746988
Westall,School Holiday,04:00–08:00,8.286020353508302,3.015532940546331,11.301553294054633
Westall,School Holiday,08:00–12:00,6.627600351596835,2.677995898036918,9.305596249633753
Westall,School Holiday,12:00–16:00,5.768402927249246,5.122686181661645,10.89108910891089
Westall,School Holiday,16:00–20:00,4.243304291707002,9.67731526298806,13.920619554695062
Westall,School Holiday,20:00–00:00,1.1825192802056554,6.311053984575835,7.4935732647814906
Clayton,Normal Weekday,00:00–04:00,0.9523809523809523,9.956709956709958,10.90909090909091
Clayton,Normal Weekday,04:00–08:00,19.09210793264354,9.597281395820653,28.689389328464195
Clayton,Normal Weekday,08:00–12:00,18.43045235301786,10.612045365662887,29.042497718680746
Clayton,Normal Weekday,12:00–16:00,21.970225872689937,20.87987679671458,42.85010266940452
Clayton,Normal Weekday,16:00–20:00,17.602061576020617,26.124372711243726,43.72643428726434
Clayton,Normal Weekday,20:00–00:00,9.415016121602948,16.525410717027484,25.94042683863043
Clayton,Normal Weekend,00:00–04:00,1.1282843894899537,10.44822256568779,11.576506955177743
Clayton,Normal Weekend,04:00–08:00,14.215686274509803,6.292335115864527,20.50802139037433
Clayton,Normal Weekend,08:00–12:00,24.94945713216024,13.414451516286036,38.36390864844628
Clayton,Normal Weekend,12:00–16:00,19.557115198451115,14.709583736689254,34.26669893514037
Clayton,Normal Weekend,16:00–20:00,16.746643816052558,19.577263638960297,36.32390745501286
Clayton,Normal Weekend,20:00–00:00,15.922920892494929,26.619337390128464,42.54225828262339
Clayton,Public Holiday,00:00–04:00,0.9836065573770492,12.62295081967213,13.60655737704918
Clayton,Public Holiday,04:00–08:00,12.472527472527473,5.989010989010989,18.46153846153846
Clayton,Public Holiday,08:00–12:00,21.572769953051644,10.11737089201878,31.690140845070424
Clayton,Public Holiday,12:00–16:00,18.124006359300477,12.861685214626391,30.985691573926868
Clayton,Public Holiday,16:00–20:00,15.503731343283581,18.71268656716418,34.21641791044776
Clayton,Public Holiday,20:00–00:00,16.6046511627907,27.86046511627907,44.46511627906977
Clayton,School Holiday,00:00–04:00,1.1180124223602483,10.434782608695652,11.5527950310559
Clayton,School Holiday,04:00–08:00,15.782925782925783,7.957957957957958,23.740883740883742
Clayton,School Holiday,08:00–12:00,15.689607132906103,9.024797993870159,24.714405126776263
Clayton,School Holiday,12:00–16:00,21.362038664323375,17.798769771529,39.160808435852374
Clayton,School Holiday,16:00–20:00,15.654897494305239,22.075740318906607,37.73063781321184
Clayton,School Holiday,20:00–00:00,9.495743287491814,16.719056974459725,26.214800261951538
Huntingdale,Normal Weekday,00:00–04:00,0.2023121387283237,5.520231213872832,5.722543352601156
Huntingdale,Normal Weekday,04:00–08:00,14.157977883096367,15.9652448657188,30.123222748815166
Huntingdale,Normal Weekday,08:00–12:00,14.841280209013716,34.50424559111692,49.34552580013064
Huntingdale,Normal Weekday,12:00–16:00,26.65324609964771,25.80775037745345,52.46099647710116
Huntingdale,Normal Weekday,16:00–20:00,26.397498453714523,19.993814858085354,46.39131331179988
Huntingdale,Normal Weekday,20:00–00:00,7.323353293413174,9.872754491017965,17.19610778443114
Huntingdale,Normal Weekend,00:00–04:00,0.10954616588419405,5.899843505477309,6.009389671361503
Huntingdale,Normal Weekend,04:00–08:00,2.2683397683397684,1.611969111969112,3.8803088803088803
Huntingdale,Normal Weekend,08:00–12:00,10.344440284537626,7.940846125046799,18.285286409584426
Huntingdale,Normal Weekend,12:00–16:00,8.453907573191387,7.473989837890152,15.927897411081538
Huntingdale,Normal Weekend,16:00–20:00,7.52375628842929,10.05589714924539,17.57965343767468
Huntingdale,Normal Weekend,20:00–00:00,4.408967391304348,13.804347826086957,18.213315217391305
Huntingdale,Public Holiday,00:00–04:00,0.16393442622950818,6.885245901639344,7.049180327868852
Huntingdale,Public Holiday,04:00–08:00,2.2485207100591715,6.331360946745562,8.579881656804734
Huntingdale,Public Holiday,08:00–12:00,11.428571428571429,18.711943793911008,30.140515222482435
Huntingdale,Public Holiday,12:00–16:00,11.36724960254372,11.176470588235293,22.543720190779013
Huntingdale,Public Holiday,16:00–20:00,13.669724770642201,10.660550458715596,24.330275229357795
Huntingdale,Public Holiday,20:00–00:00,8.169014084507042,15.11737089201878,23.286384976525824
Huntingdale,School Holiday,00:00–04:00,0.19230769230769232,5.512820512820513,5.705128205128205
Huntingdale,School Holiday,04:00–08:00,10.187583742742296,9.151406878070567,19.338990620812865
Huntingdale,School Holiday,08:00–12:00,11.02592695846111,19.05492054641762,30.08084750487873
Huntingdale,School Holiday,12:00–16:00,15.182953077916487,15.363753766681016,30.5467068445975
Huntingdale,School Holiday,16:00–20:00,15.891517599538373,15.271206001154068,31.16272360069244
Huntingdale,School Holiday,20:00–00:00,3.8250319284802043,8.984674329501916,12.80970625798212
Oakleigh,Normal Weekday,00:00–04:00,0.5491329479768786,6.15606936416185,6.705202312138728
Oakleigh,Normal Weekday,04:00–08:00,17.287457912457914,18.41435185185185,35.701809764309765
Oakleigh,Normal Weekday,08:00–12:00,17.110423116615067,23.50232198142415,40.61274509803921
Oakleigh,Normal Weekday,12:00–16:00,24.63768115942029,24.942632850241544,49.580314009661834
Oakleigh,Normal Weekday,16:00–20:00,20.090175605125772,24.070784459963388,44.16096006508916
Oakleigh,Normal Weekday,20:00–00:00,6.824001233996606,12.307573654172451,19.131574888169055
Oakleigh,Normal Weekend,00:00–04:00,2.207792207792208,5.535714285714286,7.7435064935064934
Oakleigh,Normal Weekend,04:00–08:00,5.222007722007722,12.326254826254827,17.54826254826255
Oakleigh,Normal Weekend,08:00–12:00,21.973043803818793,34.74354174466492,56.71658554848371
Oakleigh,Normal Weekend,12:00–16:00,20.897653036535203,27.638519235422212,48.53617227195741
Oakleigh,Normal Weekend,16:00–20:00,24.16210295728368,23.748630887185104,47.91073384446878
Oakleigh,Normal Weekend,20:00–00:00,17.803508771929824,22.589473684210525,40.392982456140345
Oakleigh,Public Holiday,00:00–04:00,1.5384615384615385,5.576923076923077,7.115384615384615
Oakleigh,Public Holiday,04:00–08:00,3.905325443786982,8.106508875739644,12.011834319526626
Oakleigh,Public Holiday,08:00–12:00,17.096018735362996,25.714285714285715,42.81030444964871
Oakleigh,Public Holiday,12:00–16:00,17.996820349761528,23.481717011128776,41.4785373608903
Oakleigh,Public Holiday,16:00–20:00,18.833034111310592,19.640933572710953,38.473967684021545
Oakleigh,Public Holiday,20:00–00:00,15.83732057416268,20.19138755980861,36.02870813397129
Oakleigh,School Holiday,00:00–04:00,1.3461538461538463,7.371794871794871,8.717948717948717
Oakleigh,School Holiday,04:00–08:00,12.760160786065208,13.104064314426083,25.86422510049129
Oakleigh,School Holiday,08:00–12:00,14.444138690148597,19.545954870665934,33.99009356081453
Oakleigh,School Holiday,12:00–16:00,20.038743004735256,25.652173913043477,45.690916917778736
Oakleigh,School Holiday,16:00–20:00,18.562482208938228,21.064617136350698,39.627099345288926
Oakleigh,School Holiday,20:00–00:00,7.605263157894737,12.328947368421053,19.93421052631579
Hughesdale,Normal Weekday,00:00–04:00,0.10638297872340426,2.370820668693009,2.477203647416413
Hughesdale,Normal Weekday,04:00–08:00,8.652749381254708,2.0768320241041645,10.729581405358871
Hughesdale,Normal Weekday,08:00–12:00,8.215690066395926,4.057242312898859,12.272932379294785
Hughesdale,Normal Weekday,12:00–16:00,5.7059474690550465,8.621314279963771,14.327261749018817
Hughesdale,Normal Weekday,16:00–20:00,4.648765934363982,10.366151342554923,15.014917276918904
Hughesdale,Normal Weekday,20:00–00:00,0.7309486780715396,5.370139968895801,6.101088646967341
Hughesdale,Normal Weekend,00:00–04:00,0.16666666666666666,2.425925925925926,2.5925925925925926
Hughesdale,Normal Weekend,04:00–08:00,1.043956043956044,0.8021978021978022,1.8461538461538463
Hughesdale,Normal Weekend,08:00–12:00,9.064901793339027,7.220324508966695,16.285226302305723
Hughesdale,Normal Weekend,12:00–16:00,7.0596393897364775,7.864077669902913,14.92371705963939
Hughesdale,Normal Weekend,16:00–20:00,6.959649671567094,8.392242727557084,15.351892399124178
Hughesdale,Normal Weekend,20:00–00:00,3.3781645569620253,9.42246835443038,12.800632911392405
Hughesdale,Public Holiday,00:00–04:00,0,2.2448979591836733,2.2448979591836733
Hughesdale,Public Holiday,04:00–08:00,1.3609467455621302,0.8284023668639053,2.1893491124260356
Hughesdale,Public Holiday,08:00–12:00,7.166276346604215,6.861826697892272,14.028103044496486
Hughesdale,Public Holiday,12:00–16:00,6.836248012718601,7.774244833068362,14.610492845786963
Hughesdale,Public Holiday,16:00–20:00,5.368043087971275,7.3249551166965885,12.692998204667862
Hughesdale,Public Holiday,20:00–00:00,3.2653061224489797,7.142857142857143,10.408163265306122
Hughesdale,School Holiday,00:00–04:00,0.0684931506849315,2.671232876712329,2.73972602739726
Hughesdale,School Holiday,04:00–08:00,5.859553123575012,1.4500683994528043,7.309621523027816
Hughesdale,School Holiday,08:00–12:00,6.5932856356631815,3.5855806274078152,10.178866263070997
Hughesdale,School Holiday,12:00–16:00,5.367741935483871,7.840860215053763,13.208602150537635
Hughesdale,School Holiday,16:00–20:00,4.14363066400684,8.577942433741807,12.721573097748646
Hughesdale,School Holiday,20:00–00:00,0.8053691275167785,5.395973154362416,6.201342281879194
Murrumbeena,Normal Weekday,00:00–04:00,0,3.8753799392097266,3.8753799392097266
Murrumbeena,Normal Weekday,04:00–08:00,14.503238555275002,0.7278515753650237,15.231090130640027
Murrumbeena,Normal Weekday,08:00–12:00,12.399184557558769,2.031598394597694,14.430782952156463
Murrumbeena,Normal Weekday,12:00–16:00,6.277291478015897,8.029982895663547,14.307274373679444
Murrumbeena,Normal Weekday,16:00–20:00,4.298114742981148,15.037976400379764,19.33609114336091
Murrumbeena,Normal Weekday,20:00–00:00,0.7432747628673613,7.975431503654175,8.718706266521536
Murrumbeena,Normal Weekend,00:00–04:00,0.055658627087198514,3.358070500927644,3.4137291280148423
Murrumbeena,Normal Weekend,04:00–08:00,3.3956043956043955,1.0879120879120878,4.483516483516484
Murrumbeena,Normal Weekend,08:00–12:00,12.092228864218617,5.046968403074295,17.139197267292914
Murrumbeena,Normal Weekend,12:00–16:00,8.732316227461858,6.40499306518724,15.137309292649098
Murrumbeena,Normal Weekend,16:00–20:00,6.909602752580544,9.75289333750391,16.662496090084453
Murrumbeena,Normal Weekend,20:00–00:00,2.7984189723320156,13.233201581027668,16.031620553359684
Murrumbeena,Public Holiday,00:00–04:00,0,2.0408163265306123,2.0408163265306123
Murrumbeena,Public Holiday,04:00–08:00,2.9585798816568047,0.47337278106508873,3.4319526627218933
Murrumbeena,Public Holiday,08:00–12:00,10.046838407494144,2.927400468384075,12.97423887587822
Murrumbeena,Public Holiday,12:00–16:00,7.9332273449920505,5.468998410174881,13.402225755166931
Murrumbeena,Public Holiday,16:00–20:00,4.254937163375224,8.204667863554757,12.459605026929982
Murrumbeena,Public Holiday,20:00–00:00,2.704081632653061,10.612244897959183,13.316326530612244
Murrumbeena,School Holiday,00:00–04:00,0,4.52054794520548,4.52054794520548
Murrumbeena,School Holiday,04:00–08:00,10.935754189944134,0.6936685288640596,11.629422718808193
Murrumbeena,School Holiday,08:00–12:00,10.081543897798316,1.7586300625169884,11.840173960315305
Murrumbeena,School Holiday,12:00–16:00,6.236559139784946,7.079569892473118,13.316129032258065
Murrumbeena,School Holiday,16:00–20:00,4.060986035907666,12.750071245369051,16.811057281276717
Murrumbeena,School Holiday,20:00–00:00,0.6912751677852349,7.879194630872483,8.570469798657719
Carnegie,Normal Weekday,00:00–04:00,0.16591251885369532,5.746606334841629,5.912518853695325
Carnegie,Normal Weekday,04:00–08:00,13.972798069540419,1.791159372600636,15.763957442141056
Carnegie,Normal Weekday,08:00–12:00,16.861263303734493,5.634485798853832,22.495749102588324
Carnegie,Normal Weekday,12:00–16:00,11.345952729554487,15.330474796067769,26.676427525622255
Carnegie,Normal Weekday,16:00–20:00,8.130021424745582,22.577664702731656,30.70768612747724
Carnegie,Normal Weekday,20:00–00:00,4.399315281668223,11.2776221599751,15.676937441643323
Carnegie,Normal Weekend,00:00–04:00,0.13011152416356878,4.795539033457249,4.925650557620818
Carnegie,Normal Weekend,04:00–08:00,3.75131717597471,3.0136986301369864,6.7650158061116965
Carnegie,Normal Weekend,08:00–12:00,17.51892346509672,13.994953742640874,31.513877207737593
Carnegie,Normal Weekend,12:00–16:00,14.49375866851595,14.554785020804438,29.04854368932039
Carnegie,Normal Weekend,16:00–20:00,13.181818181818182,18.713188220230474,31.895006402048658
Carnegie,Normal Weekend,20:00–00:00,10.450949367088608,18.544303797468356,28.995253164556964
Carnegie,Public Holiday,00:00–04:00,0.20408163265306123,3.4693877551020407,3.6734693877551017
Carnegie,Public Holiday,04:00–08:00,2.625698324022346,1.229050279329609,3.854748603351955
Carnegie,Public Holiday,08:00–12:00,14.930232558139535,9.813953488372093,24.74418604651163
Carnegie,Public Holiday,12:00–16:00,12.575516693163753,11.875993640699523,24.451510333863276
Carnegie,Public Holiday,16:00–20:00,9.926470588235293,15.863970588235293,25.790441176470587
Carnegie,Public Holiday,20:00–00:00,9.03061224489796,15.816326530612244,24.846938775510203
Carnegie,School Holiday,00:00–04:00,0.0684931506849315,7.808219178082192,7.876712328767123
Carnegie,School Holiday,04:00–08:00,10.762436076243608,1.3296141329614133,12.092050209205022
Carnegie,School Holiday,08:00–12:00,13.817839871037076,5.166577109081139,18.984416980118215
Carnegie,School Holiday,12:00–16:00,11.303179579041648,14.334975369458128,25.638154948499775
Carnegie,School Holiday,16:00–20:00,7.684950773558368,19.524613220815752,27.209563994374122
Carnegie,School Holiday,20:00–00:00,4.76510067114094,11.093959731543624,15.859060402684563
Werribee,Normal Weekday,00:00–04:00,0.08111239860950174,8.910776361529548,8.99188876013905
Werribee,Normal Weekday,04:00–08:00,68.66091190792386,5.0752545374059315,73.73616644532979
Werribee,Normal Weekday,08:00–12:00,33.80005803830528,16.26523505513639,50.06529309344167
Werribee,Normal Weekday,12:00–16:00,23.81509032943677,32.63761955366631,56.45270988310308
Werribee,Normal Weekday,16:00–20:00,10.181209924728185,55.34429885698355,65.52550878171174
Werribee,Normal Weekday,20:00–00:00,2.6846397825101946,14.705482555505212,17.390122338015406
Werribee,Normal Weekend,00:00–04:00,0.4094488188976378,10.409448818897637,10.818897637795274
Werribee,Normal Weekend,04:00–08:00,12.077363896848137,3.166189111747851,15.243553008595988
Werribee,Normal Weekend,08:00–12:00,24.525235243798118,14.884516680923866,39.40975192472199
Werribee,Normal Weekend,12:00–16:00,20.92050209205021,21.10460251046025,42.02510460251046
Werribee,Normal Weekend,16:00–20:00,15.517385839966485,25.79388353581902,41.31126937578551
Werribee,Normal Weekend,20:00–00:00,3.972719522591645,13.29923273657289,17.271952259164536
Werribee,Public Holiday,00:00–04:00,0.15151515151515152,8.636363636363637,8.787878787878789
Werribee,Public Holiday,04:00–08:00,10.982658959537572,2.7745664739884393,13.757225433526012
Werribee,Public Holiday,08:00–12:00,21.580645161290324,13.612903225806452,35.193548387096776
Werribee,Public Holiday,12:00–16:00,19.967741935483872,24.516129032258064,44.483870967741936
Werribee,Public Holiday,16:00–20:00,12.993421052631579,24.80263157894737,37.796052631578945
Werribee,Public Holiday,20:00–00:00,7.5,12.033333333333333,19.53333333333333
Werribee,School Holiday,00:00–04:00,0.14354066985645933,7.990430622009569,8.133971291866029
Werribee,School Holiday,04:00–08:00,45.97378277153558,3.4269662921348316,49.40074906367041
Werribee,School Holiday,08:00–12:00,27.29931549471064,13.254511512134412,40.553827006845054
Werribee,School Holiday,12:00–16:00,20.787119856887298,26.681574239713775,47.46869409660107
Werribee,School Holiday,16:00–20:00,9.096736596736596,41.386946386946384,50.48368298368298
Werribee,School Holiday,20:00–00:00,2.6833797585886723,14.011142061281337,16.69452181987001
Hoppers Crossing,Normal Weekday,00:00–04:00,0.0234192037470726,6.510538641686183,6.533957845433255
Hoppers Crossing,Normal Weekday,04:00–08:00,49.55058667257029,9.778614124418862,59.329200796989156
Hoppers Crossing,Normal Weekday,08:00–12:00,32.705737578834025,16.400553760959852,49.10629133979388
Hoppers Crossing,Normal Weekday,12:00–16:00,24.844812925170068,28.531037414965986,53.375850340136054
Hoppers Crossing,Normal Weekday,16:00–20:00,9.517837235228539,41.64576365663322,51.16360089186176
Hoppers Crossing,Normal Weekday,20:00–00:00,1.4204931011083466,12.646460076905678,14.066953178014025
Hoppers Crossing,Normal Weekend,00:00–04:00,0.01597444089456869,7.268370607028754,7.284345047923323
Hoppers Crossing,Normal Weekend,04:00–08:00,8.130372492836676,1.6189111747851004,9.749283667621777
Hoppers Crossing,Normal Weekend,08:00–12:00,17.637997432605903,7.522464698331194,25.1604621309371
Hoppers Crossing,Normal Weekend,12:00–16:00,13.380753138075313,12.874476987447698,26.255230125523013
Hoppers Crossing,Normal Weekend,16:00–20:00,9.422594142259415,19.0418410041841,28.464435146443513
Hoppers Crossing,Normal Weekend,20:00–00:00,2.3572037510656436,10.157715260017051,12.514919011082695
Hoppers Crossing,Public Holiday,00:00–04:00,0,6.0606060606060606,6.0606060606060606
Hoppers Crossing,Public Holiday,04:00–08:00,8.265895953757225,1.3872832369942196,9.653179190751445
Hoppers Crossing,Public Holiday,08:00–12:00,15.258064516129032,6.064516129032258,21.32258064516129
Hoppers Crossing,Public Holiday,12:00–16:00,12.516129032258064,11.806451612903226,24.32258064516129
Hoppers Crossing,Public Holiday,16:00–20:00,7.573770491803279,18,25.57377049180328
Hoppers Crossing,Public Holiday,20:00–00:00,1.8729096989966556,9.163879598662207,11.036789297658864
Hoppers Crossing,School Holiday,00:00–04:00,0.04784688995215311,6.363636363636363,6.411483253588516
Hoppers Crossing,School Holiday,04:00–08:00,33.85122410546139,4.058380414312618,37.90960451977401
Hoppers Crossing,School Holiday,08:00–12:00,24.089121887287025,8.43381389252949,32.522935779816514
Hoppers Crossing,School Holiday,12:00–16:00,14.109221128021487,21.745747538048345,35.85496866606983
Hoppers Crossing,School Holiday,16:00–20:00,7.659698025551684,31.463414634146343,39.12311265969802
Hoppers Crossing,School Holiday,20:00–00:00,1.632462686567164,11.847014925373134,13.479477611940299
Laverton,Normal Weekday,00:00–04:00,0.0234192037470726,7.318501170960188,7.34192037470726
Laverton,Normal Weekday,04:00–08:00,30.10674799847503,6.979285805057822,37.08603380353285
Laverton,Normal Weekday,08:00–12:00,23.37296730197587,7.72250393425424,31.09547123623011
Laverton,Normal Weekday,12:00–16:00,12.291910279579037,16.787498671202297,29.079408950781335
Laverton,Normal Weekday,16:00–20:00,7.585301837270341,29.407699037620297,36.99300087489064
Laverton,Normal Weekday,20:00–00:00,0.9593679458239278,13.690744920993229,14.650112866817157
Laverton,Normal Weekend,00:00–04:00,0.04784688995215311,7.623604465709729,7.6714513556618815
Laverton,Normal Weekend,04:00–08:00,7.7308518253400145,0.9162491052254832,8.647100930565498
Laverton,Normal Weekend,08:00–12:00,19.17948717948718,6.478632478632479,25.65811965811966
Laverton,Normal Weekend,12:00–16:00,15.372384937238493,11.92050209205021,27.292887029288703
Laverton,Normal Weekend,16:00–20:00,9.51923076923077,18.704013377926422,28.223244147157192
Laverton,Normal Weekend,20:00–00:00,1.6272189349112427,10.287404902789518,11.914623837700761
Laverton,Public Holiday,00:00–04:00,0,5.454545454545454,5.454545454545454
Laverton,Public Holiday,04:00–08:00,7.398843930635838,0.5202312138728323,7.91907514450867
Laverton,Public Holiday,08:00–12:00,17.096774193548388,4.741935483870968,21.838709677419356
Laverton,Public Holiday,12:00–16:00,14.630225080385852,9.967845659163988,24.59807073954984
Laverton,Public Holiday,16:00–20:00,6.806451612903226,18.64516129032258,25.451612903225808
Laverton,Public Holiday,20:00–00:00,1.137123745819398,9.464882943143813,10.602006688963211
Laverton,School Holiday,00:00–04:00,0.04784688995215311,7.416267942583732,7.464114832535885
Laverton,School Holiday,04:00–08:00,21.636363636363637,4.8125,26.448863636363637
Laverton,School Holiday,08:00–12:00,18.282907662082515,5.886051080550098,24.16895874263261
Laverton,School Holiday,12:00–16:00,11.13960113960114,13.28584995251662,24.42545109211776
Laverton,School Holiday,16:00–20:00,6.742683390345876,23.732421132649183,30.47510452299506
Laverton,School Holiday,20:00–00:00,1.1359404096834265,13.175046554934823,14.31098696461825
Aircraft,Normal Weekday,00:00–04:00,0,1.6978922716627636,1.6978922716627636
Aircraft,Normal Weekday,04:00–08:00,13.163604162054462,2.143015275625415,15.306619437679878
Aircraft,Normal Weekday,08:00–12:00,6.806089497155159,2.481931416269414,9.288020913424573
Aircraft,Normal Weekday,12:00–16:00,3.9388145315487573,5.321861057998725,9.260675589547482
Aircraft,Normal Weekday,16:00–20:00,2.6514413034396322,10.813257206517198,13.46469850995683
Aircraft,Normal Weekday,20:00–00:00,0.12895927601809956,4.070135746606335,4.199095022624435
Aircraft,Normal Weekend,00:00–04:00,0.03189792663476874,1.9617224880382775,1.9936204146730463
Aircraft,Normal Weekend,04:00–08:00,1.9555873925501432,0.03581661891117478,1.991404011461318
Aircraft,Normal Weekend,08:00–12:00,5.5451047456177855,1.1115861479264644,6.6566908935442495
Aircraft,Normal Weekend,12:00–16:00,4.100418410041841,3.506276150627615,7.606694560669456
Aircraft,Normal Weekend,16:00–20:00,2.5230125523012554,5.98326359832636,8.506276150627615
Aircraft,Normal Weekend,20:00–00:00,0.3495311167945439,3.5720375106564366,3.9215686274509807
Aircraft,Public Holiday,00:00–04:00,0,1.9696969696969697,1.9696969696969697
Aircraft,Public Holiday,04:00–08:00,1.3872832369942196,0.057803468208092484,1.4450867052023122
Aircraft,Public Holiday,08:00–12:00,5.32258064516129,0.5806451612903226,5.903225806451613
Aircraft,Public Holiday,12:00–16:00,3.870967741935484,3.032258064516129,6.903225806451613
Aircraft,Public Holiday,16:00–20:00,1.7049180327868851,5.704918032786885,7.409836065573771
Aircraft,Public Holiday,20:00–00:00,0.3010033444816054,3.411371237458194,3.712374581939799
Aircraft,School Holiday,00:00–04:00,0,2.1052631578947367,2.1052631578947367
Aircraft,School Holiday,04:00–08:00,9.28772258669166,1.2933458294283036,10.581068416119964
Aircraft,School Holiday,08:00–12:00,5.6110381077529565,1.8922470433639949,7.503285151116952
Aircraft,School Holiday,12:00–16:00,4.180841539838854,4.4136078782453,8.594449418084153
Aircraft,School Holiday,16:00–20:00,2.1312427409988386,8.51335656213705,10.644599303135887
Aircraft,School Holiday,20:00–00:00,0.13071895424836602,3.9402427637721757,4.070961718020542
Westona,Normal Weekday,00:00–04:00,0,0.8025682182985554,0.8025682182985554
Westona,Normal Weekday,04:00–08:00,11.42626480086114,5.769644779332616,17.195909580193756
Westona,Normal Weekday,08:00–12:00,8.249785775492716,9.712939160239932,17.96272493573265
Westona,Normal Weekday,12:00–16:00,10.626609442060087,5.027896995708154,15.65450643776824
Westona,Normal Weekday,16:00–20:00,3.0314273243125274,10.914447839371453,13.945875163683981
Westona,Normal Weekday,20:00–00:00,0.10925151092515109,2.2640632264063227,2.373314737331474
Westona,Normal Weekend,00:00–04:00,0.019342359767891684,0.9284332688588007,0.9477756286266924
Westona,Normal Weekend,04:00–08:00,0.4576976421636616,0.04854368932038835,0.5062413314840499
Westona,Normal Weekend,08:00–12:00,4.961993243243243,1.275337837837838,6.237331081081081
Westona,Normal Weekend,12:00–16:00,3.7478777589134125,3.433786078098472,7.181663837011884
Westona,Normal Weekend,16:00–20:00,2.3904721395151,4.602296894938324,6.992769034453424
Westona,Normal Weekend,20:00–00:00,0.16978667827601218,2.133217239878102,2.303003918154114
Westona,Public Holiday,00:00–04:00,0,0.9615384615384616,0.9615384615384616
Westona,Public Holiday,04:00–08:00,0.6629834254143646,0.055248618784530384,0.718232044198895
Westona,Public Holiday,08:00–12:00,3.954983922829582,0.8360128617363344,4.790996784565916
Westona,Public Holiday,12:00–16:00,2.8758169934640523,2.712418300653595,5.588235294117647
Westona,Public Holiday,16:00–20:00,1.5714285714285714,4.214285714285714,5.785714285714286
Westona,Public Holiday,20:00–00:00,0.035211267605633804,1.5845070422535212,1.619718309859155
Westona,School Holiday,00:00–04:00,0,0.9150326797385621,0.9150326797385621
Westona,School Holiday,04:00–08:00,7.971758664955071,0.5776636713735558,8.549422336328627
Westona,School Holiday,08:00–12:00,7.541666666666667,2.09375,9.635416666666668
Westona,School Holiday,12:00–16:00,3.3197969543147208,4.223350253807107,7.543147208121828
Westona,School Holiday,16:00–20:00,2.8228228228228227,8.94894894894895,11.771771771771771
Westona,School Holiday,20:00–00:00,0.11406844106463879,2.214828897338403,2.3288973384030416
Altona,Normal Weekday,00:00–04:00,0,0.7062600321027287,0.7062600321027287
Altona,Normal Weekday,04:00–08:00,9.604776798407734,1.9306226897924368,11.53539948820017
Altona,Normal Weekday,08:00–12:00,11.16727350610409,7.061469265367316,18.228742771471406
Altona,Normal Weekday,12:00–16:00,5.55245655438747,8.401630551383823,13.954087105771293
Altona,Normal Weekday,16:00–20:00,5.521151330135194,13.861753161796774,19.382904491931967
Altona,Normal Weekday,20:00–00:00,0.6409971066102826,2.908969508123748,3.5499666147340303
Altona,Normal Weekend,00:00–04:00,0.07042253521126761,0.9330985915492958,1.0035211267605633
Altona,Normal Weekend,04:00–08:00,0.759493670886076,0.9307520476545048,1.6902457185405808
Altona,Normal Weekend,08:00–12:00,6.043074324324325,6.83277027027027,12.875844594594595
Altona,Normal Weekend,12:00–16:00,8.268985999151464,10.00424268137463,18.273228680526096
Altona,Normal Weekend,16:00–20:00,6.496598639455782,8.694727891156463,15.191326530612244
Altona,Normal Weekend,20:00–00:00,1.195049082373026,2.953478446436193,4.148527528809219
Altona,Public Holiday,00:00–04:00,0,0,0
Altona,Public Holiday,04:00–08:00,0.6547619047619048,0.35714285714285715,1.0119047619047619
Altona,Public Holiday,08:00–12:00,4.501607717041801,5.241157556270096,9.742765273311896
Altona,Public Holiday,12:00–16:00,7.5816993464052285,10.359477124183007,17.941176470588236
Altona,Public Holiday,16:00–20:00,6.512455516014235,7.829181494661921,14.341637010676155
Altona,Public Holiday,20:00–00:00,0.8873720136518771,1.8430034129692834,2.7303754266211606
Altona,School Holiday,00:00–04:00,0,0.8496732026143791,0.8496732026143791
Altona,School Holiday,04:00–08:00,6.544715447154472,1.5447154471544715,8.089430894308943
Altona,School Holiday,08:00–12:00,9.927083333333334,7.833333333333333,17.760416666666668
Altona,School Holiday,12:00–16:00,6.369168356997972,9.269776876267748,15.63894523326572
Altona,School Holiday,16:00–20:00,6.375502008032129,12.329317269076306,18.704819277108435
Altona,School Holiday,20:00–00:00,1.0319634703196348,2.7579908675799087,3.7899543378995437
Seaholme,Normal Weekday,00:00–04:00,0,0.24077046548956663,0.24077046548956663
Seaholme,Normal Weekday,04:00–08:00,3.918112027295991,0.011373329542223486,3.9294853568382146
Seaholme,Normal Weekday,08:00–12:00,4.278372591006424,0.20342612419700215,4.481798715203427
Seaholme,Normal Weekday,12:00–16:00,0.602874919545162,2.0918257884574127,2.694700708002575
Seaholme,Normal Weekday,16:00–20:00,0.9943305713039686,5.176624509376363,6.170955080680331
Seaholme,Normal Weekday,20:00–00:00,0.004452359750667854,0.699020480854853,0.7034728406055208
Seaholme,Normal Weekend,00:00–04:00,0.017605633802816902,0.3873239436619718,0.4049295774647887
Seaholme,Normal Weekend,04:00–08:00,0.10424422933730454,0.007446016381236039,0.11169024571854058
Seaholme,Normal Weekend,08:00–12:00,1.7314189189189189,0.43496621621621623,2.166385135135135
Seaholme,Normal Weekend,12:00–16:00,1.807382265591854,1.6207042851081883,3.4280865507000424
Seaholme,Normal Weekend,16:00–20:00,1.2712585034013606,2.227891156462585,3.4991496598639458
Seaholme,Normal Weekend,20:00–00:00,0.0597524541186513,0.8408023900981647,0.900554844216816
Seaholme,Public Holiday,00:00–04:00,0,0,0
Seaholme,Public Holiday,04:00–08:00,0.11904761904761904,0.05952380952380952,0.17857142857142855
Seaholme,Public Holiday,08:00–12:00,1.8971061093247588,0.3215434083601286,2.2186495176848875
Seaholme,Public Holiday,12:00–16:00,2.026143790849673,1.3725490196078431,3.3986928104575163
Seaholme,Public Holiday,16:00–20:00,0.5673758865248227,2.6950354609929077,3.2624113475177303
Seaholme,Public Holiday,20:00–00:00,0.034129692832764506,0.5460750853242321,0.5802047781569966
Seaholme,School Holiday,00:00–04:00,0.06535947712418301,0.32679738562091504,0.39215686274509803
Seaholme,School Holiday,04:00–08:00,2.6287262872628725,0.013550135501355014,2.6422764227642275
Seaholme,School Holiday,08:00–12:00,4.260416666666667,0.1875,4.447916666666667
Seaholme,School Holiday,12:00–16:00,1.075050709939148,2.04868154158215,3.123732251521298
Seaholme,School Holiday,16:00–20:00,1.034136546184739,4.447791164658635,5.481927710843374
Seaholme,School Holiday,20:00–00:00,0.0273972602739726,0.9771689497716894,1.004566210045662
Westgarth,Normal Weekday,00:00–04:00,0.17883755588673622,0.44709388971684055,0.6259314456035767
Westgarth,Normal Weekday,04:00–08:00,4.109722447654602,0.22885895146891738,4.33858139912352
Westgarth,Normal Weekday,08:00–12:00,6.115156418554477,1.3727076591154261,7.4878640776699035
Westgarth,Normal Weekday,12:00–16:00,2.2255028603063294,5.091345266654364,7.316848126960693
Westgarth,Normal Weekday,16:00–20:00,2.3869457046685203,7.425728084296795,9.812673788965315
Westgarth,Normal Weekday,20:00–00:00,0.43360433604336046,3.1327913279132793,3.56639566395664
Westgarth,Normal Weekend,00:00–04:00,0.15985790408525755,0.5506216696269982,0.7104795737122558
Westgarth,Normal Weekend,04:00–08:00,0.15037593984962405,0.02819548872180451,0.17857142857142855
Westgarth,Normal Weekend,08:00–12:00,3.592630501535312,2.2517911975435005,5.844421699078813
Westgarth,Normal Weekend,12:00–16:00,4.9181739879414295,5.073212747631352,9.991386735572782
Westgarth,Normal Weekend,16:00–20:00,3,6.399159663865547,9.399159663865547
Westgarth,Normal Weekend,20:00–00:00,0.8177720540888602,3.374114616870573,4.191886670959433
Westgarth,Public Holiday,00:00–04:00,0,0.35714285714285715,0.35714285714285715
Westgarth,Public Holiday,04:00–08:00,0.14814814814814814,0,0.14814814814814814
Westgarth,Public Holiday,08:00–12:00,2.9194630872483223,0.5369127516778524,3.4563758389261747
Westgarth,Public Holiday,12:00–16:00,3.1419939577039275,3.595166163141994,6.737160120845921
Westgarth,Public Holiday,16:00–20:00,1.4150943396226414,5.408805031446541,6.8238993710691815
Westgarth,Public Holiday,20:00–00:00,0.28846153846153844,2.1634615384615383,2.4519230769230766
Westgarth,School Holiday,00:00–04:00,0.2,0.6666666666666666,0.8666666666666667
Westgarth,School Holiday,04:00–08:00,2.101551480959097,0.2468265162200282,2.348377997179125
Westgarth,School Holiday,08:00–12:00,4.5968216597998826,1.253678634490877,5.850500294290759
Westgarth,School Holiday,12:00–16:00,2.669387755102041,3.9183673469387754,6.587755102040816
Westgarth,School Holiday,16:00–20:00,1.9288025889967637,5.9288025889967635,7.857605177993527
Westgarth,School Holiday,20:00–00:00,0.5771643663739021,2.7478042659974906,3.3249686323713927
Dennis,Normal Weekday,00:00–04:00,0,0.6408345752608048,0.6408345752608048
Dennis,Normal Weekday,04:00–08:00,6.997240707677325,0.07466320402532056,7.071903911702646
Dennis,Normal Weekday,08:00–12:00,9.920442286947141,1.2607874865156419,11.181229773462784
Dennis,Normal Weekday,12:00–16:00,2.6279602750190985,4.4308632543926665,7.0588235294117645
Dennis,Normal Weekday,16:00–20:00,3.136737089201878,10.08069248826291,13.217429577464788
Dennis,Normal Weekday,20:00–00:00,0.10025706940874037,3.6863753213367607,3.7866323907455013
Dennis,Normal Weekend,00:00–04:00,0,0.6525573192239859,0.6525573192239859
Dennis,Normal Weekend,04:00–08:00,0.29135338345864664,0.009398496240601503,0.30075187969924816
Dennis,Normal Weekend,08:00–12:00,5.22517911975435,0.48618219037871035,5.711361310133061
Dennis,Normal Weekend,12:00–16:00,5.874246339362618,2.885443583118002,8.75968992248062
Dennis,Normal Weekend,16:00–20:00,3.6554621848739495,4.953781512605042,8.609243697478991
Dennis,Normal Weekend,20:00–00:00,0.24531956100710137,3.42156229825694,3.6668818592640413
Dennis,Public Holiday,00:00–04:00,0,0.17857142857142858,0.17857142857142858
Dennis,Public Holiday,04:00–08:00,0.14814814814814814,0,0.14814814814814814
Dennis,Public Holiday,08:00–12:00,5.402684563758389,0.5033557046979866,5.906040268456376
Dennis,Public Holiday,12:00–16:00,4.833836858006042,2.900302114803625,7.734138972809667
Dennis,Public Holiday,16:00–20:00,2.0440251572327046,5.031446540880503,7.0754716981132075
Dennis,Public Holiday,20:00–00:00,0.14423076923076922,2.0673076923076925,2.2115384615384617
Dennis,School Holiday,00:00–04:00,0,1.2,1.2
Dennis,School Holiday,04:00–08:00,4.908321579689704,0.04936530324400564,4.95768688293371
Dennis,School Holiday,08:00–12:00,8.12831077104179,0.6415538552089465,8.769864626250737
Dennis,School Holiday,12:00–16:00,3.138252756573367,3.8846480067854112,7.022900763358779
Dennis,School Holiday,16:00–20:00,2.459546925566343,8.35598705501618,10.815533980582524
Dennis,School Holiday,20:00–00:00,0.09489916963226572,3.3214709371293,3.416370106761566
Fairfield,Normal Weekday,00:00–04:00,0.044642857142857144,2.2470238095238093,2.2916666666666665
Fairfield,Normal Weekday,04:00–08:00,10.741101901511458,1.3489354786283114,12.09003738013977
Fairfield,Normal Weekday,08:00–12:00,14.515086206896552,4.695581896551724,19.210668103448278
Fairfield,Normal Weekday,12:00–16:00,7.387318563789152,10.175706646294882,17.563025210084035
Fairfield,Normal Weekday,16:00–20:00,7.1888809693513895,17.52672843905916,24.71560940841055
Fairfield,Normal Weekday,20:00–00:00,1.948509485094851,7.710027100271002,9.658536585365853
Fairfield,Normal Weekend,00:00–04:00,0.08818342151675485,2.0987654320987654,2.18694885361552
Fairfield,Normal Weekend,04:00–08:00,1.6917293233082706,0.4699248120300752,2.161654135338346
Fairfield,Normal Weekend,08:00–12:00,10.736572890025576,5.805626598465473,16.54219948849105
Fairfield,Normal Weekend,12:00–16:00,12.248062015503876,8.84151593453919,21.089577950043065
Fairfield,Normal Weekend,16:00–20:00,8.438552188552189,11.047979797979798,19.486531986531986
Fairfield,Normal Weekend,20:00–00:00,3.3290405666452028,7.392144236960721,10.721184803605924
Fairfield,Public Holiday,00:00–04:00,0,1.4285714285714286,1.4285714285714286
Fairfield,Public Holiday,04:00–08:00,1.3333333333333333,0.37037037037037035,1.7037037037037037
Fairfield,Public Holiday,08:00–12:00,8.154362416107382,3.6241610738255035,11.778523489932885
Fairfield,Public Holiday,12:00–16:00,10,7.885196374622357,17.885196374622357
Fairfield,Public Holiday,16:00–20:00,4.716981132075472,9.056603773584905,13.773584905660378
Fairfield,Public Holiday,20:00–00:00,1.8269230769230769,4.903846153846154,6.730769230769231
Fairfield,School Holiday,00:00–04:00,0,2.4,2.4
Fairfield,School Holiday,04:00–08:00,7.438075017692852,1.0120311394196744,8.450106157112526
Fairfield,School Holiday,08:00–12:00,12.118544600938968,4.072769953051643,16.191314553990612
Fairfield,School Holiday,12:00–16:00,8.01526717557252,9.457167090754877,17.472434266327397
Fairfield,School Holiday,16:00–20:00,6.465408805031447,14.817610062893081,21.28301886792453
Fairfield,School Holiday,20:00–00:00,1.8796992481203008,7.030075187969925,8.909774436090226
Alphington,Normal Weekday,00:00–04:00,0,1.0222222222222221,1.0222222222222221
Alphington,Normal Weekday,04:00–08:00,5.797172111165286,0.7476027953843654,6.544774906549651
Alphington,Normal Weekday,08:00–12:00,8.560269360269361,2.9454545454545453,11.505723905723906
Alphington,Normal Weekday,12:00–16:00,4.272345301757066,5.105042016806722,9.377387318563787
Alphington,Normal Weekday,16:00–20:00,3.6421952957947257,9.344262295081966,12.986457590876693
Alphington,Normal Weekday,20:00–00:00,0.12205044751830757,4.149715215622457,4.271765663140765
Alphington,Normal Weekend,00:00–04:00,0.01757469244288225,0.8611599297012302,0.8787346221441125
Alphington,Normal Weekend,04:00–08:00,0.3383458646616541,0.03759398496240601,0.37593984962406013
Alphington,Normal Weekend,08:00–12:00,5.40112416964742,1.885539090444558,7.286663260091978
Alphington,Normal Weekend,12:00–16:00,5.478448275862069,3.6594827586206895,9.137931034482758
Alphington,Normal Weekend,16:00–20:00,3.5410526315789475,4.812631578947369,8.353684210526316
Alphington,Normal Weekend,20:00–00:00,0.36726804123711343,3.595360824742268,3.9626288659793816
Alphington,Public Holiday,00:00–04:00,0,0.17857142857142858,0.17857142857142858
Alphington,Public Holiday,04:00–08:00,0.2962962962962963,0,0.2962962962962963
Alphington,Public Holiday,08:00–12:00,4.6644295302013425,0.40268456375838924,5.067114093959732
Alphington,Public Holiday,12:00–16:00,4.3202416918429005,2.6586102719033233,6.978851963746224
Alphington,Public Holiday,16:00–20:00,1.729559748427673,4.056603773584905,5.786163522012578
Alphington,Public Holiday,20:00–00:00,0.14423076923076922,2.4038461538461537,2.548076923076923
Alphington,School Holiday,00:00–04:00,0,1.0666666666666667,1.0666666666666667
Alphington,School Holiday,04:00–08:00,3.4253361641896674,0.1910828025477707,3.616418966737438
Alphington,School Holiday,08:00–12:00,6.613849765258216,1.1443661971830985,7.758215962441314
Alphington,School Holiday,12:00–16:00,3.4181509754028836,4.173027989821883,7.591178965224767
Alphington,School Holiday,16:00–20:00,2.3836477987421385,7.383647798742138,9.767295597484276
Alphington,School Holiday,20:00–00:00,0.13801756587202008,3.6762860727728985,3.8143036386449185
Darebin,Normal Weekday,00:00–04:00,0,0.1037037037037037,0.1037037037037037
Darebin,Normal Weekday,04:00–08:00,1.3454663633409165,0.6548586285342867,2.0003249918752033
Darebin,Normal Weekday,08:00–12:00,2.892929292929293,1.261952861952862,4.154882154882155
Darebin,Normal Weekday,12:00–16:00,2.7387318563789154,1.2776928953399542,4.016424751718869
Darebin,Normal Weekday,16:00–20:00,1.014823261117446,2.937571265678449,3.952394526795895
Darebin,Normal Weekday,20:00–00:00,0.1166576234400434,1.0119370591427022,1.1285946825827455
Darebin,Normal Weekend,00:00–04:00,0.01757469244288225,0.210896309314587,0.22847100175746926
Darebin,Normal Weekend,04:00–08:00,0.03759398496240601,0,0.03759398496240601
Darebin,Normal Weekend,08:00–12:00,2.010204081632653,0.14285714285714285,2.1530612244897958
Darebin,Normal Weekend,12:00–16:00,1.7436340094950367,0.7423392317652137,2.4859732412602504
Darebin,Normal Weekend,16:00–20:00,1.0648148148148149,1.8181818181818181,2.8829966329966332
Darebin,Normal Weekend,20:00–00:00,0.19987105093488072,1.0509348807221148,1.2508059316569955
Darebin,Public Holiday,00:00–04:00,0,0.35714285714285715,0.35714285714285715
Darebin,Public Holiday,04:00–08:00,0,0,0
Darebin,Public Holiday,08:00–12:00,1.74496644295302,0.03355704697986577,1.778523489932886
Darebin,Public Holiday,12:00–16:00,1.4545454545454546,0.8787878787878788,2.3333333333333335
Darebin,Public Holiday,16:00–20:00,0.5015673981191222,1.598746081504702,2.100313479623824
Darebin,Public Holiday,20:00–00:00,0.04807692307692308,0.4326923076923077,0.4807692307692308
Darebin,School Holiday,00:00–04:00,0,0.26666666666666666,0.26666666666666666
Darebin,School Holiday,04:00–08:00,0.7572540693559802,0.08492569002123142,0.8421797593772116
Darebin,School Holiday,08:00–12:00,2.118544600938967,0.035211267605633804,2.153755868544601
Darebin,School Holiday,12:00–16:00,0.7379134860050891,1.0008481764206956,1.7387616624257847
Darebin,School Holiday,16:00–20:00,0.44654088050314467,2,2.4465408805031448
Darebin,School Holiday,20:00–00:00,0.05012531328320802,0.8771929824561403,0.9273182957393483
Ivanhoe,Normal Weekday,00:00–04:00,0.1925925925925926,2.725925925925926,2.9185185185185185
Ivanhoe,Normal Weekday,04:00–08:00,17.939698492462313,3.3269287614543304,21.266627253916642
Ivanhoe,Normal Weekday,08:00–12:00,16.2390243902439,8.696341463414635,24.93536585365854
Ivanhoe,Normal Weekday,12:00–16:00,13.185185185185185,13.345679012345679,26.530864197530864
Ivanhoe,Normal Weekday,16:00–20:00,8.387883008356546,24.606545961002787,32.99442896935933
Ivanhoe,Normal Weekday,20:00–00:00,1.4716263915286452,9.245180559326636,10.71680695085528
Ivanhoe,Normal Weekend,00:00–04:00,0.1054481546572935,3.233743409490334,3.3391915641476277
Ivanhoe,Normal Weekend,04:00–08:00,1.0244360902255638,0.37593984962406013,1.4003759398496238
Ivanhoe,Normal Weekend,08:00–12:00,13.311224489795919,5.336734693877551,18.64795918367347
Ivanhoe,Normal Weekend,12:00–16:00,14.328873543375053,9.214501510574019,23.54337505394907
Ivanhoe,Normal Weekend,16:00–20:00,9.515993265993266,13.472222222222221,22.988215488215488
Ivanhoe,Normal Weekend,20:00–00:00,2.1534493874919405,9.464861379754996,11.618310767246937
Ivanhoe,Public Holiday,00:00–04:00,0,1.25,1.25
Ivanhoe,Public Holiday,04:00–08:00,0.9629629629629629,0.07407407407407407,1.037037037037037
Ivanhoe,Public Holiday,08:00–12:00,10.536912751677852,2.5503355704697985,13.08724832214765
Ivanhoe,Public Holiday,12:00–16:00,11.363636363636363,7.7272727272727275,19.09090909090909
Ivanhoe,Public Holiday,16:00–20:00,4.245283018867925,11.69811320754717,15.943396226415095
Ivanhoe,Public Holiday,20:00–00:00,0.8653846153846154,5.576923076923077,6.442307692307692
Ivanhoe,School Holiday,00:00–04:00,0.13333333333333333,3.466666666666667,3.6
Ivanhoe,School Holiday,04:00–08:00,12.355212355212355,0.8108108108108109,13.166023166023166
Ivanhoe,School Holiday,08:00–12:00,13.36870026525199,4.355437665782493,17.724137931034484
Ivanhoe,School Holiday,12:00–16:00,8.518518518518519,11.473601260835304,19.99211977935382
Ivanhoe,School Holiday,16:00–20:00,6.32172131147541,20.517418032786885,26.839139344262296
Ivanhoe,School Holiday,20:00–00:00,1.0651629072681705,8.847117794486216,9.912280701754387
Eaglemont,Normal Weekday,00:00–04:00,0,0.3111111111111111,0.3111111111111111
Eaglemont,Normal Weekday,04:00–08:00,2.169763937719739,0,2.169763937719739
Eaglemont,Normal Weekday,08:00–12:00,4.280268174050217,0.049953989746286315,4.3302221637965035
Eaglemont,Normal Weekday,12:00–16:00,0.760122230710466,2.070282658517953,2.8304048892284186
Eaglemont,Normal Weekday,16:00–20:00,0.6425416726029349,4.034762786721755,4.67730445932469
Eaglemont,Normal Weekday,20:00–00:00,0.013575889220743959,1.683410263372251,1.696986152592995
Eaglemont,Normal Weekend,00:00–04:00,0.017543859649122806,0.2982456140350877,0.3157894736842105
Eaglemont,Normal Weekend,04:00–08:00,0.02819548872180451,0,0.02819548872180451
Eaglemont,Normal Weekend,08:00–12:00,2.5255102040816326,0.22448979591836735,2.75
Eaglemont,Normal Weekend,12:00–16:00,2.766508416055244,1.1437203280103583,3.910228744065602
Eaglemont,Normal Weekend,16:00–20:00,1.5423514538558787,2.8150021070375053,4.357353560893384
Eaglemont,Normal Weekend,20:00–00:00,0.0901481004507405,1.828718609143593,1.9188667095943335
Eaglemont,Public Holiday,00:00–04:00,0,0,0
Eaglemont,Public Holiday,04:00–08:00,0,0,0
Eaglemont,Public Holiday,08:00–12:00,2.1140939597315436,0.16778523489932887,2.2818791946308723
Eaglemont,Public Holiday,12:00–16:00,2.3636363636363638,1.0909090909090908,3.4545454545454546
Eaglemont,Public Holiday,16:00–20:00,0.4702194357366771,2.3510971786833856,2.8213166144200628
Eaglemont,Public Holiday,20:00–00:00,0.19138755980861244,0.7177033492822966,0.9090909090909091
Eaglemont,School Holiday,00:00–04:00,0,0.4666666666666667,0.4666666666666667
Eaglemont,School Holiday,04:00–08:00,1.2262773722627738,0,1.2262773722627738
Eaglemont,School Holiday,08:00–12:00,3.5145964510589582,0.08013737836290784,3.594733829421866
Eaglemont,School Holiday,12:00–16:00,1.1365564037319762,1.993214588634436,3.129770992366412
Eaglemont,School Holiday,16:00–20:00,0.5723270440251572,3.157232704402516,3.7295597484276732
Eaglemont,School Holiday,20:00–00:00,0.03759398496240601,1.6666666666666667,1.7042606516290728
Heidelberg,Normal Weekday,00:00–04:00,0.23006134969325154,5.7975460122699385,6.02760736196319
Heidelberg,Normal Weekday,04:00–08:00,12.886330935251799,13.93093525179856,26.817266187050357
Heidelberg,Normal Weekday,08:00–12:00,14.832460095040819,21.42317533812599,36.25563543316681
Heidelberg,Normal Weekday,12:00–16:00,23.215422709586132,15.935620799434028,39.15104350902016
Heidelberg,Normal Weekday,16:00–20:00,15.187640582455309,18.288149638925063,33.47579022138037
Heidelberg,Normal Weekday,20:00–00:00,3.3933853186340412,11.715514923366497,15.108900242000537
Heidelberg,Normal Weekend,00:00–04:00,0.3119266055045872,5.944954128440367,6.256880733944954
Heidelberg,Normal Weekend,04:00–08:00,3.689655172413793,2.7241379310344827,6.413793103448276
Heidelberg,Normal Weekend,08:00–12:00,15.042394014962593,9.556109725685786,24.59850374064838
Heidelberg,Normal Weekend,12:00–16:00,16.363636363636363,12.883720930232558,29.247357293868923
Heidelberg,Normal Weekend,16:00–20:00,11.668046357615895,14.97930463576159,26.647350993377486
Heidelberg,Normal Weekend,20:00–00:00,4.593023255813954,12.390180878552972,16.983204134366925
Heidelberg,Public Holiday,00:00–04:00,0,1.5384615384615385,1.5384615384615385
Heidelberg,Public Holiday,04:00–08:00,2.027027027027027,2.4324324324324325,4.45945945945946
Heidelberg,Public Holiday,08:00–12:00,8.221476510067115,5.3355704697986575,13.557046979865772
Heidelberg,Public Holiday,12:00–16:00,9.090909090909092,7.2727272727272725,16.363636363636363
Heidelberg,Public Holiday,16:00–20:00,4.8286604361370715,8.69158878504673,13.5202492211838
Heidelberg,Public Holiday,20:00–00:00,1.8,5.45,7.25
Heidelberg,School Holiday,00:00–04:00,0.2777777777777778,4.166666666666667,4.444444444444445
Heidelberg,School Holiday,04:00–08:00,7.025862068965517,10.092364532019705,17.11822660098522
Heidelberg,School Holiday,08:00–12:00,9.797086368366285,15.58792924037461,25.385015608740893
Heidelberg,School Holiday,12:00–16:00,13.796296296296296,12.623456790123457,26.419753086419753
Heidelberg,School Holiday,16:00–20:00,12.682425488180884,12.24563206577595,24.928057553956833
Heidelberg,School Holiday,20:00–00:00,2.902055622732769,7.593712212817413,10.495767835550183
Rosanna,Normal Weekday,00:00–04:00,0,3.9958592132505175,3.9958592132505175
Rosanna,Normal Weekday,04:00–08:00,21.93843725335438,0.31570639305445936,22.25414364640884
Rosanna,Normal Weekday,08:00–12:00,16.61466666666667,2.464,19.078666666666667
Rosanna,Normal Weekday,12:00–16:00,6.055856941932891,12.58991360257183,18.64577054450472
Rosanna,Normal Weekday,16:00–20:00,4.36365943408197,23.60867910163685,27.97233853571882
Rosanna,Normal Weekday,20:00–00:00,0.5808325266214908,9.958050984188448,10.538883510809939
Rosanna,Normal Weekend,00:00–04:00,0.024213075060532687,3.8983050847457625,3.922518159806295
Rosanna,Normal Weekend,04:00–08:00,2.451403887688985,0.05399568034557235,2.5053995680345573
Rosanna,Normal Weekend,08:00–12:00,14.197452229299364,2.4968152866242037,16.694267515923567
Rosanna,Normal Weekend,12:00–16:00,11.543010752688172,6.645161290322581,18.188172043010752
Rosanna,Normal Weekend,16:00–20:00,7.582590456213949,11.77766124803356,19.36025170424751
Rosanna,Normal Weekend,20:00–00:00,1.0928512736236649,10.67378800328677,11.766639276910436
Rosanna,Public Holiday,00:00–04:00,0,1.9230769230769231,1.9230769230769231
Rosanna,Public Holiday,04:00–08:00,3.108108108108108,0,3.108108108108108
Rosanna,Public Holiday,08:00–12:00,12.449664429530202,1.8791946308724832,14.328859060402685
Rosanna,Public Holiday,12:00–16:00,10,7.303030303030303,17.303030303030305
Rosanna,Public Holiday,16:00–20:00,4.26791277258567,11.30841121495327,15.576323987538942
Rosanna,Public Holiday,20:00–00:00,0.65,7,7.65
Rosanna,School Holiday,00:00–04:00,0.07407407407407407,4.296296296296297,4.370370370370371
Rosanna,School Holiday,04:00–08:00,15.268022181146026,0.18484288354898337,15.45286506469501
Rosanna,School Holiday,08:00–12:00,14.674986999479978,1.8044721788871554,16.479459178367133
Rosanna,School Holiday,12:00–16:00,6.826923076923077,9.871794871794872,16.69871794871795
Rosanna,School Holiday,16:00–20:00,4.146586345381526,19.046184738955823,23.19277108433735
Rosanna,School Holiday,20:00–00:00,0.558252427184466,9.138349514563107,9.696601941747574
Moorabbin,Normal Weekday,00:00–04:00,0.5664739884393064,3.052023121387283,3.6184971098265892
Moorabbin,Normal Weekday,04:00–08:00,7.856157031130195,5.493022542554823,13.349179573685017
Moorabbin,Normal Weekday,08:00–12:00,7.381535602669144,8.458484669313286,15.84002027198243
Moorabbin,Normal Weekday,12:00–16:00,7.066167290886392,8.116937161880982,15.183104452767374
Moorabbin,Normal Weekday,16:00–20:00,8.699565815948322,11.151117229693954,19.850683045642278
Moorabbin,Normal Weekday,20:00–00:00,2.1951710261569417,6.040241448692153,8.235412474849095
Moorabbin,Normal Weekend,00:00–04:00,0.49504950495049505,3.650990099009901,4.146039603960396
Moorabbin,Normal Weekend,04:00–08:00,2.057057057057057,2.0720720720720722,4.129129129129129
Moorabbin,Normal Weekend,08:00–12:00,8.004681100058514,6.875365710942072,14.880046811000586
Moorabbin,Normal Weekend,12:00–16:00,6.466,6.812,13.278
Moorabbin,Normal Weekend,16:00–20:00,5.958180642379824,7.357189049364087,13.31536969174391
Moorabbin,Normal Weekend,20:00–00:00,3.0561508786969567,7.351050150021432,10.407201028718388
Moorabbin,Public Holiday,00:00–04:00,0.13513513513513514,1.4864864864864864,1.6216216216216215
Moorabbin,Public Holiday,04:00–08:00,1.1290322580645162,0.4838709677419355,1.6129032258064517
Moorabbin,Public Holiday,08:00–12:00,5.976744186046512,2.604651162790698,8.581395348837209
Moorabbin,Public Holiday,12:00–16:00,4.308681672025723,3.8906752411575565,8.19935691318328
Moorabbin,Public Holiday,16:00–20:00,2.302158273381295,7.553956834532374,9.85611510791367
Moorabbin,Public Holiday,20:00–00:00,1.6,5.266666666666667,6.866666666666667
Moorabbin,School Holiday,00:00–04:00,0.4411764705882353,2.156862745098039,2.598039215686274
Moorabbin,School Holiday,04:00–08:00,5.352393617021277,3.9361702127659575,9.288563829787234
Moorabbin,School Holiday,08:00–12:00,6.700955180014695,6.851579720793534,13.55253490080823
Moorabbin,School Holiday,12:00–16:00,6.260751471253961,6.767768220914441,13.028519692168402
Moorabbin,School Holiday,16:00–20:00,7.271901951883795,9.459827507943713,16.731729459827505
Moorabbin,School Holiday,20:00–00:00,1.595298068849706,5.163727959697733,6.759026028547439
Patterson,Normal Weekday,00:00–04:00,0,1.1267605633802817,1.1267605633802817
Patterson,Normal Weekday,04:00–08:00,7.349665924276169,0.6474705695195673,7.997136493795736
Patterson,Normal Weekday,08:00–12:00,5.113089290580434,1.642292669633936,6.75538196021437
Patterson,Normal Weekday,12:00–16:00,2.8122536321657843,3.084806847617975,5.897060479783759
Patterson,Normal Weekday,16:00–20:00,1.5193181818181818,8.304545454545455,9.823863636363637
Patterson,Normal Weekday,20:00–00:00,0.07053118800969804,2.8807582102711042,2.951289398280802
Patterson,Normal Weekend,00:00–04:00,0,1.1675824175824177,1.1675824175824177
Patterson,Normal Weekend,04:00–08:00,0.36909871244635195,0.02575107296137339,0.39484978540772536
Patterson,Normal Weekend,08:00–12:00,3.5463365674138507,0.6189360990297759,4.165272666443626
Patterson,Normal Weekend,12:00–16:00,2.454237288135593,1.4779661016949153,3.9322033898305087
Patterson,Normal Weekend,16:00–20:00,1.6785101690762068,3.1413869149718208,4.819897084048027
Patterson,Normal Weekend,20:00–00:00,0.25765678172095285,3.573164803111327,3.8308215848322797
Patterson,Public Holiday,00:00–04:00,0,0.704225352112676,0.704225352112676
Patterson,Public Holiday,04:00–08:00,0.21505376344086022,0,0.21505376344086022
Patterson,Public Holiday,08:00–12:00,3.0232558139534884,0.18604651162790697,3.2093023255813953
Patterson,Public Holiday,12:00–16:00,2.1864951768488745,1.1254019292604502,3.311897106109325
Patterson,Public Holiday,16:00–20:00,0.7913669064748201,2.8597122302158273,3.6510791366906474
Patterson,Public Holiday,20:00–00:00,0.10676156583629894,2.099644128113879,2.206405693950178
Patterson,School Holiday,00:00–04:00,0.055248618784530384,1.4917127071823204,1.5469613259668509
Patterson,School Holiday,04:00–08:00,4.689950106913757,0.04989308624376337,4.73984319315752
Patterson,School Holiday,08:00–12:00,4.111922141119221,0.170316301703163,4.282238442822384
Patterson,School Holiday,12:00–16:00,1.2102874432677762,2.2188603126575894,3.4291477559253654
Patterson,School Holiday,16:00–20:00,1.4364640883977902,6.649924660974385,8.086388749372174
Patterson,School Holiday,20:00–00:00,0.11310084825636192,3.0442978322337417,3.1573986804901035
Bentleigh,Normal Weekday,00:00–04:00,0.11523687580025609,2.317541613316261,2.4327784891165174
Bentleigh,Normal Weekday,04:00–08:00,9.839478703115066,0.5801017164653528,10.41958041958042
Bentleigh,Normal Weekday,08:00–12:00,9.242713157177882,2.798510850812676,12.041224007990557
Bentleigh,Normal Weekday,12:00–16:00,6.915445321307779,7.792559188275084,14.708004509582864
Bentleigh,Normal Weekday,16:00–20:00,6.555681818181818,15.070454545454545,21.626136363636363
Bentleigh,Normal Weekday,20:00–00:00,2.003526559400485,6.253030636984792,8.256557196385277
Bentleigh,Normal Weekend,00:00–04:00,0.27472527472527475,2.802197802197802,3.0769230769230766
Bentleigh,Normal Weekend,04:00–08:00,2.0858369098712446,0.5836909871244635,2.6695278969957084
Bentleigh,Normal Weekend,08:00–12:00,9.776741086304565,4.721759413528824,14.498500499833389
Bentleigh,Normal Weekend,12:00–16:00,8.528813559322034,4.96271186440678,13.491525423728813
Bentleigh,Normal Weekend,16:00–20:00,5.900712705824527,7.08282133202261,12.983534037847138
Bentleigh,Normal Weekend,20:00–00:00,3.1307729703451628,6.995624696159456,10.12639766650462
Bentleigh,Public Holiday,00:00–04:00,0,1.408450704225352,1.408450704225352
Bentleigh,Public Holiday,04:00–08:00,1.2365591397849462,0.26881720430107525,1.5053763440860215
Bentleigh,Public Holiday,08:00–12:00,7.767441860465116,2.2093023255813953,9.976744186046512
Bentleigh,Public Holiday,12:00–16:00,6.302250803858521,3.536977491961415,9.839228295819936
Bentleigh,Public Holiday,16:00–20:00,3.093525179856115,6.510791366906475,9.60431654676259
Bentleigh,Public Holiday,20:00–00:00,1.9217081850533808,5.2313167259786475,7.153024911032029
Bentleigh,School Holiday,00:00–04:00,0.11049723756906077,3.2044198895027622,3.314917127071823
Bentleigh,School Holiday,04:00–08:00,6.7854597291518175,0.33499643620812547,7.120456165359943
Bentleigh,School Holiday,08:00–12:00,8.67802108678021,2.4452554744525545,11.123276561232766
Bentleigh,School Holiday,12:00–16:00,7.856782652546647,6.70196671709531,14.558749369641957
Bentleigh,School Holiday,16:00–20:00,6.1878453038674035,13.003515821195379,19.191361125062784
Bentleigh,School Holiday,20:00–00:00,1.9604147031102734,6.361922714420358,8.322337417530631
Mckinnon,Normal Weekday,00:00–04:00,0,1.1093247588424437,1.1093247588424437
Mckinnon,Normal Weekday,04:00–08:00,7.670906200317965,0.30842607313195547,7.979332273449921
Mckinnon,Normal Weekday,08:00–12:00,6.982296867907399,0.8034498411257376,7.785746709033137
Mckinnon,Normal Weekday,12:00–16:00,2.531003382187148,3.8162344983089063,6.3472378804960545
Mckinnon,Normal Weekday,16:00–20:00,2.3477272727272727,10.245454545454546,12.593181818181819
Mckinnon,Normal Weekday,20:00–00:00,0.21081771720613288,4.550681431005111,4.761499148211244
Mckinnon,Normal Weekend,00:00–04:00,0.013736263736263736,1.7445054945054945,1.7582417582417582
Mckinnon,Normal Weekend,04:00–08:00,1.0472103004291846,0.06866952789699571,1.1158798283261804
Mckinnon,Normal Weekend,08:00–12:00,5.461512829056981,1.3228923692102632,6.784405198267244
Mckinnon,Normal Weekend,12:00–16:00,3.6994350282485877,2.8045197740112995,6.503954802259887
Mckinnon,Normal Weekend,16:00–20:00,2.4661912957954266,4.883206294566019,7.349397590361446
Mckinnon,Normal Weekend,20:00–00:00,0.6945118989800875,5.225837785332685,5.9203496843127725
Mckinnon,Public Holiday,00:00–04:00,0,0.704225352112676,0.704225352112676
Mckinnon,Public Holiday,04:00–08:00,0.8064516129032258,0.16129032258064516,0.9677419354838709
Mckinnon,Public Holiday,08:00–12:00,5.325581395348837,0.9534883720930233,6.27906976744186
Mckinnon,Public Holiday,12:00–16:00,3.3762057877813505,2.347266881028939,5.72347266881029
Mckinnon,Public Holiday,16:00–20:00,1.2589928057553956,4.586330935251799,5.845323741007195
Mckinnon,Public Holiday,20:00–00:00,0.2846975088967972,4.0213523131672595,4.306049822064057
Mckinnon,School Holiday,00:00–04:00,0.07194244604316546,1.7266187050359711,1.7985611510791366
Mckinnon,School Holiday,04:00–08:00,5.124732715609408,0.05702066999287242,5.18175338560228
Mckinnon,School Holiday,08:00–12:00,5.9489051094890515,0.45417680454176806,6.403081914030819
Mckinnon,School Holiday,12:00–16:00,2.768532526475038,3.292990418557741,6.061522945032779
Mckinnon,School Holiday,16:00–20:00,2.2451029633350075,8.73932697137117,10.984429934706178
Mckinnon,School Holiday,20:00–00:00,0.2629193109700816,4.56935630099728,4.832275611967362
Ormond,Normal Weekday,00:00–04:00,0.015748031496062992,2.645669291338583,2.661417322834646
Ormond,Normal Weekday,04:00–08:00,8.897550111358575,1.4094813872096723,10.307031498568247
Ormond,Normal Weekday,08:00–12:00,10.302976137277684,3.143265707391188,13.446241844668872
Ormond,Normal Weekday,12:00–16:00,5.646740965889902,7.101204548013059,12.74794551390296
Ormond,Normal Weekday,16:00–20:00,4.452778724855097,14.828957836117741,19.28173656097284
Ormond,Normal Weekday,20:00–00:00,0.7887136191957342,7.29393468118196,8.082648300377695
Ormond,Normal Weekend,00:00–04:00,0.15089163237311384,3.7448559670781894,3.8957475994513033
Ormond,Normal Weekend,04:00–08:00,2.7250206440957885,0.6358381502890174,3.360858794384806
Ormond,Normal Weekend,08:00–12:00,9.227467811158798,3.321228128095081,12.548695939253879
Ormond,Normal Weekend,12:00–16:00,6.219209039548023,5.215819209039548,11.435028248587571
Ormond,Normal Weekend,16:00–20:00,4.439989977449261,7.797544475068905,12.237534452518165
Ormond,Normal Weekend,20:00–00:00,1.7184466019417475,8.655339805825243,10.37378640776699
Ormond,Public Holiday,00:00–04:00,0,2.2535211267605635,2.2535211267605635
Ormond,Public Holiday,04:00–08:00,1.683673469387755,0.30612244897959184,1.989795918367347
Ormond,Public Holiday,08:00–12:00,7.638888888888889,2.1064814814814814,9.74537037037037
Ormond,Public Holiday,12:00–16:00,5.4106280193236715,3.9452495974235107,9.355877616747183
Ormond,Public Holiday,16:00–20:00,2.6788990825688073,6.623853211009174,9.302752293577981
Ormond,Public Holiday,20:00–00:00,1.103202846975089,6.690391459074733,7.793594306049822
Ormond,School Holiday,00:00–04:00,0,3.0215827338129495,3.0215827338129495
Ormond,School Holiday,04:00–08:00,6.505338078291815,0.5124555160142349,7.01779359430605
Ormond,School Holiday,08:00–12:00,9.28942115768463,2.0479041916167664,11.337325349301397
Ormond,School Holiday,12:00–16:00,4.979838709677419,6.320564516129032,11.300403225806452
Ormond,School Holiday,16:00–20:00,4.0783525866398795,12.682069311903566,16.760421898543445
Ormond,School Holiday,20:00–00:00,0.6597549481621112,7.813383600377003,8.473138548539115
Glenhuntly,Normal Weekday,00:00–04:00,0.04636785162287481,2.8438948995363216,2.8902627511591965
Glenhuntly,Normal Weekday,04:00–08:00,10.031776294884017,2.6739752144899906,12.705751509374007
Glenhuntly,Normal Weekday,08:00–12:00,11.445848867873057,5.489679003364554,16.93552787123761
Glenhuntly,Normal Weekday,12:00–16:00,6.512151215121512,8.229072907290728,14.741224122412241
Glenhuntly,Normal Weekday,16:00–20:00,6.2488636363636365,17.055681818181817,23.304545454545455
Glenhuntly,Normal Weekday,20:00–00:00,1.0492505353319057,8.408993576017131,9.458244111349037
Glenhuntly,Normal Weekend,00:00–04:00,0.10736196319018405,3.1595092024539877,3.266871165644172
Glenhuntly,Normal Weekend,04:00–08:00,3.04,0.4444444444444444,3.4844444444444447
Glenhuntly,Normal Weekend,08:00–12:00,10.961475139940731,5.363845900559763,16.325321040500494
Glenhuntly,Normal Weekend,12:00–16:00,7.9589072025287875,8.02438473696094,15.983291939489728
Glenhuntly,Normal Weekend,16:00–20:00,5.572763028515241,10.255653883972467,15.828416912487707
Glenhuntly,Normal Weekend,20:00–00:00,1.8126463700234192,9.793911007025761,11.60655737704918
Glenhuntly,Public Holiday,00:00–04:00,0,2.8813559322033897,2.8813559322033897
Glenhuntly,Public Holiday,04:00–08:00,1.9672131147540983,0.6010928961748634,2.5683060109289615
Glenhuntly,Public Holiday,08:00–12:00,8.591224018475751,3.695150115473441,12.286374133949192
Glenhuntly,Public Holiday,12:00–16:00,6.634460547504026,6.119162640901771,12.753623188405797
Glenhuntly,Public Holiday,16:00–20:00,3.9676840215439855,8.312387791741472,12.280071813285456
Glenhuntly,Public Holiday,20:00–00:00,1.7064846416382253,7.918088737201365,9.62457337883959
Glenhuntly,School Holiday,00:00–04:00,0.07194244604316546,3.4532374100719423,3.5251798561151078
Glenhuntly,School Holiday,04:00–08:00,8.092526690391459,1.6156583629893237,9.708185053380783
Glenhuntly,School Holiday,08:00–12:00,10.044642857142858,4.066558441558442,14.1112012987013
Glenhuntly,School Holiday,12:00–16:00,6.172465960665658,7.7155824508320725,13.888048411497731
Glenhuntly,School Holiday,16:00–20:00,5.580110497237569,15.062782521346056,20.642893018583624
Glenhuntly,School Holiday,20:00–00:00,1.069809610154125,8.313689936536719,9.383499546690844
Caulfield,Normal Weekday,00:00–04:00,3.8,8.028571428571428,11.82857142857143
Caulfield,Normal Weekday,04:00–08:00,15.729191090269637,14.519929660023447,30.249120750293084
Caulfield,Normal Weekday,08:00–12:00,22.06181141794248,24.037415939333236,46.099227357275716
Caulfield,Normal Weekday,12:00–16:00,24.17466461636354,25.57346624953603,49.74813086589957
Caulfield,Normal Weekday,16:00–20:00,26.05088578967207,25.897474557105163,51.948360346777235
Caulfield,Normal Weekday,20:00–00:00,15.198041068820345,19.64515851877309,34.84319958759343
Caulfield,Normal Weekend,00:00–04:00,2.731201382886776,9.006050129645635,11.73725151253241
Caulfield,Normal Weekend,04:00–08:00,8.651685393258427,6.795505617977528,15.447191011235955
Caulfield,Normal Weekend,08:00–12:00,29.61294990052451,23.789111955145597,53.402061855670105
Caulfield,Normal Weekend,12:00–16:00,26.567684539552776,21.984852127915364,48.55253666746814
Caulfield,Normal Weekend,16:00–20:00,29.04151648645041,25.26231477773328,54.303831264183685
Caulfield,Normal Weekend,20:00–00:00,18.674367436743676,29.485698569856986,48.16006600660066
Caulfield,Public Holiday,00:00–04:00,1.0476190476190477,4.571428571428571,5.619047619047619
Caulfield,Public Holiday,04:00–08:00,5.068493150684931,4.986301369863014,10.054794520547945
Caulfield,Public Holiday,08:00–12:00,17.391304347826086,16.99177438307873,34.38307873090481
Caulfield,Public Holiday,12:00–16:00,17.42605915267786,16.402877697841728,33.82893685051958
Caulfield,Public Holiday,16:00–20:00,17.418181818181818,17.381818181818183,34.8
Caulfield,Public Holiday,20:00–00:00,12.50996015936255,16.733067729083665,29.243027888446214
Caulfield,School Holiday,00:00–04:00,2.807017543859649,8.56140350877193,11.368421052631579
Caulfield,School Holiday,04:00–08:00,12.637926610212984,11.180395175776239,23.818321785989223
Caulfield,School Holiday,08:00–12:00,18.688524590163933,17.46374527112232,36.15226986128626
Caulfield,School Holiday,12:00–16:00,19.374120956399437,19.585091420534457,38.95921237693389
Caulfield,School Holiday,16:00–20:00,20.400916380297822,22.42677139584356,42.82768777614138
Caulfield,School Holiday,20:00–00:00,11.93865959863688,17.909882620219612,29.848542218856494
Malvern,Normal Weekday,00:00–04:00,0.06299212598425197,0.7401574803149606,0.8031496062992126
Malvern,Normal Weekday,04:00–08:00,5.797660367656511,7.036894202339632,12.834554569996143
Malvern,Normal Weekday,08:00–12:00,6.621352396577992,7.886440876596742,14.507793273174734
Malvern,Normal Weekday,12:00–16:00,6.3701923076923075,6.116909005628518,12.487101313320824
Malvern,Normal Weekday,16:00–20:00,11.93967415235579,11.944077498899164,23.883751651254954
Malvern,Normal Weekday,20:00–00:00,3.0534996828082046,5.001057305984352,8.054556988792557
Malvern,Normal Weekend,00:00–04:00,0.10221465076660988,1.1754684838160137,1.2776831345826236
Malvern,Normal Weekend,04:00–08:00,1.0008071025020178,3.260694108151735,4.261501210653753
Malvern,Normal Weekend,08:00–12:00,5.364864864864865,7.36936936936937,12.734234234234235
Malvern,Normal Weekend,12:00–16:00,6.080845771144278,6.095771144278607,12.176616915422885
Malvern,Normal Weekend,16:00–20:00,4.754578754578755,6.101098901098901,10.855677655677656
Malvern,Normal Weekend,20:00–00:00,3.1983805668016196,6.7026540710751235,9.901034637876743
Malvern,Public Holiday,00:00–04:00,0.17857142857142858,0.8928571428571429,1.0714285714285714
Malvern,Public Holiday,04:00–08:00,0.6989247311827957,2.2580645161290325,2.956989247311828
Malvern,Public Holiday,08:00–12:00,4.0059790732436475,4.708520179372197,8.714499252615845
Malvern,Public Holiday,12:00–16:00,4.884092725819345,4.468425259792166,9.352517985611511
Malvern,Public Holiday,16:00–20:00,2.407766990291262,4.728155339805825,7.135922330097087
Malvern,Public Holiday,20:00–00:00,2.218430034129693,4.505119453924915,6.7235494880546085
Malvern,School Holiday,00:00–04:00,0.078125,1.71875,1.796875
Malvern,School Holiday,04:00–08:00,4.284873454973514,6.085932901706887,10.3708063566804
Malvern,School Holiday,08:00–12:00,5.529318121517644,7.6227115945874235,13.152029716105067
Malvern,School Holiday,12:00–16:00,6.083788706739527,6.5990111891751235,12.68279989591465
Malvern,School Holiday,16:00–20:00,10.669014084507042,10.528169014084508,21.19718309859155
Malvern,School Holiday,20:00–00:00,3.4139534883720932,5.209302325581396,8.623255813953488
Armadale,Normal Weekday,00:00–04:00,0.031496062992125984,0.5984251968503937,0.6299212598425197
Armadale,Normal Weekday,04:00–08:00,5.435498353786292,2.9212810535767733,8.356779407363065
Armadale,Normal Weekday,08:00–12:00,8.597907059240866,6.239801347995743,14.837708407236608
Armadale,Normal Weekday,12:00–16:00,5.439482058597608,4.052452540327005,9.491934598924612
Armadale,Normal Weekday,16:00–20:00,7.274707635863334,10.760146755331347,18.03485439119468
Armadale,Normal Weekday,20:00–00:00,0.3076923076923077,3.6266666666666665,3.9343589743589744
Armadale,Normal Weekend,00:00–04:00,0.10309278350515463,0.7903780068728522,0.8934707903780068
Armadale,Normal Weekend,04:00–08:00,0.29055690072639223,1.0088781275221954,1.2994350282485876
Armadale,Normal Weekend,08:00–12:00,4.85550968561448,4.728485233407431,9.583994919021912
Armadale,Normal Weekend,12:00–16:00,5.61863488624052,3.913326110509209,9.53196099674973
Armadale,Normal Weekend,16:00–20:00,4.400656814449918,4.630541871921182,9.0311986863711
Armadale,Normal Weekend,20:00–00:00,0.5583070688878884,3.980189104007204,4.538496172895092
Armadale,Public Holiday,00:00–04:00,0,0.7142857142857143,0.7142857142857143
Armadale,Public Holiday,04:00–08:00,0.3763440860215054,0.3225806451612903,0.6989247311827957
Armadale,Public Holiday,08:00–12:00,4.849884526558891,2.7020785219399537,7.551963048498845
Armadale,Public Holiday,12:00–16:00,4.959742351046699,2.785829307568438,7.745571658615137
Armadale,Public Holiday,16:00–20:00,2.0930232558139537,4.186046511627907,6.279069767441861
Armadale,Public Holiday,20:00–00:00,0.1718213058419244,2.3024054982817868,2.474226804123711
Armadale,School Holiday,00:00–04:00,0.078125,1.484375,1.5625
Armadale,School Holiday,04:00–08:00,4.1931034482758625,1.910344827586207,6.103448275862069
Armadale,School Holiday,08:00–12:00,7.5,5.276872964169381,12.776872964169382
Armadale,School Holiday,12:00–16:00,4.21875,3.9868951612903225,8.205645161290322
Armadale,School Holiday,16:00–20:00,6.565285789197692,9.459884635553225,16.025170424750918
Armadale,School Holiday,20:00–00:00,0.27802690582959644,3.7309417040358746,4.008968609865471
Toorak,Normal Weekday,00:00–04:00,0,0.5039370078740157,0.5039370078740157
Toorak,Normal Weekday,04:00–08:00,4.6247191011235955,2.6187265917602995,7.2434456928838955
Toorak,Normal Weekday,08:00–12:00,7.927148138130016,3.743575872328915,11.670724010458931
Toorak,Normal Weekday,12:00–16:00,6.098738343390017,3.1958310477235328,9.29456939111355
Toorak,Normal Weekday,16:00–20:00,4.867594254937163,8.982271095152603,13.849865350089766
Toorak,Normal Weekday,20:00–00:00,0.22149302707136997,3.3736669401148482,3.595159967186218
Toorak,Normal Weekend,00:00–04:00,0.05154639175257732,0.6701030927835051,0.7216494845360825
Toorak,Normal Weekend,04:00–08:00,0.258272800645682,0.07263922518159806,0.33091202582728
Toorak,Normal Weekend,08:00–12:00,4.0616068593204195,1.4480787551603684,5.509685614480788
Toorak,Normal Weekend,12:00–16:00,4.300259965337955,2.5043327556325825,6.804592720970538
Toorak,Normal Weekend,16:00–20:00,2.7010550996483,4.039859320046894,6.740914419695194
Toorak,Normal Weekend,20:00–00:00,0.4508566275924256,3.678990081154193,4.129846708746618
Toorak,Public Holiday,00:00–04:00,0,0.8928571428571429,0.8928571428571429
Toorak,Public Holiday,04:00–08:00,0.21505376344086022,0.16129032258064516,0.3763440860215054
Toorak,Public Holiday,08:00–12:00,3.672055427251732,0.6235565819861432,4.295612009237876
Toorak,Public Holiday,12:00–16:00,4.702093397745571,1.7069243156199678,6.4090177133655395
Toorak,Public Holiday,16:00–20:00,1.1985688729874777,4.168157423971378,5.366726296958856
Toorak,Public Holiday,20:00–00:00,0.27491408934707906,1.8556701030927836,2.1305841924398625
Toorak,School Holiday,00:00–04:00,0,1.171875,1.171875
Toorak,School Holiday,04:00–08:00,3.3517241379310345,0.6275862068965518,3.9793103448275864
Toorak,School Holiday,08:00–12:00,6.263963591228796,1.4687629292511377,7.732726520479934
Toorak,School Holiday,12:00–16:00,2.8470469459868752,2.614840989399293,5.4618879353861685
Toorak,School Holiday,16:00–20:00,3.4068753206772704,7.403796818881478,10.810672139558749
Toorak,School Holiday,20:00–00:00,0.2062780269058296,3.4618834080717487,3.6681614349775784
Hawksburn,Normal Weekday,00:00–04:00,0.14173228346456693,0.9921259842519685,1.1338582677165354
Hawksburn,Normal Weekday,04:00–08:00,5.226775557824121,1.6114919060813766,6.838267463905497
Hawksburn,Normal Weekday,08:00–12:00,8.523809523809524,4.641941391941392,13.165750915750916
Hawksburn,Normal Weekday,12:00–16:00,3.0424761277576557,3.7789485237624847,6.82142465152014
Hawksburn,Normal Weekday,16:00–20:00,5.658662477558348,10.015709156193896,15.674371633752244
Hawksburn,Normal Weekday,20:00–00:00,0.38390474235269967,4.346130158078424,4.730034900431123
Hawksburn,Normal Weekend,00:00–04:00,0.15463917525773196,1.3917525773195876,1.5463917525773194
Hawksburn,Normal Weekend,04:00–08:00,0.8071025020177562,0.3470540758676352,1.1541565778853915
Hawksburn,Normal Weekend,08:00–12:00,5.629559150015858,3.434823977164605,9.064383127180463
Hawksburn,Normal Weekend,12:00–16:00,5.120260021668472,4.28602383531961,9.406283856988082
Hawksburn,Normal Weekend,16:00–20:00,3.6338028169014085,5.68075117370892,9.314553990610328
Hawksburn,Normal Weekend,20:00–00:00,0.8243243243243243,5.018018018018018,5.842342342342342
Hawksburn,Public Holiday,00:00–04:00,0.35714285714285715,1.0714285714285714,1.4285714285714286
Hawksburn,Public Holiday,04:00–08:00,0.5376344086021505,0.3225806451612903,0.8602150537634408
Hawksburn,Public Holiday,08:00–12:00,4.89607390300231,1.5473441108545034,6.443418013856813
Hawksburn,Public Holiday,12:00–16:00,4.154589371980676,2.753623188405797,6.908212560386473
Hawksburn,Public Holiday,16:00–20:00,1.9499105545617172,4.221824686940966,6.171735241502684
Hawksburn,Public Holiday,20:00–00:00,0.3436426116838488,2.9896907216494846,3.3333333333333335
Hawksburn,School Holiday,00:00–04:00,0,1.640625,1.640625
Hawksburn,School Holiday,04:00–08:00,3.8873994638069704,1.3136729222520107,5.201072386058981
Hawksburn,School Holiday,08:00–12:00,7.355789473684211,4.168421052631579,11.52421052631579
Hawksburn,School Holiday,12:00–16:00,3.1701161029782936,3.81120646138314,6.981322564361434
Hawksburn,School Holiday,16:00–20:00,5.305284761416111,9.04566444330426,14.35094920472037
Hawksburn,School Holiday,20:00–00:00,0.6098654708520179,4.3408071748878925,4.95067264573991
Sandringham,Normal Weekday,00:00–04:00,0.1382488479262673,6.923963133640553,7.06221198156682
Sandringham,Normal Weekday,04:00–08:00,24.826048171275648,3.4522747546833186,28.278322925958967
Sandringham,Normal Weekday,08:00–12:00,19.713928794503435,8.156152404747033,27.870081199250468
Sandringham,Normal Weekday,12:00–16:00,9.336374948154292,14.277616480022122,23.613991428176412
Sandringham,Normal Weekday,16:00–20:00,9.328238133547869,21.770917135961383,31.099155269509254
Sandringham,Normal Weekday,20:00–00:00,2.6117042309213128,13.088177145116648,15.699881376037961
Sandringham,Normal Weekend,00:00–04:00,0.5725699067909454,9.414114513981358,9.986684420772304
Sandringham,Normal Weekend,04:00–08:00,3.6419753086419755,2.5308641975308643,6.17283950617284
Sandringham,Normal Weekend,08:00–12:00,20.757507844016136,11.116091438816674,31.87359928283281
Sandringham,Normal Weekend,12:00–16:00,24.56353591160221,19.8195211786372,44.383057090239404
Sandringham,Normal Weekend,16:00–20:00,21.22234312658687,24.19659049691694,45.41893362350381
Sandringham,Normal Weekend,20:00–00:00,6.168804302854778,16.193628465039303,22.36243276789408
Sandringham,Public Holiday,00:00–04:00,0.2857142857142857,3.2857142857142856,3.571428571428571
Sandringham,Public Holiday,04:00–08:00,2.8275862068965516,1.793103448275862,4.620689655172414
Sandringham,Public Holiday,08:00–12:00,17.040816326530614,11.360544217687075,28.401360544217688
Sandringham,Public Holiday,12:00–16:00,23.703703703703702,25,48.7037037037037
Sandringham,Public Holiday,16:00–20:00,17.05521472392638,22.63803680981595,39.69325153374233
Sandringham,Public Holiday,20:00–00:00,4.473684210526316,9.243421052631579,13.717105263157894
Sandringham,School Holiday,00:00–04:00,0.05555555555555555,6.777777777777778,6.833333333333333
Sandringham,School Holiday,04:00–08:00,16.41025641025641,3.0427350427350426,19.45299145299145
Sandringham,School Holiday,08:00–12:00,18.428824571766096,8.67690490253987,27.105729474305967
Sandringham,School Holiday,12:00–16:00,11.928104575163399,15.522875816993464,27.450980392156865
Sandringham,School Holiday,16:00–20:00,9.961315280464216,19.73404255319149,29.695357833655706
Sandringham,School Holiday,20:00–00:00,3.440453686200378,13.109640831758034,16.550094517958414
Hampton,Normal Weekday,00:00–04:00,0,2.9262672811059907,2.9262672811059907
Hampton,Normal Weekday,04:00–08:00,14.31935771632471,2.574487065120428,16.89384478144514
Hampton,Normal Weekday,08:00–12:00,14.582917082917083,5.207292707292707,19.79020979020979
Hampton,Normal Weekday,12:00–16:00,5.974295190713101,8.35682697622996,14.33112216694306
Hampton,Normal Weekday,16:00–20:00,5.367225962021501,15.00753541645735,20.37476137847885
Hampton,Normal Weekday,20:00–00:00,2.124331000411692,7.210786331823796,9.335117332235487
Hampton,Normal Weekend,00:00–04:00,0.13351134846461948,3.5113484646194926,3.644859813084112
Hampton,Normal Weekend,04:00–08:00,2.0458553791887124,1.5961199294532629,3.6419753086419755
Hampton,Normal Weekend,08:00–12:00,11.4489522960321,6.6919304502897905,18.140882746321893
Hampton,Normal Weekend,12:00–16:00,12.246777163904236,9.535911602209945,21.78268876611418
Hampton,Normal Weekend,16:00–20:00,9.486437613019891,12.553345388788427,22.039783001808317
Hampton,Normal Weekend,20:00–00:00,3.034597749062109,7.111296373488954,10.145894122551063
Hampton,Public Holiday,00:00–04:00,0,1.4285714285714286,1.4285714285714286
Hampton,Public Holiday,04:00–08:00,1.4482758620689655,0.896551724137931,2.344827586206897
Hampton,Public Holiday,08:00–12:00,10.4421768707483,5.782312925170068,16.224489795918366
Hampton,Public Holiday,12:00–16:00,11.728395061728396,9.567901234567902,21.296296296296298
Hampton,Public Holiday,16:00–20:00,6.574923547400612,11.070336391437309,17.64525993883792
Hampton,Public Holiday,20:00–00:00,1.716171617161716,4.785478547854786,6.5016501650165015
Hampton,School Holiday,00:00–04:00,0.05555555555555555,3.388888888888889,3.444444444444444
Hampton,School Holiday,04:00–08:00,10.085324232081911,1.424914675767918,11.510238907849828
Hampton,School Holiday,08:00–12:00,12.229450029568303,4.807806031933767,17.03725606150207
Hampton,School Holiday,12:00–16:00,6.982364467668191,7.955584585238406,14.937949052906596
Hampton,School Holiday,16:00–20:00,5.166747220879652,12.957950700821653,18.124697921701305
Hampton,School Holiday,20:00–00:00,2.2440944881889764,7.066929133858268,9.311023622047244
Brighton Beach,Normal Weekday,00:00–04:00,0.06912442396313365,1.923963133640553,1.9930875576036866
Brighton Beach,Normal Weekday,04:00–08:00,8.7921498661909,0.8599464763603925,9.652096342551292
Brighton Beach,Normal Weekday,08:00–12:00,9.11963036963037,3.562687312687313,12.682317682317683
Brighton Beach,Normal Weekday,12:00–16:00,5.1209398756047,8.507256392536283,13.628196268140982
Brighton Beach,Normal Weekday,16:00–20:00,4.90415171706817,9.614556637621732,14.518708354689903
Brighton Beach,Normal Weekday,20:00–00:00,0.9367588932806324,4.948616600790514,5.8853754940711465
Brighton Beach,Normal Weekend,00:00–04:00,0.303951367781155,2.613981762917933,2.917933130699088
Brighton Beach,Normal Weekend,04:00–08:00,0.7751277683134583,0.9880749574105622,1.7632027257240206
Brighton Beach,Normal Weekend,08:00–12:00,8.669703872437358,7.029612756264237,15.699316628701595
Brighton Beach,Normal Weekend,12:00–16:00,14.24521354933726,14.344624447717232,28.58983799705449
Brighton Beach,Normal Weekend,16:00–20:00,12.369753979739508,13.52026049204052,25.890014471780027
Brighton Beach,Normal Weekend,20:00–00:00,2.8702962369895917,6.77341873498799,9.643714971977582
Brighton Beach,Public Holiday,00:00–04:00,0.29850746268656714,0.8955223880597015,1.1940298507462686
Brighton Beach,Public Holiday,04:00–08:00,0.7913669064748201,0.4316546762589928,1.223021582733813
Brighton Beach,Public Holiday,08:00–12:00,6.862068965517241,7.931034482758621,14.793103448275861
Brighton Beach,Public Holiday,12:00–16:00,14.104938271604938,20.21604938271605,34.32098765432099
Brighton Beach,Public Holiday,16:00–20:00,12.7217125382263,13.700305810397554,26.42201834862385
Brighton Beach,Public Holiday,20:00–00:00,2.1835443037974684,2.9430379746835444,5.126582278481013
Brighton Beach,School Holiday,00:00–04:00,0.05555555555555555,2.5555555555555554,2.6111111111111107
Brighton Beach,School Holiday,04:00–08:00,5.887372013651877,1.0409556313993173,6.928327645051194
Brighton Beach,School Holiday,08:00–12:00,8.817966903073286,4.710401891252955,13.52836879432624
Brighton Beach,School Holiday,12:00–16:00,6.910516002612671,10.947093403004573,17.857609405617243
Brighton Beach,School Holiday,16:00–20:00,5.754437869822485,9.783037475345168,15.537475345167653
Brighton Beach,School Holiday,20:00–00:00,1.6177861873226111,5.468306527909177,7.086092715231788
Middle Brighton,Normal Weekday,00:00–04:00,0.10263929618768329,1.7595307917888563,1.8621700879765395
Middle Brighton,Normal Weekday,04:00–08:00,9.271909363545484,4.271909363545485,13.543818727090969
Middle Brighton,Normal Weekday,08:00–12:00,11.894493177387915,10.336257309941521,22.230750487329438
Middle Brighton,Normal Weekday,12:00–16:00,9.101379212284943,11.63088298023603,20.732262192520974
Middle Brighton,Normal Weekday,16:00–20:00,7.603238036684086,12.463367148273388,20.066605184957474
Middle Brighton,Normal Weekday,20:00–00:00,2.622950819672131,5.360274494853222,7.9832253145253524
Middle Brighton,Normal Weekend,00:00–04:00,0.19400352733686066,2.5749559082892417,2.7689594356261025
Middle Brighton,Normal Weekend,04:00–08:00,0.646481178396072,2.242225859247136,2.888707037643208
Middle Brighton,Normal Weekend,08:00–12:00,8.682205289108023,12.429403854773645,21.111609143881665
Middle Brighton,Normal Weekend,12:00–16:00,14.933726067746687,15.891016200294551,30.824742268041238
Middle Brighton,Normal Weekend,16:00–20:00,13.511062749365252,12.992383025027204,26.503445774392453
Middle Brighton,Normal Weekend,20:00–00:00,3.808764940239044,5.725099601593626,9.53386454183267
Middle Brighton,Public Holiday,00:00–04:00,0,1.1111111111111112,1.1111111111111112
Middle Brighton,Public Holiday,04:00–08:00,0.6711409395973155,1.4093959731543624,2.0805369127516777
Middle Brighton,Public Holiday,08:00–12:00,7.440273037542662,10.68259385665529,18.12286689419795
Middle Brighton,Public Holiday,12:00–16:00,16.38888888888889,17.962962962962962,34.35185185185185
Middle Brighton,Public Holiday,16:00–20:00,13.63914373088685,12.53822629969419,26.177370030581038
Middle Brighton,Public Holiday,20:00–00:00,2.5949367088607596,3.3227848101265822,5.917721518987342
Middle Brighton,School Holiday,00:00–04:00,0.07194244604316546,2.302158273381295,2.3741007194244603
Middle Brighton,School Holiday,04:00–08:00,5.450199203187251,3.2908366533864544,8.741035856573705
Middle Brighton,School Holiday,08:00–12:00,10.144258511252163,10.023081361800346,20.16733987305251
Middle Brighton,School Holiday,12:00–16:00,10.516778523489933,12.865771812080537,23.38255033557047
Middle Brighton,School Holiday,16:00–20:00,7.77120315581854,10.981262327416173,18.752465483234715
Middle Brighton,School Holiday,20:00–00:00,2.8688524590163933,5.500910746812386,8.369763205828779
North Brighton,Normal Weekday,00:00–04:00,0.1188707280832095,2.2288261515601784,2.347696879643388
North Brighton,Normal Weekday,04:00–08:00,10.826253539896719,2.6253539896718308,13.45160752956855
North Brighton,Normal Weekday,08:00–12:00,15.477699244455277,6.9376066292956375,22.415305873750913
North Brighton,Normal Weekday,12:00–16:00,7.6002274665908445,8.64373045208985,16.243957918680692
North Brighton,Normal Weekday,16:00–20:00,6.240393482938826,13.982990060457015,20.22338354339584
North Brighton,Normal Weekday,20:00–00:00,2.3824928639391056,6.542340627973359,8.924833491912464
North Brighton,Normal Weekend,00:00–04:00,0.24955436720142601,2.8163992869875223,3.0659536541889483
North Brighton,Normal Weekend,04:00–08:00,1.2009803921568627,1.0130718954248366,2.2140522875816995
North Brighton,Normal Weekend,08:00–12:00,10.44097995545657,5.799554565701559,16.24053452115813
North Brighton,Normal Weekend,12:00–16:00,13.079189686924494,9.955801104972375,23.034990791896867
North Brighton,Normal Weekend,16:00–20:00,9.692028985507246,12.898550724637682,22.59057971014493
North Brighton,Normal Weekend,20:00–00:00,3.3413461538461537,6.514423076923077,9.85576923076923
North Brighton,Public Holiday,00:00–04:00,0,1.2962962962962963,1.2962962962962963
North Brighton,Public Holiday,04:00–08:00,1.5436241610738255,0.5369127516778524,2.0805369127516777
North Brighton,Public Holiday,08:00–12:00,9.419795221843003,4.402730375426621,13.822525597269625
North Brighton,Public Holiday,12:00–16:00,12.561728395061728,9.104938271604938,21.666666666666664
North Brighton,Public Holiday,16:00–20:00,6.0244648318042815,12.568807339449542,18.593272171253822
North Brighton,Public Holiday,20:00–00:00,1.9303797468354431,3.9556962025316458,5.886075949367089
North Brighton,School Holiday,00:00–04:00,0.07194244604316546,2.661870503597122,2.7338129496402876
North Brighton,School Holiday,04:00–08:00,7.258964143426295,1.7609561752988048,9.019920318725099
North Brighton,School Holiday,08:00–12:00,12.844777841892672,5.187536064627813,18.032313906520486
North Brighton,School Holiday,12:00–16:00,6.778523489932886,7.959731543624161,14.738255033557047
North Brighton,School Holiday,16:00–20:00,5.6903353057199215,11.868836291913215,17.55917159763314
North Brighton,School Holiday,20:00–00:00,2.3679417122040074,6.63023679417122,8.998178506375227
Gardenvale,Normal Weekday,00:00–04:00,0.014925373134328358,1.835820895522388,1.8507462686567164
Gardenvale,Normal Weekday,04:00–08:00,7.088122605363985,3.001832417124771,10.089955022488756
Gardenvale,Normal Weekday,08:00–12:00,12.140153827371506,6.671957026004151,18.812110853375657
Gardenvale,Normal Weekday,12:00–16:00,6.388652482269504,6.187234042553191,12.575886524822696
Gardenvale,Normal Weekday,16:00–20:00,4.856527977044476,10.583111293297806,15.439639270342283
Gardenvale,Normal Weekday,20:00–00:00,0.7282753375166382,5.4516067693477845,6.179882106864422
Gardenvale,Normal Weekend,00:00–04:00,0.053475935828877004,2.5311942959001783,2.5846702317290555
Gardenvale,Normal Weekend,04:00–08:00,0.9395424836601307,0.9477124183006536,1.8872549019607843
Gardenvale,Normal Weekend,08:00–12:00,7.380846325167038,3.906458797327394,11.287305122494432
Gardenvale,Normal Weekend,12:00–16:00,9.98158379373849,6.07366482504604,16.055248618784532
Gardenvale,Normal Weekend,16:00–20:00,7.326086956521739,9.405797101449275,16.731884057971016
Gardenvale,Normal Weekend,20:00–00:00,1.1538461538461537,5.757211538461538,6.911057692307692
Gardenvale,Public Holiday,00:00–04:00,0,0.37037037037037035,0.37037037037037035
Gardenvale,Public Holiday,04:00–08:00,0.6711409395973155,0.2684563758389262,0.9395973154362416
Gardenvale,Public Holiday,08:00–12:00,6.7465753424657535,3.1164383561643834,9.863013698630137
Gardenvale,Public Holiday,12:00–16:00,9.320987654320987,5.246913580246914,14.567901234567902
Gardenvale,Public Holiday,16:00–20:00,4.373088685015291,8.899082568807339,13.27217125382263
Gardenvale,Public Holiday,20:00–00:00,0.6012658227848101,2.848101265822785,3.449367088607595
Gardenvale,School Holiday,00:00–04:00,0,2.391304347826087,2.391304347826087
Gardenvale,School Holiday,04:00–08:00,4.326693227091633,1.2589641434262948,5.585657370517928
Gardenvale,School Holiday,08:00–12:00,10.05787037037037,4.1030092592592595,14.16087962962963
Gardenvale,School Holiday,12:00–16:00,4.816053511705686,5.678929765886288,10.494983277591974
Gardenvale,School Holiday,16:00–20:00,4.211045364891519,8.609467455621301,12.820512820512821
Gardenvale,School Holiday,20:00–00:00,0.618744313011829,5.195632393084622,5.814376706096452
Elsternwick,Normal Weekday,00:00–04:00,0.11940298507462686,3.91044776119403,4.029850746268657
Elsternwick,Normal Weekday,04:00–08:00,17.05647176411794,4.670997834416125,21.727469598534064
Elsternwick,Normal Weekday,08:00–12:00,23.29671670938606,11.426827779812035,34.7235444891981
Elsternwick,Normal Weekday,12:00–16:00,10.850846468184471,13.514302393461763,24.365148861646233
Elsternwick,Normal Weekday,16:00–20:00,10.945347119645495,22.268833087149186,33.21418020679468
Elsternwick,Normal Weekday,20:00–00:00,3.6470811941433734,11.180832857957787,14.82791405210116
Elsternwick,Normal Weekend,00:00–04:00,0.37433155080213903,5.008912655971479,5.383244206773618
Elsternwick,Normal Weekend,04:00–08:00,2.6422764227642275,2.073170731707317,4.715447154471544
Elsternwick,Normal Weekend,08:00–12:00,15.516473731077472,10.427426536064115,25.943900267141586
Elsternwick,Normal Weekend,12:00–16:00,21.281767955801104,17.572744014732965,38.85451197053407
Elsternwick,Normal Weekend,16:00–20:00,16.605072463768117,21.278985507246375,37.88405797101449
Elsternwick,Normal Weekend,20:00–00:00,4.933920704845815,11.377653183820584,16.3115738886664
Elsternwick,Public Holiday,00:00–04:00,0,2.962962962962963,2.962962962962963
Elsternwick,Public Holiday,04:00–08:00,2.4832214765100673,1.4093959731543624,3.8926174496644297
Elsternwick,Public Holiday,08:00–12:00,13.561643835616438,7.602739726027397,21.164383561643834
Elsternwick,Public Holiday,12:00–16:00,19.47530864197531,14.907407407407407,34.382716049382715
Elsternwick,Public Holiday,16:00–20:00,10.581039755351682,19.327217125382262,29.908256880733944
Elsternwick,Public Holiday,20:00–00:00,3.132911392405063,7.468354430379747,10.60126582278481
Elsternwick,School Holiday,00:00–04:00,0.14492753623188406,4.7101449275362315,4.855072463768115
Elsternwick,School Holiday,04:00–08:00,12.294820717131474,3.768924302788845,16.06374501992032
Elsternwick,School Holiday,08:00–12:00,19.14351851851852,8.80787037037037,27.95138888888889
Elsternwick,School Holiday,12:00–16:00,10.83275980729525,12.601514108740536,23.434273916035785
Elsternwick,School Holiday,16:00–20:00,9.573661771672194,19.365229748934155,28.938891520606347
Elsternwick,School Holiday,20:00–00:00,3.912647861692448,10.636942675159236,14.549590536851685
Ripponlea,Normal Weekday,00:00–04:00,0.046511627906976744,2.7131782945736433,2.75968992248062
Ripponlea,Normal Weekday,04:00–08:00,11.392869043652116,1.2329223592135954,12.625791402865712
Ripponlea,Normal Weekday,08:00–12:00,16.22846670739157,4.734270006108735,20.962736713500306
Ripponlea,Normal Weekday,12:00–16:00,6.201164938201449,7.24676800681915,13.4479329450206
Ripponlea,Normal Weekday,16:00–20:00,5.168810289389068,13.438504823151126,18.607315112540192
Ripponlea,Normal Weekday,20:00–00:00,0.7807925043919578,7.5580714425141515,8.338863946906109
Ripponlea,Normal Weekend,00:00–04:00,0.037243947858473,3.277467411545624,3.314711359404097
Ripponlea,Normal Weekend,04:00–08:00,1.8265993265993266,0.10942760942760943,1.936026936026936
Ripponlea,Normal Weekend,08:00–12:00,10.385867038586705,3.914458391445839,14.300325430032544
Ripponlea,Normal Weekend,12:00–16:00,12.236641221374045,7.645038167938932,19.88167938931298
Ripponlea,Normal Weekend,16:00–20:00,8.573042168674698,11.125753012048193,19.69879518072289
Ripponlea,Normal Weekend,20:00–00:00,1.4013266998341625,7.263681592039801,8.665008291873963
Ripponlea,Public Holiday,00:00–04:00,0,1.2962962962962963,1.2962962962962963
Ripponlea,Public Holiday,04:00–08:00,1.2080536912751678,0.20134228187919462,1.4093959731543624
Ripponlea,Public Holiday,08:00–12:00,8.287671232876713,3.493150684931507,11.78082191780822
Ripponlea,Public Holiday,12:00–16:00,11.820987654320987,6.91358024691358,18.734567901234566
Ripponlea,Public Holiday,16:00–20:00,5.015290519877676,9.81651376146789,14.831804281345565
Ripponlea,Public Holiday,20:00–00:00,0.759493670886076,4.367088607594937,5.126582278481013
Ripponlea,School Holiday,00:00–04:00,0.07751937984496124,3.10077519379845,3.178294573643411
Ripponlea,School Holiday,04:00–08:00,8.286852589641434,0.47808764940239046,8.764940239043824
Ripponlea,School Holiday,08:00–12:00,13.495316159250585,3.2142857142857144,16.7096018735363
Ripponlea,School Holiday,12:00–16:00,5.419222903885481,6.5030674846625764,11.922290388548056
Ripponlea,School Holiday,16:00–20:00,4.4995093228655545,11.207065750736016,15.70657507360157
Ripponlea,School Holiday,20:00–00:00,0.7202993451824135,7.249766136576239,7.9700654817586525
Balaclava,Normal Weekday,00:00–04:00,0.10852713178294573,3.4728682170542635,3.5813953488372094
Balaclava,Normal Weekday,04:00–08:00,15.682523267838675,4.64150293002413,20.324026197862807
Balaclava,Normal Weekday,08:00–12:00,24.518563603164942,12.11564211807669,36.63420572124163
Balaclava,Normal Weekday,12:00–16:00,10.356498820918297,13.888195311416284,24.24469413233458
Balaclava,Normal Weekday,16:00–20:00,11.16244704955177,23.46960890552655,34.632055955078314
Balaclava,Normal Weekday,20:00–00:00,3.4707554833468723,10.314784727863525,13.785540211210398
Balaclava,Normal Weekend,00:00–04:00,0.2788104089219331,4.553903345724907,4.83271375464684
Balaclava,Normal Weekend,04:00–08:00,3.3922558922558923,1.254208754208754,4.646464646464646
Balaclava,Normal Weekend,08:00–12:00,17.411380597014926,11.194029850746269,28.605410447761194
Balaclava,Normal Weekend,12:00–16:00,21.221926151503617,19.851541682527596,41.07346783403121
Balaclava,Normal Weekend,16:00–20:00,15.832078313253012,22.003012048192772,37.835090361445786
Balaclava,Normal Weekend,20:00–00:00,5.080879303193695,10.920779759435918,16.001659062629614
Balaclava,Public Holiday,00:00–04:00,0.18518518518518517,1.1111111111111112,1.2962962962962963
Balaclava,Public Holiday,04:00–08:00,2.8187919463087248,1.0738255033557047,3.8926174496644297
Balaclava,Public Holiday,08:00–12:00,14.36426116838488,8.59106529209622,22.9553264604811
Balaclava,Public Holiday,12:00–16:00,20,16.4,36.4
Balaclava,Public Holiday,16:00–20:00,10.061162079510703,19.23547400611621,29.296636085626915
Balaclava,Public Holiday,20:00–00:00,2.721518987341772,6.234177215189874,8.955696202531646
Balaclava,School Holiday,00:00–04:00,0.15503875968992248,3.953488372093023,4.108527131782946
Balaclava,School Holiday,04:00–08:00,11.813685078318219,4.03957131079967,15.853256389117888
Balaclava,School Holiday,08:00–12:00,20.866783013379873,11.326352530541012,32.19313554392089
Balaclava,School Holiday,12:00–16:00,11.809078771695594,13.885180240320427,25.69425901201602
Balaclava,School Holiday,16:00–20:00,10.432900432900434,20.692640692640694,31.125541125541126
Balaclava,School Holiday,20:00–00:00,3.424124513618677,9.82490272373541,13.249027237354086
Windsor,Normal Weekday,00:00–04:00,1.2868217054263567,2.0930232558139537,3.3798449612403103
Windsor,Normal Weekday,04:00–08:00,9.916666666666666,7.251666666666667,17.168333333333333
Windsor,Normal Weekday,08:00–12:00,15.759541032676477,17.03666749812921,32.796208530805686
Windsor,Normal Weekday,12:00–16:00,11.09585240671383,8.869468719655986,19.965321126369815
Windsor,Normal Weekday,16:00–20:00,9.826165594855306,16.553456591639872,26.379622186495176
Windsor,Normal Weekday,20:00–00:00,4.677985948477752,6.1963309914129585,10.874316939890711
Windsor,Normal Weekend,00:00–04:00,3.649906890130354,2.644320297951583,6.294227188081937
Windsor,Normal Weekend,04:00–08:00,1.3636363636363635,0.7154882154882155,2.079124579124579
Windsor,Normal Weekend,08:00–12:00,8.353544776119403,9.113805970149254,17.467350746268657
Windsor,Normal Weekend,12:00–16:00,13.566806242862581,15.569090216977541,29.135896459840122
Windsor,Normal Weekend,16:00–20:00,11.674191121143718,19.642588412340107,31.316779533483825
Windsor,Normal Weekend,20:00–00:00,6.448132780082988,8.510373443983402,14.95850622406639
Windsor,Public Holiday,00:00–04:00,1.8518518518518519,1.2962962962962963,3.148148148148148
Windsor,Public Holiday,04:00–08:00,0.87248322147651,0.40268456375838924,1.2751677852348993
Windsor,Public Holiday,08:00–12:00,8.281786941580757,5.738831615120275,14.02061855670103
Windsor,Public Holiday,12:00–16:00,12.492307692307692,11.353846153846154,23.846153846153847
Windsor,Public Holiday,16:00–20:00,6.483180428134556,15.015290519877675,21.498470948012233
Windsor,Public Holiday,20:00–00:00,3.829113924050633,5.031645569620253,8.860759493670887
Windsor,School Holiday,00:00–04:00,1.0852713178294573,2.1705426356589146,3.2558139534883717
Windsor,School Holiday,04:00–08:00,7.067729083665339,3.808764940239044,10.876494023904382
Windsor,School Holiday,08:00–12:00,12.802623732856292,10.041741204531903,22.844364937388193
Windsor,School Holiday,12:00–16:00,7.336448598130841,8.845126835781041,16.18157543391188
Windsor,School Holiday,16:00–20:00,8.130520117762511,14.671246319921492,22.801766437684
Windsor,School Holiday,20:00–00:00,4.527595884003742,6.211412535079513,10.739008419083255
Prahran,Normal Weekday,00:00–04:00,1.5288611544461779,3.354134165366615,4.8829953198127924
Prahran,Normal Weekday,04:00–08:00,11.036839473245541,17.986331055175864,29.023170528421403
Prahran,Normal Weekday,08:00–12:00,18.947496947496948,37.40659340659341,56.35409035409036
Prahran,Normal Weekday,12:00–16:00,18.357021034678795,15.619670267197272,33.976691301876066
Prahran,Normal Weekday,16:00–20:00,21.645900321543408,22.076969453376204,43.722869774919616
Prahran,Normal Weekday,20:00–00:00,5.9898576165398865,8.39672322995904,14.386580846498926
Prahran,Normal Weekend,00:00–04:00,3.9138576779026217,4.382022471910112,8.295880149812733
Prahran,Normal Weekend,04:00–08:00,3.442760942760943,3.7794612794612794,7.222222222222222
Prahran,Normal Weekend,08:00–12:00,13.664192949907235,20.320037105751393,33.98423005565863
Prahran,Normal Weekend,12:00–16:00,22.070015220700153,26.640030441400306,48.710045662100455
Prahran,Normal Weekend,16:00–20:00,16.79054054054054,21.32882882882883,38.119369369369366
Prahran,Normal Weekend,20:00–00:00,6.461988304093567,11.152882205513784,17.61487050960735
Prahran,Public Holiday,00:00–04:00,2.037037037037037,3.3333333333333335,5.37037037037037
Prahran,Public Holiday,04:00–08:00,2.8187919463087248,2.348993288590604,5.167785234899329
Prahran,Public Holiday,08:00–12:00,11.718213058419243,12.268041237113403,23.986254295532646
Prahran,Public Holiday,12:00–16:00,17.907692307692308,18.861538461538462,36.769230769230774
Prahran,Public Holiday,16:00–20:00,10.487804878048781,17.073170731707318,27.5609756097561
Prahran,Public Holiday,20:00–00:00,3.8412698412698414,7.301587301587301,11.142857142857142
Prahran,School Holiday,00:00–04:00,1.627906976744186,4.263565891472868,5.891472868217054
Prahran,School Holiday,04:00–08:00,8.294820717131474,13.0597609561753,21.354581673306775
Prahran,School Holiday,08:00–12:00,15.866510538641686,27.81615925058548,43.68266978922716
Prahran,School Holiday,12:00–16:00,14.79890933878664,15.869120654396728,30.668029993183367
Prahran,School Holiday,16:00–20:00,18.1648675171737,19.582924435721296,37.747791952895
Prahran,School Holiday,20:00–00:00,5.696913002806361,8.578110383536014,14.275023386342376
South Yarra,Normal Weekday,00:00–04:00,1.8421052631578947,3.272311212814645,5.11441647597254
South Yarra,Normal Weekday,04:00–08:00,12.814579752302878,13.075939882762572,25.890519635065452
South Yarra,Normal Weekday,08:00–12:00,22.428551968396675,26.010080370521727,48.4386323389184
South Yarra,Normal Weekday,12:00–16:00,24.747963042376515,16.033293049003937,40.781256091380456
South Yarra,Normal Weekday,16:00–20:00,23.69281761902153,22.76776420314469,46.46058182216622
South Yarra,Normal Weekday,20:00–00:00,9.294023016953348,12.233015715876748,21.527038732830096
South Yarra,Normal Weekend,00:00–04:00,3.408805031446541,4.283018867924528,7.6918238993710695
South Yarra,Normal Weekend,04:00–08:00,4.716196136701337,3.3818722139673105,8.098068350668647
South Yarra,Normal Weekend,08:00–12:00,18.877887788778878,15.54983498349835,34.42772277227723
South Yarra,Normal Weekend,12:00–16:00,20.67779131902128,17.26071060279366,37.93850192181495
South Yarra,Normal Weekend,16:00–20:00,17.509929728078216,19.31153885324371,36.82146858132192
South Yarra,Normal Weekend,20:00–00:00,11.685106382978724,14.61276595744681,26.297872340425535
South Yarra,Public Holiday,00:00–04:00,2.6875,3.125,5.8125
South Yarra,Public Holiday,04:00–08:00,3.8521400778210118,2.490272373540856,6.342412451361868
South Yarra,Public Holiday,08:00–12:00,15.025951557093425,10.882352941176471,25.908304498269896
South Yarra,Public Holiday,12:00–16:00,16.135786802030456,13.039340101522843,29.1751269035533
South Yarra,Public Holiday,16:00–20:00,12.119718309859154,14.992957746478874,27.112676056338028
South Yarra,Public Holiday,20:00–00:00,9.16564417177914,11.28834355828221,20.45398773006135
South Yarra,School Holiday,00:00–04:00,2.0380434782608696,3.9402173913043477,5.978260869565217
South Yarra,School Holiday,04:00–08:00,9.934885556432517,8.847671665351223,18.78255722178374
South Yarra,School Holiday,08:00–12:00,18.539779681762546,17.77356181150551,36.313341493268055
South Yarra,School Holiday,12:00–16:00,17.258320126782884,15.812643070963198,33.07096319774608
South Yarra,School Holiday,16:00–20:00,20.49154204461878,20.425349350330965,40.916891394949744
South Yarra,School Holiday,20:00–00:00,9.358624454148472,11.956877729257641,21.315502183406114
Upfield,Normal Weekday,00:00–04:00,0,3.098106712564544,3.098106712564544
Upfield,Normal Weekday,04:00–08:00,8.843537414965986,5.474930713025951,14.318468127991938
Upfield,Normal Weekday,08:00–12:00,9.094427244582043,6.878869969040248,15.973297213622292
Upfield,Normal Weekday,12:00–16:00,9.751358127872964,7.755954868366068,17.50731299623903
Upfield,Normal Weekday,16:00–20:00,8.444034440344403,12.074620746207462,20.518655186551864
Upfield,Normal Weekday,20:00–00:00,1.2706322018062908,6.2877608221737775,7.558393023980068
Upfield,Normal Weekend,00:00–04:00,0,3.671875,3.671875
Upfield,Normal Weekend,04:00–08:00,3.7592137592137593,0.7207207207207207,4.47993447993448
Upfield,Normal Weekend,08:00–12:00,8.768343815513626,3.7211740041928723,12.4895178197065
Upfield,Normal Weekend,12:00–16:00,7.51004016064257,5.827755466309683,13.337795626952254
Upfield,Normal Weekend,16:00–20:00,4.565420560747664,8.939252336448599,13.504672897196262
Upfield,Normal Weekend,20:00–00:00,1.4953271028037383,6.481975967957276,7.977303070761015
Upfield,Public Holiday,00:00–04:00,0,3.4,3.4
Upfield,Public Holiday,04:00–08:00,2.738095238095238,0.23809523809523808,2.9761904761904763
Upfield,Public Holiday,08:00–12:00,5.498281786941581,2.88659793814433,8.384879725085911
Upfield,Public Holiday,12:00–16:00,4.935897435897436,4.519230769230769,9.455128205128204
Upfield,Public Holiday,16:00–20:00,3.184931506849315,6.232876712328767,9.417808219178081
Upfield,Public Holiday,20:00–00:00,1.0849056603773586,5.1415094339622645,6.2264150943396235
Upfield,School Holiday,00:00–04:00,0,3.893805309734513,3.893805309734513
Upfield,School Holiday,04:00–08:00,7.084673097534834,4.651661307609861,11.736334405144696
Upfield,School Holiday,08:00–12:00,8.112582781456954,6.150662251655629,14.263245033112582
Upfield,School Holiday,12:00–16:00,8.896925858951175,6.5461121157323685,15.443037974683543
Upfield,School Holiday,16:00–20:00,7.502222222222223,10.515555555555556,18.01777777777778
Upfield,School Holiday,20:00–00:00,1.3050314465408805,5.990566037735849,7.29559748427673
Gowrie,Normal Weekday,00:00–04:00,0,2.6699029126213594,2.6699029126213594
Gowrie,Normal Weekday,04:00–08:00,8.71284501061571,1.0987261146496816,9.811571125265392
Gowrie,Normal Weekday,08:00–12:00,10.915070613271427,3.4861675372412457,14.401238150512672
Gowrie,Normal Weekday,12:00–16:00,5.126383956548987,5.953624399415083,11.08000835596407
Gowrie,Normal Weekday,16:00–20:00,4.2178881008668245,12.83096926713948,17.048857368006303
Gowrie,Normal Weekday,20:00–00:00,0.4820415879017013,5.828607435412729,6.31064902331443
Gowrie,Normal Weekend,00:00–04:00,0.04106776180698152,3.24435318275154,3.2854209445585214
Gowrie,Normal Weekend,04:00–08:00,2.8260869565217392,0.1505016722408027,2.976588628762542
Gowrie,Normal Weekend,08:00–12:00,7.912952281069743,2.354483481908757,10.2674357629785
Gowrie,Normal Weekend,12:00–16:00,6.144578313253012,5.131637661758144,11.276215975011155
Gowrie,Normal Weekend,16:00–20:00,4.008042895442359,6.809651474530831,10.81769436997319
Gowrie,Normal Weekend,20:00–00:00,1.082012405237767,6.216402481047553,7.29841488628532
Gowrie,Public Holiday,00:00–04:00,0,1.3725490196078431,1.3725490196078431
Gowrie,Public Holiday,04:00–08:00,1.518987341772152,0.189873417721519,1.7088607594936711
Gowrie,Public Holiday,08:00–12:00,5.463917525773196,1.2714776632302405,6.7353951890034365
Gowrie,Public Holiday,12:00–16:00,4.871794871794871,3.4935897435897436,8.365384615384615
Gowrie,Public Holiday,16:00–20:00,2.360655737704918,5.868852459016393,8.229508196721312
Gowrie,Public Holiday,20:00–00:00,0.8653846153846154,4.951923076923077,5.817307692307692
Gowrie,School Holiday,00:00–04:00,0,2.8333333333333335,2.8333333333333335
Gowrie,School Holiday,04:00–08:00,7.031602708803612,0.5643340857787811,7.595936794582393
Gowrie,School Holiday,08:00–12:00,9.223140495867769,2.5950413223140494,11.818181818181818
Gowrie,School Holiday,12:00–16:00,5.3110910730387735,5.320108205590622,10.631199278629396
Gowrie,School Holiday,16:00–20:00,3.655821917808219,11.07876712328767,14.73458904109589
Gowrie,School Holiday,20:00–00:00,0.5723370429252782,5.596184419713832,6.16852146263911
Fawkner,Normal Weekday,00:00–04:00,0,1.1003236245954693,1.1003236245954693
Fawkner,Normal Weekday,04:00–08:00,7.083438366523821,0.22435089488278295,7.3077892614066045
Fawkner,Normal Weekday,08:00–12:00,6.65828173374613,0.8630030959752322,7.521284829721362
Fawkner,Normal Weekday,12:00–16:00,2.952069716775599,3.187363834422658,6.139433551198257
Fawkner,Normal Weekday,16:00–20:00,2.231702692453546,8.181645809632158,10.413348502085704
Fawkner,Normal Weekday,20:00–00:00,0.0739247311827957,3.978494623655914,4.05241935483871
Fawkner,Normal Weekend,00:00–04:00,0,1.3347022587268993,1.3347022587268993
Fawkner,Normal Weekend,04:00–08:00,0.9354838709677419,0.056451612903225805,0.9919354838709676
Fawkner,Normal Weekend,08:00–12:00,4.625641025641026,0.7487179487179487,5.374358974358975
Fawkner,Normal Weekend,12:00–16:00,3.8605898123324396,2.6318141197497766,6.492403932082216
Fawkner,Normal Weekend,16:00–20:00,2.107706592386258,3.5283194057567315,5.63602599814299
Fawkner,Normal Weekend,20:00–00:00,0.3448275862068966,3.537931034482759,3.882758620689655
Fawkner,Public Holiday,00:00–04:00,0,0.5882352941176471,0.5882352941176471
Fawkner,Public Holiday,04:00–08:00,0.7738095238095238,0,0.7738095238095238
Fawkner,Public Holiday,08:00–12:00,3.2312925170068025,0.40816326530612246,3.639455782312925
Fawkner,Public Holiday,12:00–16:00,2.9581993569131835,2.0257234726688105,4.983922829581994
Fawkner,Public Holiday,16:00–20:00,1.7406143344709897,2.901023890784983,4.6416382252559725
Fawkner,Public Holiday,20:00–00:00,0.2403846153846154,2.7884615384615383,3.0288461538461537
Fawkner,School Holiday,00:00–04:00,0,1.1666666666666667,1.1666666666666667
Fawkner,School Holiday,04:00–08:00,5.444801714898178,0.13933547695605572,5.584137191854234
Fawkner,School Holiday,08:00–12:00,5.885761589403973,0.6788079470198676,6.564569536423841
Fawkner,School Holiday,12:00–16:00,3.2455315145813737,2.8222013170272815,6.067732831608655
Fawkner,School Holiday,16:00–20:00,2.0695364238410594,7.524834437086093,9.594370860927153
Fawkner,School Holiday,20:00–00:00,0.08488964346349745,3.870967741935484,3.9558573853989816
Merlynston,Normal Weekday,00:00–04:00,0,2.353896103896104,2.353896103896104
Merlynston,Normal Weekday,04:00–08:00,11.338542979581547,0.39828585833123265,11.73682883791278
Merlynston,Normal Weekday,08:00–12:00,14.568498452012383,2.211687306501548,16.78018575851393
Merlynston,Normal Weekday,12:00–16:00,4.62406015037594,7.109440267335004,11.733500417710944
Merlynston,Normal Weekday,16:00–20:00,3.5349753694581283,15.25320197044335,18.788177339901477
Merlynston,Normal Weekday,20:00–00:00,0.24513096037609133,6.171927468099396,6.417058428475487
Merlynston,Normal Weekend,00:00–04:00,0.061601642710472276,2.628336755646817,2.6899383983572895
Merlynston,Normal Weekend,04:00–08:00,1.3548387096774193,0.03225806451612903,1.3870967741935483
Merlynston,Normal Weekend,08:00–12:00,8.271794871794873,1.9487179487179487,10.220512820512822
Merlynston,Normal Weekend,12:00–16:00,6.657742079428826,5.542168674698795,12.199910754127622
Merlynston,Normal Weekend,16:00–20:00,4.144186046511628,6.9906976744186045,11.134883720930233
Merlynston,Normal Weekend,20:00–00:00,0.7305306685044797,5.506547208821503,6.237077877325982
Merlynston,Public Holiday,00:00–04:00,0.19607843137254902,1.5686274509803921,1.7647058823529411
Merlynston,Public Holiday,04:00–08:00,1.0714285714285714,0,1.0714285714285714
Merlynston,Public Holiday,08:00–12:00,6.360544217687075,1.3605442176870748,7.721088435374149
Merlynston,Public Holiday,12:00–16:00,5.2243589743589745,4.551282051282051,9.775641025641026
Merlynston,Public Holiday,16:00–20:00,2.8767123287671232,5.308219178082192,8.184931506849315
Merlynston,Public Holiday,20:00–00:00,0.6730769230769231,4.375,5.048076923076923
Merlynston,School Holiday,00:00–04:00,0,3.0833333333333335,3.0833333333333335
Merlynston,School Holiday,04:00–08:00,8.767416934619506,0.19292604501607716,8.960342979635584
Merlynston,School Holiday,08:00–12:00,12.28476821192053,2.01158940397351,14.29635761589404
Merlynston,School Holiday,12:00–16:00,4.666666666666667,6.576576576576577,11.243243243243244
Merlynston,School Holiday,16:00–20:00,3.255813953488372,13.01464254952627,16.270456503014643
Merlynston,School Holiday,20:00–00:00,0.44142614601018676,5.229202037351443,5.67062818336163
Batman,Normal Weekday,00:00–04:00,0.016233766233766232,1.2337662337662338,1.25
Batman,Normal Weekday,04:00–08:00,7.217913435076308,1.916437327995997,9.134350763072305
Batman,Normal Weekday,08:00–12:00,9.485346676197283,4.555039313795568,14.040385989992851
Batman,Normal Weekday,12:00–16:00,4.5893819991704685,5.875155537121526,10.464537536291996
Batman,Normal Weekday,16:00–20:00,5.078412391093901,12.158760890609875,17.237173281703775
Batman,Normal Weekday,20:00–00:00,0.6038242200603824,4.092586380409259,4.696410600469641
Batman,Normal Weekend,00:00–04:00,0.040983606557377046,1.3729508196721312,1.4139344262295082
Batman,Normal Weekend,04:00–08:00,0.48231511254019294,0.08842443729903537,0.5707395498392283
Batman,Normal Weekend,08:00–12:00,5.815022994379151,3.6688809402146143,9.483903934593766
Batman,Normal Weekend,12:00–16:00,6.311111111111111,5.986666666666666,12.297777777777778
Batman,Normal Weekend,16:00–20:00,4.238778343359556,5.946321147616844,10.1850994909764
Batman,Normal Weekend,20:00–00:00,0.8608815426997245,4.152892561983471,5.013774104683195
Batman,Public Holiday,00:00–04:00,0,0.9803921568627451,0.9803921568627451
Batman,Public Holiday,04:00–08:00,0.5357142857142857,0,0.5357142857142857
Batman,Public Holiday,08:00–12:00,4.523809523809524,2.2108843537414966,6.73469387755102
Batman,Public Holiday,12:00–16:00,4.711538461538462,5.705128205128205,10.416666666666668
Batman,Public Holiday,16:00–20:00,2.82312925170068,5.680272108843537,8.503401360544217
Batman,Public Holiday,20:00–00:00,4.278846153846154,3.2211538461538463,7.5
Batman,School Holiday,00:00–04:00,0,1.1666666666666667,1.1666666666666667
Batman,School Holiday,04:00–08:00,5.36741214057508,1.5228966986155485,6.890308839190629
Batman,School Holiday,08:00–12:00,8.24750192159877,3.88162951575711,12.12913143735588
Batman,School Holiday,12:00–16:00,4.7985675917636526,5.774395702775291,10.572963294538944
Batman,School Holiday,16:00–20:00,4.602510460251046,10.677824267782427,15.280334728033473
Batman,School Holiday,20:00–00:00,0.3716216216216216,4.02027027027027,4.391891891891892
Coburg,Normal Weekday,00:00–04:00,0.032467532467532464,4.172077922077922,4.204545454545455
Coburg,Normal Weekday,04:00–08:00,16.421605401350337,4.363590897724431,20.78519629907477
Coburg,Normal Weekday,08:00–12:00,19.919614147909968,11.103965702036442,31.023579849946408
Coburg,Normal Weekday,12:00–16:00,11.681874740771464,15.609705516383244,27.291580257154706
Coburg,Normal Weekday,16:00–20:00,11.662151702786378,26.933049535603715,38.59520123839009
Coburg,Normal Weekday,20:00–00:00,2.3616236162361623,9.389466621938947,11.75109023817511
Coburg,Normal Weekend,00:00–04:00,0.14344262295081966,4.036885245901639,4.1803278688524586
Coburg,Normal Weekend,04:00–08:00,2.355305466237942,1.0128617363344052,3.368167202572347
Coburg,Normal Weekend,08:00–12:00,14.374680959673302,9.453802960694231,23.828483920367532
Coburg,Normal Weekend,12:00–16:00,15.795555555555556,14.097777777777777,29.89333333333333
Coburg,Normal Weekend,16:00–20:00,10.115848007414272,14.012974976830398,24.12882298424467
Coburg,Normal Weekend,20:00–00:00,2.9338842975206614,9.524793388429751,12.458677685950413
Coburg,Public Holiday,00:00–04:00,0,2.3529411764705883,2.3529411764705883
Coburg,Public Holiday,04:00–08:00,1.6071428571428572,0.4166666666666667,2.0238095238095237
Coburg,Public Holiday,08:00–12:00,11.156462585034014,5.034013605442177,16.19047619047619
Coburg,Public Holiday,12:00–16:00,11.570512820512821,10.673076923076923,22.243589743589745
Coburg,Public Holiday,16:00–20:00,7.040816326530612,11.020408163265307,18.06122448979592
Coburg,Public Holiday,20:00–00:00,2.644230769230769,7.211538461538462,9.85576923076923
Coburg,School Holiday,00:00–04:00,0.4166666666666667,4.666666666666667,5.083333333333334
Coburg,School Holiday,04:00–08:00,12.119275825346113,3.099041533546326,15.218317358892438
Coburg,School Holiday,08:00–12:00,18.770176787086857,8.94696387394312,27.71714066102998
Coburg,School Holiday,12:00–16:00,11.906893464637422,15.0313339301701,26.93822739480752
Coburg,School Holiday,16:00–20:00,10.367278797996661,24.065108514190317,34.432387312186975
Coburg,School Holiday,20:00–00:00,2.8885135135135136,9.27364864864865,12.162162162162163
Moreland,Normal Weekday,00:00–04:00,0.032467532467532464,1.4285714285714286,1.4610389610389611
Moreland,Normal Weekday,04:00–08:00,9.489105935386927,2.6947157525669923,12.18382168795392
Moreland,Normal Weekday,08:00–12:00,11.111933395004625,5.785383903792784,16.89731729879741
Moreland,Normal Weekday,12:00–16:00,4.788293897882939,6.581569115815691,11.36986301369863
Moreland,Normal Weekday,16:00–20:00,5.9309542280837855,14.185415050426688,20.116369278510472
Moreland,Normal Weekday,20:00–00:00,0.7795698924731183,4.361559139784946,5.141129032258064
Moreland,Normal Weekend,00:00–04:00,0.12468827930174564,1.371571072319202,1.4962593516209477
Moreland,Normal Weekend,04:00–08:00,0.9098228663446055,0.08856682769726248,0.998389694041868
Moreland,Normal Weekend,08:00–12:00,6.7687595712098005,3.226135783563042,9.994895354772844
Moreland,Normal Weekend,12:00–16:00,7.598932859048466,6.754112939084037,14.353045798132502
Moreland,Normal Weekend,16:00–20:00,4.8707664884135475,8.079322638146168,12.950089126559716
Moreland,Normal Weekend,20:00–00:00,1.1698379140239605,4.376321353065539,5.5461592670895
Moreland,Public Holiday,00:00–04:00,0,0.7317073170731707,0.7317073170731707
Moreland,Public Holiday,04:00–08:00,0.7738095238095238,0.05952380952380952,0.8333333333333334
Moreland,Public Holiday,08:00–12:00,6.122448979591836,1.836734693877551,7.959183673469387
Moreland,Public Holiday,12:00–16:00,5.705128205128205,5.32051282051282,11.025641025641026
Moreland,Public Holiday,16:00–20:00,2.9411764705882355,5.947712418300654,8.88888888888889
Moreland,Public Holiday,20:00–00:00,0.4878048780487805,3.5121951219512195,4
Moreland,School Holiday,00:00–04:00,0,1.5789473684210527,1.5789473684210527
Moreland,School Holiday,04:00–08:00,7.071352502662407,1.7252396166134185,8.796592119275825
Moreland,School Holiday,08:00–12:00,10.07154213036566,4.5548489666136724,14.626391096979333
Moreland,School Holiday,12:00–16:00,5.4879140555058195,6.383169203222918,11.871083258728738
Moreland,School Holiday,16:00–20:00,5.083612040133779,12.633779264214047,17.717391304347828
Moreland,School Holiday,20:00–00:00,0.7908611599297012,4.499121265377856,5.289982425307557
Anstey,Normal Weekday,00:00–04:00,0,2.6785714285714284,2.6785714285714284
Anstey,Normal Weekday,04:00–08:00,13.143000250438266,1.6003005259203607,14.743300776358627
Anstey,Normal Weekday,08:00–12:00,16.373056994818654,5.2276091783863805,21.600666173205035
Anstey,Normal Weekday,12:00–16:00,5.902864259028642,7.166874221668742,13.069738480697385
Anstey,Normal Weekday,16:00–20:00,6.675717610550815,19.27075252133437,25.946470131885185
Anstey,Normal Weekday,20:00–00:00,1.1323924731182795,7.170698924731183,8.303091397849462
Anstey,Normal Weekend,00:00–04:00,0.12468827930174564,2.169576059850374,2.29426433915212
Anstey,Normal Weekend,04:00–08:00,1.578099838969404,0.1529790660225443,1.7310789049919484
Anstey,Normal Weekend,08:00–12:00,10.08682328907048,5.122574055158325,15.209397344228805
Anstey,Normal Weekend,12:00–16:00,11.049355269008448,9.097376611827478,20.146731880835926
Anstey,Normal Weekend,16:00–20:00,7.174688057040998,9.79946524064171,16.974153297682708
Anstey,Normal Weekend,20:00–00:00,1.9238900634249472,6.807610993657505,8.731501057082452
Anstey,Public Holiday,00:00–04:00,0,0.7317073170731707,0.7317073170731707
Anstey,Public Holiday,04:00–08:00,1.1904761904761905,0,1.1904761904761905
Anstey,Public Holiday,08:00–12:00,8.299319727891156,2.925170068027211,11.224489795918366
Anstey,Public Holiday,12:00–16:00,8.557692307692308,6.698717948717949,15.256410256410257
Anstey,Public Holiday,16:00–20:00,4.444444444444445,7.483660130718954,11.928104575163399
Anstey,Public Holiday,20:00–00:00,1.5121951219512195,5.463414634146342,6.975609756097562
Anstey,School Holiday,00:00–04:00,0.08771929824561403,2.982456140350877,3.070175438596491
Anstey,School Holiday,04:00–08:00,10.287539936102236,1.4057507987220448,11.69329073482428
Anstey,School Holiday,08:00–12:00,14.554848966613672,5.103338632750398,19.65818759936407
Anstey,School Holiday,12:00–16:00,6.741271262309758,7.600716204118173,14.34198746642793
Anstey,School Holiday,16:00–20:00,6.605351170568562,17.048494983277592,23.653846153846153
Anstey,School Holiday,20:00–00:00,1.2478031634446398,7.223198594024605,8.471001757469244
Brunswick,Normal Weekday,00:00–04:00,0.22727272727272727,0.5,0.7272727272727273
Brunswick,Normal Weekday,04:00–08:00,6.471851145038168,6.10925572519084,12.581106870229007
Brunswick,Normal Weekday,08:00–12:00,9.292987512007684,13.496637848222862,22.789625360230545
Brunswick,Normal Weekday,12:00–16:00,10.390203403902033,9.00373599003736,19.39393939393939
Brunswick,Normal Weekday,16:00–20:00,11.694783789024626,15.875509016870273,27.5702928058949
Brunswick,Normal Weekday,20:00–00:00,2.7451602665820376,4.5509362107267535,7.296096477308791
Brunswick,Normal Weekend,00:00–04:00,0.57356608478803,0.9226932668329177,1.4962593516209477
Brunswick,Normal Weekend,04:00–08:00,0.45893719806763283,0.789049919484702,1.247987117552335
Brunswick,Normal Weekend,08:00–12:00,6.046986721144025,10.255362614913176,16.3023493360572
Brunswick,Normal Weekend,12:00–16:00,11.009337483325922,15.162294353045798,26.17163183637172
Brunswick,Normal Weekend,16:00–20:00,8.104982206405694,12.108540925266905,20.2135231316726
Brunswick,Normal Weekend,20:00–00:00,3.42998585572843,4.674681753889675,8.104667609618105
Brunswick,Public Holiday,00:00–04:00,0,0.24390243902439024,0.24390243902439024
Brunswick,Public Holiday,04:00–08:00,0.35714285714285715,0.11904761904761904,0.47619047619047616
Brunswick,Public Holiday,08:00–12:00,4.761904761904762,5.170068027210885,9.931972789115648
Brunswick,Public Holiday,12:00–16:00,6.730769230769231,9.871794871794872,16.602564102564102
Brunswick,Public Holiday,16:00–20:00,4.509803921568627,7.1568627450980395,11.666666666666668
Brunswick,Public Holiday,20:00–00:00,1.7560975609756098,2.975609756097561,4.7317073170731705
Brunswick,School Holiday,00:00–04:00,0.11904761904761904,0.9523809523809523,1.0714285714285714
Brunswick,School Holiday,04:00–08:00,5.066258919469929,4.566768603465851,9.63302752293578
Brunswick,School Holiday,08:00–12:00,8.090534979423868,10.337448559670781,18.427983539094647
Brunswick,School Holiday,12:00–16:00,8.128916741271262,9.713518352730528,17.84243509400179
Brunswick,School Holiday,16:00–20:00,9.205020920502092,14.418410041841005,23.623430962343097
Brunswick,School Holiday,20:00–00:00,2.721202003338898,4.307178631051753,7.0283806343906505
Jewell,Normal Weekday,00:00–04:00,0.2974828375286041,0.6178489702517163,0.9153318077803203
Jewell,Normal Weekday,04:00–08:00,7.719465648854962,5.379293893129771,13.098759541984734
Jewell,Normal Weekday,08:00–12:00,10.305358171691953,15.552141348185135,25.857499519877088
Jewell,Normal Weekday,12:00–16:00,10.255292652552926,10.33208800332088,20.587380655873808
Jewell,Normal Weekday,16:00–20:00,11.98914307871268,16.919348584722762,28.90849166343544
Jewell,Normal Weekday,20:00–00:00,3.3217115689381935,4.748019017432647,8.06973058637084
Jewell,Normal Weekend,00:00–04:00,0.6965174129353234,0.8706467661691543,1.5671641791044777
Jewell,Normal Weekend,04:00–08:00,0.5958132045088567,0.5958132045088567,1.1916264090177133
Jewell,Normal Weekend,08:00–12:00,7.145045965270684,9.877425944841676,17.02247191011236
Jewell,Normal Weekend,12:00–16:00,11.662961316140507,14.286349488661628,25.949310804802135
Jewell,Normal Weekend,16:00–20:00,9.279359430604982,12.148576512455517,21.427935943060497
Jewell,Normal Weekend,20:00–00:00,3.6234961075725405,5.1804670912951165,8.803963198867656
Jewell,Public Holiday,00:00–04:00,0.24390243902439024,0.7317073170731707,0.975609756097561
Jewell,Public Holiday,04:00–08:00,0.23809523809523808,0.11904761904761904,0.3571428571428571
Jewell,Public Holiday,08:00–12:00,6.054421768707483,5.340136054421769,11.39455782312925
Jewell,Public Holiday,12:00–16:00,7.852564102564102,10.801282051282051,18.653846153846153
Jewell,Public Holiday,16:00–20:00,6.143790849673203,8.627450980392156,14.77124183006536
Jewell,Public Holiday,20:00–00:00,2.2439024390243905,3.8048780487804876,6.048780487804878
Jewell,School Holiday,00:00–04:00,0.12195121951219512,0.975609756097561,1.0975609756097562
Jewell,School Holiday,04:00–08:00,5.657492354740061,3.4454638124362895,9.10295616717635
Jewell,School Holiday,08:00–12:00,8.641975308641975,10.320987654320987,18.962962962962962
Jewell,School Holiday,12:00–16:00,7.976723366159355,9.534467323187108,17.511190689346464
Jewell,School Holiday,16:00–20:00,9.07112970711297,13.99163179916318,23.06276150627615
Jewell,School Holiday,20:00–00:00,2.978369384359401,4.642262895174709,7.62063227953411
Royal Park,Normal Weekday,00:00–04:00,0,0.09195402298850575,0.09195402298850575
Royal Park,Normal Weekday,04:00–08:00,2.4111166750125186,8.56534802203305,10.976464697045568
Royal Park,Normal Weekday,08:00–12:00,5.549194991055456,19,24.549194991055458
Royal Park,Normal Weekday,12:00–16:00,12.855956828559568,7.411789124117891,20.26774595267746
Royal Park,Normal Weekday,16:00–20:00,10.920899573478092,6.180690189996122,17.101589763474216
Royal Park,Normal Weekday,20:00–00:00,0.4434589800443459,1.5616091225847324,2.005068102629078
Royal Park,Normal Weekend,00:00–04:00,0.05025125628140704,0.10050251256281408,0.15075376884422112
Royal Park,Normal Weekend,04:00–08:00,0.2898550724637681,1.5619967793880838,1.8518518518518519
Royal Park,Normal Weekend,08:00–12:00,3.932584269662921,17.364657814096017,21.29724208375894
Royal Park,Normal Weekend,12:00–16:00,14.141459074733095,15.084519572953736,29.22597864768683
Royal Park,Normal Weekend,16:00–20:00,9.17296576256114,4.081814139617608,13.254779902178747
Royal Park,Normal Weekend,20:00–00:00,0.2895480225988701,1.53954802259887,1.82909604519774
Royal Park,Public Holiday,00:00–04:00,0,0,0
Royal Park,Public Holiday,04:00–08:00,0.47619047619047616,1.4285714285714286,1.9047619047619047
Royal Park,Public Holiday,08:00–12:00,3.6054421768707483,18.367346938775512,21.97278911564626
Royal Park,Public Holiday,12:00–16:00,15.737179487179487,15.352564102564102,31.08974358974359
Royal Park,Public Holiday,16:00–20:00,9.705882352941176,3.5620915032679736,13.26797385620915
Royal Park,Public Holiday,20:00–00:00,0.2912621359223301,1.4077669902912622,1.6990291262135924
Royal Park,School Holiday,00:00–04:00,0,0,0
Royal Park,School Holiday,04:00–08:00,1.650692225772098,8.594249201277956,10.244941427050053
Royal Park,School Holiday,08:00–12:00,5.415384615384616,24.99230769230769,30.407692307692308
Royal Park,School Holiday,12:00–16:00,19.068934646374217,13.715308863025962,32.78424350940018
Royal Park,School Holiday,16:00–20:00,14.088628762541806,5.351170568561873,19.43979933110368
Royal Park,School Holiday,20:00–00:00,0.19966722129783693,1.7637271214642263,1.9633943427620633
Flemington Bridge,Normal Weekday,00:00–04:00,0.11494252873563218,1.1494252873563218,1.264367816091954
Flemington Bridge,Normal Weekday,04:00–08:00,5.126471324818432,4.234911094415227,9.36138241923366
Flemington Bridge,Normal Weekday,08:00–12:00,8.219020172910662,13.331412103746398,21.550432276657062
Flemington Bridge,Normal Weekday,12:00–16:00,10.251146103248953,5.561092286226828,15.81223838947578
Flemington Bridge,Normal Weekday,16:00–20:00,6.938142330812488,9.912739965095986,16.850882295908473
Flemington Bridge,Normal Weekday,20:00–00:00,0.44331855604813175,4.702343255224826,5.145661811272958
Flemington Bridge,Normal Weekend,00:00–04:00,0.37422037422037424,1.1226611226611227,1.496881496881497
Flemington Bridge,Normal Weekend,04:00–08:00,0.8961474036850922,0.22613065326633167,1.122278056951424
Flemington Bridge,Normal Weekend,08:00–12:00,5.940438871473354,5.130616509926854,11.071055381400209
Flemington Bridge,Normal Weekend,12:00–16:00,6.917259786476868,7.379893238434164,14.297153024911033
Flemington Bridge,Normal Weekend,16:00–20:00,5.142348754448399,7.597864768683274,12.740213523131672
Flemington Bridge,Normal Weekend,20:00–00:00,1.0659186535764376,4.5091164095371665,5.575035063113604
Flemington Bridge,Public Holiday,00:00–04:00,0.5882352941176471,0.7843137254901961,1.3725490196078431
Flemington Bridge,Public Holiday,04:00–08:00,0.569620253164557,0.12658227848101267,0.6962025316455697
Flemington Bridge,Public Holiday,08:00–12:00,4.054982817869416,2.336769759450172,6.391752577319588
Flemington Bridge,Public Holiday,12:00–16:00,4.647435897435898,4.743589743589744,9.391025641025642
Flemington Bridge,Public Holiday,16:00–20:00,3.2899022801302933,6.188925081433225,9.478827361563518
Flemington Bridge,Public Holiday,20:00–00:00,1.0144927536231885,3.4782608695652173,4.492753623188406
Flemington Bridge,School Holiday,00:00–04:00,0.8536585365853658,0.975609756097561,1.8292682926829267
Flemington Bridge,School Holiday,04:00–08:00,3.9403620873269434,2.6943556975505856,6.6347177848775285
Flemington Bridge,School Holiday,08:00–12:00,7,10.016528925619834,17.016528925619834
Flemington Bridge,School Holiday,12:00–16:00,7.901977644024075,5.4084264832330184,13.310404127257094
Flemington Bridge,School Holiday,16:00–20:00,6.157718120805369,8.783557046979865,14.941275167785236
Flemington Bridge,School Holiday,20:00–00:00,0.39603960396039606,4.5049504950495045,4.900990099009901
Macaulay,Normal Weekday,00:00–04:00,0.43577981651376146,0.5504587155963303,0.9862385321100917
Macaulay,Normal Weekday,04:00–08:00,2.5795141497620837,7.993989481592787,10.573503631354871
Macaulay,Normal Weekday,08:00–12:00,6.133743274404305,18.364719446579553,24.49846272098386
Macaulay,Normal Weekday,12:00–16:00,13.483495951837243,6.24870251193689,19.732198463774132
Macaulay,Normal Weekday,16:00–20:00,11.515773753966773,7.196191898450626,18.711965652417398
Macaulay,Normal Weekday,20:00–00:00,1.165663604687995,3.5286664554957237,4.694330060183718
Macaulay,Normal Weekend,00:00–04:00,0.5197505197505198,0.6029106029106029,1.1226611226611227
Macaulay,Normal Weekend,04:00–08:00,0.21775544388609716,1.1725293132328307,1.3902847571189278
Macaulay,Normal Weekend,08:00–12:00,4.832810867293626,7.450365726227795,12.283176593521421
Macaulay,Normal Weekend,12:00–16:00,8.9012455516014235,8.211743772241993,17.112989323843415
Macaulay,Normal Weekend,16:00–20:00,5.444839857651245,7.51779359430605,12.962633451957295
Macaulay,Normal Weekend,20:00–00:00,1.7110799438990183,3.246844319775596,4.957924263674615
Macaulay,Public Holiday,00:00–04:00,0.19607843137254902,0.7843137254901961,0.9803921568627451
Macaulay,Public Holiday,04:00–08:00,0.31645569620253167,0.189873417721519,0.5063291139240507
Macaulay,Public Holiday,08:00–12:00,2.1649484536082473,1.7182130584192439,3.883161512027491
Macaulay,Public Holiday,12:00–16:00,3.621794871794872,3.3333333333333335,6.955128205128205
Macaulay,Public Holiday,16:00–20:00,1.8566775244299674,3.811074918566775,5.6677524429967425
Macaulay,Public Holiday,20:00–00:00,0.4830917874396135,1.932367149758454,2.4154589371980677
Macaulay,School Holiday,00:00–04:00,0,0.6097560975609756,0.6097560975609756
Macaulay,School Holiday,04:00–08:00,1.7891373801916932,6.6240681576144835,8.413205537806176
Macaulay,School Holiday,08:00–12:00,5.487603305785124,13.702479338842975,19.1900826446281
Macaulay,School Holiday,12:00–16:00,10.769919427036706,5.613249776186213,16.38316920322292
Macaulay,School Holiday,16:00–20:00,9.151857835218093,6.284329563812601,15.436187399030693
Macaulay,School Holiday,20:00–00:00,0.8085808580858086,3.3003300330033003,4.108910891089109
North Melbourne,Normal Weekday,00:00–04:00,2.38914373088685,2.526758409785933,4.915902140672783
North Melbourne,Normal Weekday,04:00–08:00,11.950707731702112,16.28956540294473,28.24027313464684
North Melbourne,Normal Weekday,08:00–12:00,17.835355854378484,20.79723490677902,38.6325907611575
North Melbourne,Normal Weekday,12:00–16:00,17.20668914006213,16.132262542137617,33.33895168219975
North Melbourne,Normal Weekday,16:00–20:00,21.593374233128834,18.458650306748467,40.0520245398773
North Melbourne,Normal Weekday,20:00–00:00,10.569029175414464,14.875841598494173,25.444870773908637
North Melbourne,Normal Weekend,00:00–04:00,1.937799043062201,2.6555023923444976,4.5933014354066986
North Melbourne,Normal Weekend,04:00–08:00,5.230518155854753,4.547123623011016,9.77764177886577
North Melbourne,Normal Weekend,08:00–12:00,19.05694149233695,15.974941268598277,35.031882760935225
North Melbourne,Normal Weekend,12:00–16:00,19.87920310105472,18.38276390516542,38.26196700622014
North Melbourne,Normal Weekend,16:00–20:00,15.448948664519795,17.493843530971773,32.94279219549157
North Melbourne,Normal Weekend,20:00–00:00,8.428506167199634,10.931932389218822,19.36043855641846
North Melbourne,Public Holiday,00:00–04:00,1.1214953271028036,1.1214953271028036,2.2429906542056073
North Melbourne,Public Holiday,04:00–08:00,2.6269956458635706,3.425253991291727,6.052249637155297
North Melbourne,Public Holiday,08:00–12:00,10.383141762452107,12.773946360153257,23.157088122605366
North Melbourne,Public Holiday,12:00–16:00,13.350416399743754,12.50480461242793,25.855221012171683
North Melbourne,Public Holiday,16:00–20:00,11.704623878536921,10.117322291235334,21.821946169772254
North Melbourne,Public Holiday,20:00–00:00,6.754385964912281,6.546052631578948,13.30043859649123
North Melbourne,School Holiday,00:00–04:00,2.4684684684684686,2.4144144144144146,4.882882882882884
North Melbourne,School Holiday,04:00–08:00,9.906953966699314,12.739144629448253,22.646098596147567
North Melbourne,School Holiday,08:00–12:00,15.438760051276075,17.48397622654702,32.9227362778231
North Melbourne,School Holiday,12:00–16:00,15.967472260221918,15.306277549779601,31.27374981000152
North Melbourne,School Holiday,16:00–20:00,18.953125,16.7578125,35.7109375
North Melbourne,School Holiday,20:00–00:00,10.453324378777703,11.947615849563466,22.40094022834117
Clifton Hill,Normal Weekday,00:00–04:00,0.4069767441860465,1.7192691029900333,2.12624584717608
Clifton Hill,Normal Weekday,04:00–08:00,6.001648804616653,2.7505058832346547,8.752154687851307
Clifton Hill,Normal Weekday,08:00–12:00,9.596733598075955,4.924772078975334,14.52150567705129
Clifton Hill,Normal Weekday,12:00–16:00,7.073616428820049,8.74173337974243,15.815349808562479
Clifton Hill,Normal Weekday,16:00–20:00,8.035075370989501,10.59592938002229,18.63100475101179
Clifton Hill,Normal Weekday,20:00–00:00,2.0574681485497424,8.767958796421794,10.825426944971536
Clifton Hill,Normal Weekend,00:00–04:00,0.7608695652173914,2.282608695652174,3.0434782608695654
Clifton Hill,Normal Weekend,04:00–08:00,1.456140350877193,1.3245614035087718,2.780701754385965
Clifton Hill,Normal Weekend,08:00–12:00,11.070820150888293,7.5809199318569,18.651740082745192
Clifton Hill,Normal Weekend,12:00–16:00,16.821273964131105,11.906823335394764,28.72809729952587
Clifton Hill,Normal Weekend,16:00–20:00,12.182190378710338,13.119754350051178,25.301944728761516
Clifton Hill,Normal Weekend,20:00–00:00,3.6010669828097215,11.25666864256076,14.85773562537048
Clifton Hill,Public Holiday,00:00–04:00,0.39603960396039606,0.9900990099009901,1.386138613861386
Clifton Hill,Public Holiday,04:00–08:00,0.5319148936170213,0.5319148936170213,1.0638297872340425
Clifton Hill,Public Holiday,08:00–12:00,7.879799666110183,2.8213689482470783,10.701168614357261
Clifton Hill,Public Holiday,12:00–16:00,11.14630467571644,7.631975867269985,18.778280542986426
Clifton Hill,Public Holiday,16:00–20:00,4.328125,11.28125,15.609375
Clifton Hill,Public Holiday,20:00–00:00,1.990632318501171,6.135831381733021,8.126463700234192
Clifton Hill,School Holiday,00:00–04:00,2.218045112781955,2.857142857142857,5.075187969924812
Clifton Hill,School Holiday,04:00–08:00,3.6414108425865446,2.821685173089484,6.463096015676029
Clifton Hill,School Holiday,08:00–12:00,8.356231599607458,4.985279685966634,13.341511285574093
Clifton Hill,School Holiday,12:00–16:00,7.468643101482326,8.814139110604334,16.28278221208666
Clifton Hill,School Holiday,16:00–20:00,7.655612244897959,9.303571428571429,16.95918367346939
Clifton Hill,School Holiday,20:00–00:00,4.165613147914033,10.4551201011378,14.620733249051831
Victoria Park,Normal Weekday,00:00–04:00,0.9470468431771895,0.18329938900203666,1.1303462321792261
Victoria Park,Normal Weekday,04:00–08:00,2.6958214767110977,5.4111127751984425,8.10693425190954
Victoria Park,Normal Weekday,08:00–12:00,5.473442402510085,11.714477812640071,17.187920215150157
Victoria Park,Normal Weekday,12:00–16:00,5.964102117278034,6.357933257819988,12.322035375098022
Victoria Park,Normal Weekday,16:00–20:00,9.03835986606356,8.581331140222053,17.619691006285613
Victoria Park,Normal Weekday,20:00–00:00,2.7403846153846154,3.1196581196581197,5.860042735042735
Victoria Park,Normal Weekend,00:00–04:00,1.4258001939864209,0.41707080504364696,1.8428709990300678
Victoria Park,Normal Weekend,04:00–08:00,0.18344308560677328,0.8466603951081844,1.0301034807149576
Victoria Park,Normal Weekend,08:00–12:00,3.813623702203089,7.229678399594834,11.043302101797924
Victoria Park,Normal Weekend,12:00–16:00,8.04245283018868,11.710977701543738,19.75343053173242
Victoria Park,Normal Weekend,16:00–20:00,7.26551075830374,9.454773344474619,16.720284102778358
Victoria Park,Normal Weekend,20:00–00:00,3.598261409500155,4.358894753182241,7.957156162682397
Victoria Park,Public Holiday,00:00–04:00,0.5952380952380952,0,0.5952380952380952
Victoria Park,Public Holiday,04:00–08:00,0.17921146953405018,0.7168458781362007,0.8960573476702509
Victoria Park,Public Holiday,08:00–12:00,3.3277591973244145,3.6454849498327757,6.973244147157191
Victoria Park,Public Holiday,12:00–16:00,5.413533834586466,7.2180451127819545,12.631578947368421
Victoria Park,Public Holiday,16:00–20:00,3.7155963302752295,6.7889908256880735,10.504587155963304
Victoria Park,Public Holiday,20:00–00:00,2.0157068062827226,2.303664921465969,4.319371727748692
Victoria Park,School Holiday,00:00–04:00,1.15,0.3,1.45
Victoria Park,School Holiday,04:00–08:00,1.6242984483327831,3.8956751403103334,5.519973588643117
Victoria Park,School Holiday,08:00–12:00,4.306076519129783,9.13478369592398,13.440860215053764
Victoria Park,School Holiday,12:00–16:00,5.156310304901583,6.364338093400232,11.520648398301814
Victoria Park,School Holiday,16:00–20:00,7.236467236467236,7.40999740999741,14.646464646464647
Victoria Park,School Holiday,20:00–00:00,2.4982794218857536,3.2897453544390913,5.7880247763248445
Collingwood,Normal Weekday,00:00–04:00,0.19427402862985685,0.11247443762781185,0.3067484662576687
Collingwood,Normal Weekday,04:00–08:00,0.8535578669308238,6.243189697870233,7.096747564801056
Collingwood,Normal Weekday,08:00–12:00,2.8615107913669067,14.3621103117506,17.223621103117505
Collingwood,Normal Weekday,12:00–16:00,6.367583212735166,4.157923299565846,10.525506512301012
Collingwood,Normal Weekday,16:00–20:00,10.848025146918136,4.158124914582479,15.006150061500616
Collingwood,Normal Weekday,20:00–00:00,1.2162905888827737,1.3827738029719319,2.5990643918547054
Collingwood,Normal Weekend,00:00–04:00,0.3404669260700389,0.1556420233463035,0.4961089494163424
Collingwood,Normal Weekend,04:00–08:00,0.03762935089369708,0.3951081843838194,0.43273753527751646
Collingwood,Normal Weekend,08:00–12:00,2.1676373765510255,5.8419853127374015,8.009622689288427
Collingwood,Normal Weekend,12:00–16:00,5.306603773584905,6.925385934819897,12.231989708404804
Collingwood,Normal Weekend,16:00–20:00,3.681894383906119,4.979044425817268,8.660938809723387
Collingwood,Normal Weekend,20:00–00:00,1.3933915211970074,2.0261845386533666,3.4195760598503737
Collingwood,Public Holiday,00:00–04:00,0.11904761904761904,0.11904761904761904,0.23809523809523808
Collingwood,Public Holiday,04:00–08:00,0.035842293906810034,0.07168458781362007,0.1075268817204301
Collingwood,Public Holiday,08:00–12:00,1.605351170568562,1.8561872909698998,3.4615384615384617
Collingwood,Public Holiday,12:00–16:00,2.8678678678678677,3.5735735735735736,6.441441441441441
Collingwood,Public Holiday,16:00–20:00,1.7204301075268817,2.9953917050691246,4.7158218125960065
Collingwood,Public Holiday,20:00–00:00,0.47244094488188976,0.9973753280839895,1.4698162729658792
Collingwood,School Holiday,00:00–04:00,0.1,0.15,0.25
Collingwood,School Holiday,04:00–08:00,0.5585585585585585,4.9837837837837835,5.542342342342342
Collingwood,School Holiday,08:00–12:00,2.2784471218206157,10.926372155287819,13.204819277108435
Collingwood,School Holiday,12:00–16:00,4.323893099321898,3.877143996808935,8.201037096130833
Collingwood,School Holiday,16:00–20:00,9.132268755649292,3.6697800542332026,12.802048809882494
Collingwood,School Holiday,20:00–00:00,1.209103840682788,1.5149359886201992,2.7240398293029875
North Richmond,Normal Weekday,00:00–04:00,0.1718213058419244,0.12027491408934708,0.2920962199312715
North Richmond,Normal Weekday,04:00–08:00,1.5551522151637653,7.892088111541952,9.447240326705717
North Richmond,Normal Weekday,08:00–12:00,3.8225767754318616,14.920225527831095,18.742802303262955
North Richmond,Normal Weekday,12:00–16:00,8.81964544138929,7.916968162083936,16.736613603473227
North Richmond,Normal Weekday,16:00–20:00,11.438529351465865,7.223399166268024,18.66192851773389
North Richmond,Normal Weekday,20:00–00:00,2.3266977269518567,2.316814908936891,4.643512635888747
North Richmond,Normal Weekend,00:00–04:00,0.15246636771300448,0.2062780269058296,0.3587443946188341
North Richmond,Normal Weekend,04:00–08:00,0.3292568203198495,1.5804327375352776,1.9096895578551272
North Richmond,Normal Weekend,08:00–12:00,4.710053178019752,9.263104583438846,13.973157761458598
North Richmond,Normal Weekend,12:00–16:00,8.241098241098241,10.377520377520378,18.61861861861862
North Richmond,Normal Weekend,16:00–20:00,6.376021798365122,8.268706770069167,14.644728568434289
North Richmond,Normal Weekend,20:00–00:00,2.8617157490396927,3.1690140845070425,6.030729833546735
North Richmond,Public Holiday,00:00–04:00,0,0.3157894736842105,0.3157894736842105
North Richmond,Public Holiday,04:00–08:00,0.21505376344086022,0.5734767025089605,0.7885304659498208
North Richmond,Public Holiday,08:00–12:00,3.0434782608695654,4.882943143812709,7.926421404682275
North Richmond,Public Holiday,12:00–16:00,5.255255255255255,7.192192192192192,12.447447447447448
North Richmond,Public Holiday,16:00–20:00,3.5023041474654377,5.637480798771121,9.13978494623656
North Richmond,Public Holiday,20:00–00:00,2.4054054054054053,1.945945945945946,4.351351351351351
North Richmond,School Holiday,00:00–04:00,0.1276595744680851,0.0851063829787234,0.21276595744680848
North Richmond,School Holiday,04:00–08:00,0.9747292418772563,6.444043321299639,7.418772563176895
North Richmond,School Holiday,08:00–12:00,3.2887700534759357,12.355614973262032,15.644385026737968
North Richmond,School Holiday,12:00–16:00,7.8540087754288,7.554846429996011,15.40885520542481
North Richmond,School Holiday,16:00–20:00,9.786080144621874,6.275986742994878,16.06206688761675
North Richmond,School Holiday,20:00–00:00,2.5309992706053976,2.4653537563822026,4.996353026987601
West Richmond,Normal Weekday,00:00–04:00,0.19759450171821305,0.0429553264604811,0.24054982817869414
West Richmond,Normal Weekday,04:00–08:00,0.9306930693069307,6.0495049504950495,6.98019801980198
West Richmond,Normal Weekday,08:00–12:00,2.110247693054881,8.150801359883438,10.261049052938318
West Richmond,Normal Weekday,12:00–16:00,5.615447228000361,4.390883603147327,10.00633083114769
West Richmond,Normal Weekday,16:00–20:00,6.859030540012135,4.039641340254837,10.898671880266972
West Richmond,Normal Weekday,20:00–00:00,1.3890457368718239,1.0926030491247882,2.481648785996612
West Richmond,Normal Weekend,00:00–04:00,0.15246636771300448,0.15246636771300448,0.30493273542600896
West Richmond,Normal Weekend,04:00–08:00,0.2504816955684008,1.6088631984585742,1.859344894026975
West Richmond,Normal Weekend,08:00–12:00,1.7960543171919037,3.9174993594670764,5.7135536766589805
West Richmond,Normal Weekend,12:00–16:00,3.866266609515645,5.859408486926704,9.725675096442348
West Richmond,Normal Weekend,16:00–20:00,2.4727577535624476,4.323134953897736,6.795892707460184
West Richmond,Normal Weekend,20:00–00:00,1.166044776119403,1.492537313432836,2.658582089552239
West Richmond,Public Holiday,00:00–04:00,0,0.10526315789473684,0.10526315789473684
West Richmond,Public Holiday,04:00–08:00,0.18587360594795538,1.412639405204461,1.5985130111524164
West Richmond,Public Holiday,08:00–12:00,1.1260504201680672,2.80672268907563,3.9327731092436973
West Richmond,Public Holiday,12:00–16:00,3.063063063063063,5.33033033033033,8.393393393393392
West Richmond,Public Holiday,16:00–20:00,1.935483870967742,1.9969278033794162,3.932411674347158
West Richmond,Public Holiday,20:00–00:00,1.2532637075718016,0.835509138381201,2.0887728459530024
West Richmond,School Holiday,00:00–04:00,0.3829787234042553,0.0425531914893617,0.425531914893617
West Richmond,School Holiday,04:00–08:00,0.5848375451263538,4.787003610108303,5.371841155234657
West Richmond,School Holiday,08:00–12:00,1.6914749661705006,6.259810554803789,7.951285520974289
West Richmond,School Holiday,12:00–16:00,4.720893141945774,4.035087719298246,8.75598086124402
West Richmond,School Holiday,16:00–20:00,5.41319857312723,3.148038049940547,8.561236623067776
West Richmond,School Holiday,20:00–00:00,1.1670313639679066,1.0503282275711159,2.2173595915390223
Jolimont,Normal Weekday,00:00–04:00,1.5463917525773196,0.13745704467353953,1.6838487972508591
Jolimont,Normal Weekday,04:00–08:00,0.23057343913759545,11.980835454409343,12.211408893546938
Jolimont,Normal Weekday,08:00–12:00,1.0187074829931972,20.714285714285715,21.732993197278912
Jolimont,Normal Weekday,12:00–16:00,8.269757098871024,6.953472459801573,15.223229558672596
Jolimont,Normal Weekday,16:00–20:00,9.067662100993475,16.868496854976193,25.936158955969667
Jolimont,Normal Weekday,20:00–00:00,22.11972789115646,1.8870748299319728,24.006802721088434
Jolimont,Normal Weekend,00:00–04:00,1.4001806684733513,0.24390243902439024,1.6440831074977416
Jolimont,Normal Weekend,04:00–08:00,0.04789272030651341,3.2950191570881224,3.342911877394636
Jolimont,Normal Weekend,08:00–12:00,2.2227912932138283,22.0460947503201,24.26888604353393
Jolimont,Normal Weekend,12:00–16:00,9.63169164882227,53.02783725910064,62.65952890792291
Jolimont,Normal Weekend,16:00–20:00,33.65939771547248,41.36863966770509,75.02803738317758
Jolimont,Normal Weekend,20:00–00:00,34.61939840392879,3.6310620012277472,38.25046040515654
Jolimont,Public Holiday,00:00–04:00,1.0638297872340425,0.5319148936170213,1.5957446808510638
Jolimont,Public Holiday,04:00–08:00,0,6.851851851851852,6.851851851851852
Jolimont,Public Holiday,08:00–12:00,5.529411764705882,61.09243697478992,66.6218487394958
Jolimont,Public Holiday,12:00–16:00,27.55255255255255,84.33933933933933,111.89189189189189
Jolimont,Public Holiday,16:00–20:00,59.3984962406015,9.563909774436091,68.9624060150376
Jolimont,Public Holiday,20:00–00:00,8.015665796344647,1.0704960835509139,9.086161879895561
Jolimont,School Holiday,00:00–04:00,2.9361702127659575,0.0851063829787234,3.021276595744681
Jolimont,School Holiday,04:00–08:00,0.09878169245966414,10.806717155087258,10.905498847546921
Jolimont,School Holiday,08:00–12:00,1.0159614897390423,24.894856853306308,25.91081834304535
Jolimont,School Holiday,12:00–16:00,9.05788876276958,10.930760499432463,19.988649262202042
Jolimont,School Holiday,16:00–20:00,12.990920881971466,12.848249027237355,25.83916990920882
Jolimont,School Holiday,20:00–00:00,21.246498599439775,1.596638655462185,22.84313725490196
Macleod,Normal Weekday,00:00–04:00,0.06012024048096192,2.80561122244489,2.8657314629258517
Macleod,Normal Weekday,04:00–08:00,13.39619651347068,1.4611727416798732,14.857369255150553
Macleod,Normal Weekday,08:00–12:00,11.669923147062654,5.597238504624202,17.267161651686855
Macleod,Normal Weekday,12:00–16:00,9.05182804339092,10.317396544797107,19.369224588188025
Macleod,Normal Weekday,16:00–20:00,3.676379417234966,14.836949783013019,18.513329200247984
Macleod,Normal Weekday,20:00–00:00,0.40604026845637586,6.597315436241611,7.003355704697987
Macleod,Normal Weekend,00:00–04:00,0.16666666666666666,2.8333333333333335,3
Macleod,Normal Weekend,04:00–08:00,1.5800636267232238,0.1378579003181336,1.7179215270413573
Macleod,Normal Weekend,08:00–12:00,10.316573556797021,2.7001862197392925,13.016759776536313
Macleod,Normal Weekend,12:00–16:00,8.608786610878662,6.0303347280334725,14.639121338912133
Macleod,Normal Weekend,16:00–20:00,5.537525354969574,8.108519269776876,13.64604462474645
Macleod,Normal Weekend,20:00–00:00,1.088328075709779,6.995268138801261,8.08359621451104
Macleod,Public Holiday,00:00–04:00,0.19230769230769232,1.3461538461538463,1.5384615384615385
Macleod,Public Holiday,04:00–08:00,1.9594594594594594,0.06756756756756757,2.027027027027027
Macleod,Public Holiday,08:00–12:00,8.120805369127517,1.610738255033557,9.731543624161073
Macleod,Public Holiday,12:00–16:00,7.2727272727272725,4.515151515151516,11.787878787878789
Macleod,Public Holiday,16:00–20:00,2.852760736196319,7.484662576687117,10.337423312883436
Macleod,Public Holiday,20:00–00:00,0.39800995024875624,4.577114427860696,4.975124378109452
Macleod,School Holiday,00:00–04:00,0.07092198581560284,2.624113475177305,2.6950354609929077
Macleod,School Holiday,04:00–08:00,9.21264724116553,0.33477991320520767,9.54742715437074
Macleod,School Holiday,08:00–12:00,9.588832487309645,2.568527918781726,12.157360406091371
Macleod,School Holiday,12:00–16:00,5.732586068855084,7.453963170536429,13.186549239391514
Macleod,School Holiday,16:00–20:00,2.9215686274509802,12.25,15.17156862745098
Macleod,School Holiday,20:00–00:00,0.42630937880633374,5.627283800243605,6.053593179049939
Watsonia,Normal Weekday,00:00–04:00,0,3.292682926829268,3.292682926829268
Watsonia,Normal Weekday,04:00–08:00,23.82911944202267,0.4673060156931125,24.29642545771578
Watsonia,Normal Weekday,08:00–12:00,14.511702986279257,2.513317191283293,17.02502017756255
Watsonia,Normal Weekday,12:00–16:00,6.163849154746424,11.824880797572606,17.98872995231903
Watsonia,Normal Weekday,16:00–20:00,3.760093774420422,21.91977077363897,25.679864548059392
Watsonia,Normal Weekday,20:00–00:00,0.4994937563280459,8.596017549780628,9.095511306108675
Watsonia,Normal Weekend,00:00–04:00,0.0488997555012225,3.6919315403422983,3.740831295843521
Watsonia,Normal Weekend,04:00–08:00,1.8820861678004535,0.034013605442176874,1.9160997732426304
Watsonia,Normal Weekend,08:00–12:00,12.29315960912052,1.6547231270358307,13.947882736156352
Watsonia,Normal Weekend,12:00–16:00,9.733115468409586,5.522875816993464,15.25599128540305
Watsonia,Normal Weekend,16:00–20:00,6.5427509293680295,10.361125862984599,16.903876792352627
Watsonia,Normal Weekend,20:00–00:00,1.3060278207109737,9.605873261205565,10.911901081916538
Watsonia,Public Holiday,00:00–04:00,0,1.3461538461538463,1.3461538461538463
Watsonia,Public Holiday,04:00–08:00,2.318840579710145,0,2.318840579710145
Watsonia,Public Holiday,08:00–12:00,12.08904109589041,1.1986301369863013,13.287671232876711
Watsonia,Public Holiday,12:00–16:00,9.34375,6.34375,15.6875
Watsonia,Public Holiday,16:00–20:00,2.9780564263322886,10.25078369905956,13.22884012539185
Watsonia,Public Holiday,20:00–00:00,0.5164319248826291,6.619718309859155,7.136150234741784
Watsonia,School Holiday,00:00–04:00,0,4.397163120567376,4.397163120567376
Watsonia,School Holiday,04:00–08:00,17.769491525423728,0.061016949152542375,17.83050847457627
Watsonia,School Holiday,08:00–12:00,13.352236925015752,1.518588531821046,14.870825456836798
Watsonia,School Holiday,12:00–16:00,5.331040412725709,9.036973344797936,14.368013757523645
Watsonia,School Holiday,16:00–20:00,3.4024896265560165,18.428423236514522,21.830912863070537
Watsonia,School Holiday,20:00–00:00,0.6617647058823529,8.075980392156863,8.737745098039216
Greensborough,Normal Weekday,00:00–04:00,0.0945179584120983,2.7032136105860114,2.7977315689981097
Greensborough,Normal Weekday,04:00–08:00,16.122967479674795,1.6294037940379404,17.752371273712736
Greensborough,Normal Weekday,08:00–12:00,12.115414287918531,5.514581083166178,17.62999537108471
Greensborough,Normal Weekday,12:00–16:00,7.292351973684211,13.558799342105264,20.851151315789473
Greensborough,Normal Weekday,16:00–20:00,5.854855371900826,17.366993801652892,23.221849173553718
Greensborough,Normal Weekday,20:00–00:00,1.1220825852782765,6.693596648713346,7.815679233991622
Greensborough,Normal Weekend,00:00–04:00,0.11389521640091116,3.4624145785876994,3.5763097949886107
Greensborough,Normal Weekend,04:00–08:00,1.7063081695966908,0.4860392967942089,2.1923474663909
Greensborough,Normal Weekend,08:00–12:00,10.637931034482758,5.936781609195402,16.57471264367816
Greensborough,Normal Weekend,12:00–16:00,10.606936416184972,7.89980732177264,18.506743737957613
Greensborough,Normal Weekend,16:00–20:00,7.744218971212836,9.598867390278434,17.34308636149127
Greensborough,Normal Weekend,20:00–00:00,1.9050942079553383,7.299371946964411,9.20446615491975
Greensborough,Public Holiday,00:00–04:00,0.19230769230769232,1.7307692307692308,1.9230769230769231
Greensborough,Public Holiday,04:00–08:00,2.1739130434782608,0.36231884057971014,2.5362318840579707
Greensborough,Public Holiday,08:00–12:00,9.82876712328767,4.383561643835616,14.212328767123287
Greensborough,Public Holiday,12:00–16:00,10.4375,7.78125,18.21875
Greensborough,Public Holiday,16:00–20:00,5.314465408805032,10.251572327044025,15.566037735849058
Greensborough,Public Holiday,20:00–00:00,0.8411214953271028,5.140186915887851,5.981308411214954
Greensborough,School Holiday,00:00–04:00,0,3.23943661971831,3.23943661971831
Greensborough,School Holiday,04:00–08:00,11.75593220338983,0.8542372881355932,12.610169491525424
Greensborough,School Holiday,08:00–12:00,11.13421550094518,5.73408947700063,16.86830497794581
Greensborough,School Holiday,12:00–16:00,9.14802065404475,11.798623063683305,20.946643717728055
Greensborough,School Holiday,16:00–20:00,5.379310344827586,14.86472148541114,20.244031830238725
Greensborough,School Holiday,20:00–00:00,1.173054587688734,6.689895470383275,7.862950058072009
Montmorency,Normal Weekday,00:00–04:00,0,1.659513590844063,1.659513590844063
Montmorency,Normal Weekday,04:00–08:00,11.814918228958915,0.0997207818109294,11.914639010769845
Montmorency,Normal Weekday,08:00–12:00,6.57917760279965,1.100612423447069,7.679790026246719
Montmorency,Normal Weekday,12:00–16:00,2.312293729372937,5.587871287128713,7.900165016501649
Montmorency,Normal Weekday,16:00–20:00,1.919776119402985,12.67910447761194,14.598880597014926
Montmorency,Normal Weekday,20:00–00:00,0.060202788339670466,2.9784537389100127,3.038656527249683
Montmorency,Normal Weekend,00:00–04:00,0.03968253968253968,1.9047619047619047,1.9444444444444444
Montmorency,Normal Weekend,04:00–08:00,0.33297529538131043,0,0.33297529538131043
Montmorency,Normal Weekend,08:00–12:00,5.0761421319796955,0.7163000564015792,5.7924421883812744
Montmorency,Normal Weekend,12:00–16:00,4.188327611574302,2.339382050024522,6.5277096615988235
Montmorency,Normal Weekend,16:00–20:00,2.4901185770750986,4.476284584980237,6.966403162055336
Montmorency,Normal Weekend,20:00–00:00,0.3541823662396383,3.202712886209495,3.5568952524491335
Montmorency,Public Holiday,00:00–04:00,0,0.9230769230769231,0.9230769230769231
Montmorency,Public Holiday,04:00–08:00,0.8759124087591241,0,0.8759124087591241
Montmorency,Public Holiday,08:00–12:00,5.347222222222222,0.5902777777777778,5.9375
Montmorency,Public Holiday,12:00–16:00,4.129032258064516,3,7.129032258064516
Montmorency,Public Holiday,16:00–20:00,1.1475409836065573,4.39344262295082,5.540983606557377
Montmorency,Public Holiday,20:00–00:00,0.19801980198019803,2.623762376237624,2.821782178217822
Montmorency,School Holiday,00:00–04:00,0,1.2903225806451613,1.2903225806451613
Montmorency,School Holiday,04:00–08:00,7.746591820368885,0,7.746591820368885
Montmorency,School Holiday,08:00–12:00,6.207642393655371,0.4974765681326604,6.705118961788032
Montmorency,School Holiday,12:00–16:00,2.171280276816609,4.3944636678200695,6.5657439446366785
Montmorency,School Holiday,16:00–20:00,1.7628705148205928,10.210608424336973,11.973478939157566
Montmorency,School Holiday,20:00–00:00,0.04920049200492005,2.8290282902829027,2.878228782287823
Eltham,Normal Weekday,00:00–04:00,0.028288543140028287,3.422913719943423,3.4512022630834513
Eltham,Normal Weekday,04:00–08:00,22.193216855087357,1.89311408016444,24.086330935251798
Eltham,Normal Weekday,08:00–12:00,11.853035143769969,6.4503110812174205,18.30334622498739
Eltham,Normal Weekday,12:00–16:00,9.135954135954137,11.089271089271088,20.225225225225223
Eltham,Normal Weekday,16:00–20:00,5.309876763707805,21.914627612073584,27.22450437578139
Eltham,Normal Weekday,20:00–00:00,0.7015346069527091,5.991230817413091,6.6927654243658
Eltham,Normal Weekend,00:00–04:00,0.11605415860735009,3.9264990328820115,4.042553191489362
Eltham,Normal Weekend,04:00–08:00,0.7676348547717843,0.12448132780082988,0.8921161825726142
Eltham,Normal Weekend,08:00–12:00,8.815013404825738,4.230563002680965,13.045576407506703
Eltham,Normal Weekend,12:00–16:00,8.754681647940075,6.77434456928839,15.529026217228465
Eltham,Normal Weekend,16:00–20:00,6.176748582230624,8.265595463137997,14.442344045368621
Eltham,Normal Weekend,20:00–00:00,1.7959770114942528,5.675287356321839,7.471264367816092
Eltham,Public Holiday,00:00–04:00,0,1.8461538461538463,1.8461538461538463
Eltham,Public Holiday,04:00–08:00,1.094890510948905,0.145985401459854,1.2408759124087592
Eltham,Public Holiday,08:00–12:00,8.645833333333334,3.4027777777777777,12.04861111111111
Eltham,Public Holiday,12:00–16:00,9.129032258064516,7.258064516129032,16.387096774193548
Eltham,Public Holiday,16:00–20:00,4.046052631578948,8.782894736842104,12.828947368421051
Eltham,Public Holiday,20:00–00:00,1.1330049261083743,4.679802955665025,5.8128078817733995
Eltham,School Holiday,00:00–04:00,0,3.351063829787234,3.351063829787234
Eltham,School Holiday,04:00–08:00,14.483333333333333,0.3,14.783333333333333
Eltham,School Holiday,08:00–12:00,12,3.8815331010452963,15.881533101045296
Eltham,School Holiday,12:00–16:00,6.511226252158894,10.155440414507773,16.666666666666668
Eltham,School Holiday,16:00–20:00,4.6101438304314915,18.50870552611658,23.11884935654807
Eltham,School Holiday,20:00–00:00,0.7616707616707616,5.8108108108108105,6.572481572481572
Diamond Creek,Normal Weekday,00:00–04:00,0.020161290322580645,0.3024193548387097,0.3225806451612903
Diamond Creek,Normal Weekday,04:00–08:00,12.162082224194025,0.07394262052647146,12.236024844720497
Diamond Creek,Normal Weekday,08:00–12:00,8.0466472303207,1.6812439261418852,9.727891156462585
Diamond Creek,Normal Weekday,12:00–16:00,3.4243070362473347,7.667377398720682,11.091684434968016
Diamond Creek,Normal Weekday,16:00–20:00,1.408278226794024,12.27773695811903,13.686015184913055
Diamond Creek,Normal Weekday,20:00–00:00,0.43556085918854415,1.9809069212410502,2.416467780429594
Diamond Creek,Normal Weekend,00:00–04:00,0.078125,0.4947916666666667,0.5729166666666667
Diamond Creek,Normal Weekend,04:00–08:00,0.2926208651399491,0.06361323155216285,0.356234096692112
Diamond Creek,Normal Weekend,08:00–12:00,4.476275738585497,1.477170993733214,5.953446732318711
Diamond Creek,Normal Weekend,12:00–16:00,4.254937163375224,3.895870736086176,8.1508078994614
Diamond Creek,Normal Weekend,16:00–20:00,3.1735985533453888,3.887884267631103,7.061482820976492
Diamond Creek,Normal Weekend,20:00–00:00,1.5925925925925926,1.6049382716049383,3.197530864197531
Diamond Creek,Public Holiday,00:00–04:00,0.20833333333333334,0,0.20833333333333334
Diamond Creek,Public Holiday,04:00–08:00,0.6185567010309279,0.10309278350515463,0.7216494845360825
Diamond Creek,Public Holiday,08:00–12:00,5.194805194805195,1.6883116883116882,6.883116883116883
Diamond Creek,Public Holiday,12:00–16:00,4.903225806451613,3.870967741935484,8.774193548387096
Diamond Creek,Public Holiday,16:00–20:00,2.236842105263158,3.486842105263158,5.723684210526316
Diamond Creek,Public Holiday,20:00–00:00,0.42735042735042733,1.623931623931624,2.051282051282051
Diamond Creek,School Holiday,00:00–04:00,0,0.5147058823529411,0.5147058823529411
Diamond Creek,School Holiday,04:00–08:00,8.156626506024097,0.012048192771084338,8.168674698795181
Diamond Creek,School Holiday,08:00–12:00,7.144772117962466,1.2868632707774799,8.431635388739945
Diamond Creek,School Holiday,12:00–16:00,4.408602150537634,5.949820788530466,10.358422939068099
Diamond Creek,School Holiday,16:00–20:00,1.3493723849372385,9.811715481171548,11.161087866108787
Diamond Creek,School Holiday,20:00–00:00,0.35799522673031026,2.3627684964200477,2.720763723150358
Wattle Glen,Normal Weekday,00:00–04:00,0,0.04032258064516129,0.04032258064516129
Wattle Glen,Normal Weekday,04:00–08:00,2.532544378698225,0,2.532544378698225
Wattle Glen,Normal Weekday,08:00–12:00,1.9177194687398769,0.045351473922902494,1.9630709426627793
Wattle Glen,Normal Weekday,12:00–16:00,0.08550662676357418,1.0260795211628901,1.1115861479264644
Wattle Glen,Normal Weekday,16:00–20:00,0.07609229258713794,2.6435935198821796,2.7196858124693177
Wattle Glen,Normal Weekday,20:00–00:00,0,0.16129032258064516,0.16129032258064516
Wattle Glen,Normal Weekend,00:00–04:00,0,0.052083333333333336,0.052083333333333336
Wattle Glen,Normal Weekend,04:00–08:00,0,0,0
Wattle Glen,Normal Weekend,08:00–12:00,0.5734767025089605,0.11648745519713262,0.6899641577060932
Wattle Glen,Normal Weekend,12:00–16:00,0.5595667870036101,0.2888086642599278,0.8483754512635379
Wattle Glen,Normal Weekend,16:00–20:00,0.2536231884057971,0.4257246376811594,0.6793478260869565
Wattle Glen,Normal Weekend,20:00–00:00,0.07407407407407407,0.12345679012345678,0.19753086419753085
Wattle Glen,Public Holiday,00:00–04:00,0,0,0
Wattle Glen,Public Holiday,04:00–08:00,0,0,0
Wattle Glen,Public Holiday,08:00–12:00,0.7142857142857143,0.12987012987012986,0.8441558441558441
Wattle Glen,Public Holiday,12:00–16:00,0.5161290322580645,0.1935483870967742,0.7096774193548387
Wattle Glen,Public Holiday,16:00–20:00,0,0.2631578947368421,0.2631578947368421
Wattle Glen,Public Holiday,20:00–00:00,0,0,0
Wattle Glen,School Holiday,00:00–04:00,0,0,0
Wattle Glen,School Holiday,04:00–08:00,1.5560916767189386,0,1.5560916767189386
Wattle Glen,School Holiday,08:00–12:00,1.0187667560321716,0.05361930294906166,1.0723860589812333
Wattle Glen,School Holiday,12:00–16:00,0.2158273381294964,0.5935251798561151,0.8093525179856115
Wattle Glen,School Holiday,16:00–20:00,0.11554621848739496,1.6491596638655461,1.7647058823529411
Wattle Glen,School Holiday,20:00–00:00,0,0.0477326968973747,0.0477326968973747
Hurstbridge,Normal Weekday,00:00–04:00,0,0.1511879049676026,0.1511879049676026
Hurstbridge,Normal Weekday,04:00–08:00,5.583185316755476,0.002960331557134399,5.586145648312611
Hurstbridge,Normal Weekday,08:00–12:00,6.447325769854133,0.9238249594813615,7.371150729335494
Hurstbridge,Normal Weekday,12:00–16:00,2.133390337751176,6.3146643864899525,8.448054724241128
Hurstbridge,Normal Weekday,16:00–20:00,0.5973295853829936,6.427734832513469,7.025064417896463
Hurstbridge,Normal Weekday,20:00–00:00,0.026455026455026454,1.1904761904761905,1.216931216931217
Hurstbridge,Normal Weekend,00:00–04:00,0,0.2949852507374631,0.2949852507374631
Hurstbridge,Normal Weekend,04:00–08:00,0.22929936305732485,0.07643312101910828,0.3057324840764331
Hurstbridge,Normal Weekend,08:00–12:00,4.2959641255605385,2.188340807174888,6.4843049327354265
Hurstbridge,Normal Weekend,12:00–16:00,5.749097472924188,3.339350180505415,9.088447653429602
Hurstbridge,Normal Weekend,16:00–20:00,2.851135407905803,2.7922624053826746,5.643397813288478
Hurstbridge,Normal Weekend,20:00–00:00,0.1815823605706874,0.8430609597924773,1.0246433203631646
Hurstbridge,Public Holiday,00:00–04:00,0,0.22727272727272727,0.22727272727272727
Hurstbridge,Public Holiday,04:00–08:00,0,0,0
Hurstbridge,Public Holiday,08:00–12:00,4.090909090909091,1.948051948051948,6.038961038961039
Hurstbridge,Public Holiday,12:00–16:00,4.064516129032258,3.225806451612903,7.290322580645161
Hurstbridge,Public Holiday,16:00–20:00,1.1515151515151516,2.787878787878788,3.9393939393939394
Hurstbridge,Public Holiday,20:00–00:00,0.18518518518518517,1.1111111111111112,1.2962962962962963
Hurstbridge,School Holiday,00:00–04:00,0,0.3125,0.3125
Hurstbridge,School Holiday,04:00–08:00,3.53437876960193,0.012062726176115802,3.546441495778046
Hurstbridge,School Holiday,08:00–12:00,5.040214477211796,1.2734584450402144,6.31367292225201
Hurstbridge,School Holiday,12:00–16:00,3.7050359712230216,4.5503597122302155,8.255395683453237
Hurstbridge,School Holiday,16:00–20:00,0.7307307307307307,5.405405405405405,6.136136136136136
Hurstbridge,School Holiday,20:00–00:00,0.05263157894736842,1.1842105263157894,1.2368421052631577
Williamstown,Normal Weekday,00:00–04:00,0,0.23980815347721823,0.23980815347721823
Williamstown,Normal Weekday,04:00–08:00,5.735785953177258,0.6243032329988851,6.360089186176143
Williamstown,Normal Weekday,08:00–12:00,5.065738592420727,3.3932714617169375,8.459010054137664
Williamstown,Normal Weekday,12:00–16:00,3.8682784493538973,4.674864526886203,8.5431429762401
Williamstown,Normal Weekday,16:00–20:00,2.593453009503696,7.514255543822598,10.107708553326294
Williamstown,Normal Weekday,20:00–00:00,0.11427052883337763,1.0815838426787139,1.1958543715120915
Williamstown,Normal Weekend,00:00–04:00,0.10362694300518134,0.25906735751295334,0.36269430051813467
Williamstown,Normal Weekend,04:00–08:00,0.04296455424274973,0.010741138560687433,0.05370569280343716
Williamstown,Normal Weekend,08:00–12:00,2.1614349775784754,3.2242152466367715,5.385650224215247
Williamstown,Normal Weekend,12:00–16:00,5.9944237918215615,8.094795539033457,14.08921933085502
Williamstown,Normal Weekend,16:00–20:00,4.130028063610851,5.149672591206735,9.279700654817585
Williamstown,Normal Weekend,20:00–00:00,1.014344262295082,0.7172131147540983,1.7315573770491803
Williamstown,Public Holiday,00:00–04:00,0,0,0
Williamstown,Public Holiday,04:00–08:00,0.15151515151515152,0.07575757575757576,0.2272727272727273
Williamstown,Public Holiday,08:00–12:00,1.875,2.125,4
Williamstown,Public Holiday,12:00–16:00,5.354838709677419,5.806451612903226,11.161290322580644
Williamstown,Public Holiday,16:00–20:00,3.2450331125827816,3.9403973509933774,7.185430463576159
Williamstown,Public Holiday,20:00–00:00,0.4059040590405904,0.44280442804428044,0.8487084870848709
Williamstown,School Holiday,00:00–04:00,0,0.09345794392523364,0.09345794392523364
Williamstown,School Holiday,04:00–08:00,3.7301587301587302,0.4497354497354497,4.1798941798941796
Williamstown,School Holiday,08:00–12:00,5.413953488372093,3.441860465116279,8.855813953488372
Williamstown,School Holiday,12:00–16:00,4.57,5.83,10.4
Williamstown,School Holiday,16:00–20:00,2.887323943661972,6.951710261569416,9.839034205231389
Williamstown,School Holiday,20:00–00:00,0.19473081328751432,1.1111111111111112,1.3058419243986255
Williamstown Beach,Normal Weekday,00:00–04:00,0,0.16826923076923078,0.16826923076923078
Williamstown Beach,Normal Weekday,04:00–08:00,6.683389074693422,1.4381270903010033,8.121516164994425
Williamstown Beach,Normal Weekday,08:00–12:00,5.614849187935035,4.344547563805104,9.95939675174014
Williamstown Beach,Normal Weekday,12:00–16:00,4.266360983743226,5.502292621925802,9.768653605669028
Williamstown Beach,Normal Weekday,16:00–20:00,3.691657866948258,8.686378035902852,12.37803590285111
Williamstown Beach,Normal Weekday,20:00–00:00,0.19659936238044634,0.6562167906482466,0.8528161530286928
Williamstown Beach,Normal Weekend,00:00–04:00,0.1282051282051282,0.1282051282051282,0.2564102564102564
Williamstown Beach,Normal Weekend,04:00–08:00,0,0.010752688172043012,0.010752688172043012
Williamstown Beach,Normal Weekend,08:00–12:00,2.2072678331090176,2.256617317182593,4.463885150291611
Williamstown Beach,Normal Weekend,12:00–16:00,5.460037174721189,8.224907063197026,13.684944237918216
Williamstown Beach,Normal Weekend,16:00–20:00,4.855140186915888,5.121495327102804,9.976635514018692
Williamstown Beach,Normal Weekend,20:00–00:00,0.5535622757560226,0.3434136340338288,0.8969759097898513
Williamstown Beach,Public Holiday,00:00–04:00,0,0.25,0.25
Williamstown Beach,Public Holiday,04:00–08:00,0.07575757575757576,0,0.07575757575757576
Williamstown Beach,Public Holiday,08:00–12:00,1.9122257053291536,2.633228840125392,4.545454545454545
Williamstown Beach,Public Holiday,12:00–16:00,6.032258064516129,9.67741935483871,15.70967741935484
Williamstown Beach,Public Holiday,16:00–20:00,5.8415841584158414,5.2805280528052805,11.122112211221122
Williamstown Beach,Public Holiday,20:00–00:00,0.4797047970479705,0.18450184501845018,0.6642066420664207
Williamstown Beach,School Holiday,00:00–04:00,0,0,0
Williamstown Beach,School Holiday,04:00–08:00,4.060846560846561,1.0317460317460319,5.092592592592593
Williamstown Beach,School Holiday,08:00–12:00,5.3023255813953485,4.251162790697674,9.553488372093023
Williamstown Beach,School Holiday,12:00–16:00,4.91,7.73,12.64
Williamstown Beach,School Holiday,16:00–20:00,5.0603621730382295,8.35010060362173,13.410462776659958
Williamstown Beach,School Holiday,20:00–00:00,0.4352806414662085,0.8934707903780069,1.3287514318442155
North Williamstown,Normal Weekday,00:00–04:00,0,0.7692307692307693,0.7692307692307693
North Williamstown,Normal Weekday,04:00–08:00,16.061872909698998,2.148829431438127,18.210702341137125
North Williamstown,Normal Weekday,08:00–12:00,11.196724362553509,6.292573981016192,17.4892983435697
North Williamstown,Normal Weekday,12:00–16:00,6.24765478424015,8.094642484886387,14.342297269126536
North Williamstown,Normal Weekday,16:00–20:00,5.103637901861252,15.585871404399324,20.689509306260575
North Williamstown,Normal Weekday,20:00–00:00,0.12885154061624648,2.2605042016806722,2.3893557422969187
North Williamstown,Normal Weekend,00:00–04:00,0.1282051282051282,0.9230769230769231,1.0512820512820513
North Williamstown,Normal Weekend,04:00–08:00,0.10752688172043011,0.06451612903225806,0.17204301075268819
North Williamstown,Normal Weekend,08:00–12:00,4.3720328010358225,3.0254639620198533,7.397496763055676
North Williamstown,Normal Weekend,12:00–16:00,7.12360594795539,6.477695167286245,13.601301115241636
North Williamstown,Normal Weekend,16:00–20:00,4.532619279454723,6.270691333982473,10.803310613437196
North Williamstown,Normal Weekend,20:00–00:00,0.46153846153846156,1.6564102564102565,2.117948717948718
North Williamstown,Public Holiday,00:00–04:00,0,0.25,0.25
North Williamstown,Public Holiday,04:00–08:00,0.15151515151515152,0.07575757575757576,0.2272727272727273
North Williamstown,Public Holiday,08:00–12:00,3.595166163141994,1.661631419939577,5.256797583081571
North Williamstown,Public Holiday,12:00–16:00,5.838709677419355,4.419354838709677,10.258064516129032
North Williamstown,Public Holiday,16:00–20:00,2.9896907216494846,5.085910652920962,8.075601374570446
North Williamstown,Public Holiday,20:00–00:00,0.2952029520295203,1.033210332103321,1.3284132841328413
North Williamstown,School Holiday,00:00–04:00,0,0.9345794392523364,0.9345794392523364
North Williamstown,School Holiday,04:00–08:00,10.304232804232804,1.4814814814814814,11.785714285714285
North Williamstown,School Holiday,08:00–12:00,10.572963294538944,4.905998209489705,15.47896150402865
North Williamstown,School Holiday,12:00–16:00,6.34,7.51,13.85
North Williamstown,School Holiday,16:00–20:00,5.211267605633803,13.551307847082494,18.7625754527163
North Williamstown,School Holiday,20:00–00:00,0.1444043321299639,2.394705174488568,2.539109506618532
Newport,Normal Weekday,00:00–04:00,1.8173431734317342,4.898523985239852,6.715867158671586
Newport,Normal Weekday,04:00–08:00,21.474759933045547,4.538807153554753,26.0135670866003
Newport,Normal Weekday,08:00–12:00,20.569201700519603,7.026452527161077,27.59565422768068
Newport,Normal Weekday,12:00–16:00,8.561548134693307,12.688277211121978,21.249825345815285
Newport,Normal Weekday,16:00–20:00,8.582186739142744,22.511182832229206,31.09336957137195
Newport,Normal Weekday,20:00–00:00,4.662714878482514,9.807943094250149,14.470657972732663
Newport,Normal Weekend,00:00–04:00,1.6821465428276574,5.583075335397317,7.265221878224974
Newport,Normal Weekend,04:00–08:00,3.086206896551724,2.814655172413793,5.900862068965518
Newport,Normal Weekend,08:00–12:00,15.270491803278688,11.729508196721312,27
Newport,Normal Weekend,12:00–16:00,16.284393572529165,12.742681047765794,29.02707462029496
Newport,Normal Weekend,16:00–20:00,14.087109546854377,15.354157501099868,29.441267047954245
Newport,Normal Weekend,20:00–00:00,6.126889601465873,10.082455336692625,16.209344938158498
Newport,Public Holiday,00:00–04:00,0.4166666666666667,3.5416666666666665,3.958333333333333
Newport,Public Holiday,04:00–08:00,2.8525641025641026,1.5064102564102564,4.3589743589743595
Newport,Public Holiday,08:00–12:00,13.378378378378379,8.73873873873874,22.117117117117118
Newport,Public Holiday,12:00–16:00,13.043478260869565,10.869565217391305,23.913043478260867
Newport,Public Holiday,16:00–20:00,7.947882736156352,14.185667752442997,22.133550488599347
Newport,Public Holiday,20:00–00:00,3.592400690846287,7.322970639032815,10.915371329879102
Newport,School Holiday,00:00–04:00,1.338289962825279,5.16728624535316,6.5055762081784385
Newport,School Holiday,04:00–08:00,13.360096346848655,4.78924126856684,18.149337615415497
Newport,School Holiday,08:00–12:00,17.415426251691475,7.485791610284168,24.901217861975642
Newport,School Holiday,12:00–16:00,9.230275817831943,11.30532392559333,20.535599743425273
Newport,School Holiday,16:00–20:00,9.039979628214923,17.575757575757574,26.615737203972497
Newport,School Holiday,20:00–00:00,5.210631895687061,9.864593781344032,15.075225677031092
Spotswood,Normal Weekday,00:00–04:00,0,1.1131059245960502,1.1131059245960502
Spotswood,Normal Weekday,04:00–08:00,5.245857104047813,1.1980440097799512,6.443901113827764
Spotswood,Normal Weekday,08:00–12:00,5.386658795749705,2.817788272333727,8.204447068083432
Spotswood,Normal Weekday,12:00–16:00,2.858190196899874,3.814411395056556,6.672601591956431
Spotswood,Normal Weekday,16:00–20:00,2.676777074804615,6.503535541496093,9.180312616300707
Spotswood,Normal Weekday,20:00–00:00,1.1009583240472476,3.142411410742144,4.2433697347893915
Spotswood,Normal Weekend,00:00–04:00,0.13671875,1.42578125,1.5625
Spotswood,Normal Weekend,04:00–08:00,0.5957108816521048,0.27005559968228754,0.8657664813343924
Spotswood,Normal Weekend,08:00–12:00,3.7431693989071038,4.955601092896175,8.698770491803279
Spotswood,Normal Weekend,12:00–16:00,4.584998824359276,5.407947331295556,9.992946155654831
Spotswood,Normal Weekend,16:00–20:00,4.2218153282762225,5.7781846717237775,10
Spotswood,Normal Weekend,20:00–00:00,3.3738886289190453,3.631258773982218,7.0051474029012635
Spotswood,Public Holiday,00:00–04:00,0,0.17857142857142858,0.17857142857142858
Spotswood,Public Holiday,04:00–08:00,0.4444444444444444,0.2222222222222222,0.6666666666666666
Spotswood,Public Holiday,08:00–12:00,3.6538461538461537,2.8365384615384617,6.490384615384615
Spotswood,Public Holiday,12:00–16:00,3.3165829145728645,4.1708542713567835,7.4874371859296485
Spotswood,Public Holiday,16:00–20:00,3.026315789473684,4.116541353383458,7.142857142857142
Spotswood,Public Holiday,20:00–00:00,1.7857142857142858,2.5324675324675323,4.318181818181818
Spotswood,School Holiday,00:00–04:00,0,1.5037593984962405,1.5037593984962405
Spotswood,School Holiday,04:00–08:00,3.236245954692557,0.9773462783171522,4.213592233009709
Spotswood,School Holiday,08:00–12:00,4.551463644948064,3.909348441926346,8.460812086874409
Spotswood,School Holiday,12:00–16:00,3.835,4.045,7.88
Spotswood,School Holiday,16:00–20:00,3.0924222514235655,5.269382391590013,8.361804643013578
Spotswood,School Holiday,20:00–00:00,1.058252427184466,3.145631067961165,4.2038834951456305
Yarraville,Normal Weekday,00:00–04:00,0.1436265709156194,5.368043087971275,5.511669658886894
Yarraville,Normal Weekday,04:00–08:00,17.93806030969845,2.226297201847324,20.164357511545774
Yarraville,Normal Weekday,08:00–12:00,19.57693821330185,6.94706808343172,26.52400629673357
Yarraville,Normal Weekday,12:00–16:00,6.870221011836179,11.382633287943857,18.252854299780036
Yarraville,Normal Weekday,16:00–20:00,7.493253931329673,22.951521354796686,30.444775286126358
Yarraville,Normal Weekday,20:00–00:00,3.4053933585914864,10.44796077557388,13.853354134165368
Yarraville,Normal Weekend,00:00–04:00,0.4296875,5.72265625,6.15234375
Yarraville,Normal Weekend,04:00–08:00,2.8832406671961874,1.1993645750595712,4.082605242255759
Yarraville,Normal Weekend,08:00–12:00,12.76639344262295,10.724043715846994,23.490437158469945
Yarraville,Normal Weekend,12:00–16:00,11.932753350576064,12.17023277686339,24.102986127439454
Yarraville,Normal Weekend,16:00–20:00,9.278053884383992,14.454616793094429,23.73267067747842
Yarraville,Normal Weekend,20:00–00:00,6.073935423490875,10.40711277491811,16.481048198408985
Yarraville,Public Holiday,00:00–04:00,0.17857142857142858,3.0357142857142856,3.214285714285714
Yarraville,Public Holiday,04:00–08:00,1.8888888888888888,0.3888888888888889,2.2777777777777777
Yarraville,Public Holiday,08:00–12:00,11.153846153846153,6.7548076923076925,17.908653846153847
Yarraville,Public Holiday,12:00–16:00,9.597989949748744,8.793969849246231,18.391959798994975
Yarraville,Public Holiday,16:00–20:00,5.921052631578948,11.672932330827068,17.593984962406015
Yarraville,Public Holiday,20:00–00:00,3.538961038961039,7.207792207792208,10.746753246753247
Yarraville,School Holiday,00:00–04:00,0,6.015037593984962,6.015037593984962
Yarraville,School Holiday,04:00–08:00,11.15210355987055,1.8705501618122977,13.022653721682849
Yarraville,School Holiday,08:00–12:00,17.384324834749766,7.544853635505193,24.92917847025496
Yarraville,School Holiday,12:00–16:00,8.48575712143928,11.709145427286357,20.194902548725636
Yarraville,School Holiday,16:00–20:00,7.6697328077091544,19.53569864213754,27.205431449846692
Yarraville,School Holiday,20:00–00:00,4.194174757281553,10.475728155339805,14.669902912621358
Seddon,Normal Weekday,00:00–04:00,0.017953321364452424,2.675044883303411,2.6929982046678633
Seddon,Normal Weekday,04:00–08:00,9.472361809045227,0.36498280878074585,9.837344617825973
Seddon,Normal Weekday,08:00–12:00,9.951790633608816,2.046438410074774,11.99822904368359
Seddon,Normal Weekday,12:00–16:00,2.9234800838574424,4.59853249475891,7.522012578616352
Seddon,Normal Weekday,16:00–20:00,2.746398786959818,10.817854435178166,13.564253222137983
Seddon,Normal Weekday,20:00–00:00,0.24292400267439268,5.680855805660798,5.9237798083351905
Seddon,Normal Weekend,00:00–04:00,0.046948356807511735,2.2535211267605635,2.300469483568075
Seddon,Normal Weekend,04:00–08:00,0.9198813056379822,0.07418397626112759,0.9940652818991098
Seddon,Normal Weekend,08:00–12:00,6.230795493342438,2.1099351314441788,8.340730624786616
Seddon,Normal Weekend,12:00–16:00,4.728426992711028,3.9195861744650835,8.648013167176112
Seddon,Normal Weekend,16:00–20:00,3.3647305075876504,5.570381998953428,8.935112506541078
Seddon,Normal Weekend,20:00–00:00,0.5670103092783505,5.187441424554827,5.754451733833177
Seddon,Public Holiday,00:00–04:00,0,0.9302325581395349,0.9302325581395349
Seddon,Public Holiday,04:00–08:00,0.8808290155440415,0.05181347150259067,0.9326424870466321
Seddon,Public Holiday,08:00–12:00,4.951923076923077,0.9615384615384616,5.913461538461538
Seddon,Public Holiday,12:00–16:00,3.9464882943143813,2.8929765886287626,6.839464882943144
Seddon,Public Holiday,16:00–20:00,1.6384180790960452,4.55743879472693,6.195856873822975
Seddon,Public Holiday,20:00–00:00,0.22653721682847897,3.527508090614887,3.754045307443366
Seddon,School Holiday,00:00–04:00,0,3.007518796992481,3.007518796992481
Seddon,School Holiday,04:00–08:00,5.318210459987397,0.2646502835538752,5.582860743541272
Seddon,School Holiday,08:00–12:00,8.7204910292729,1.3692162417374882,10.089707271010388
Seddon,School Holiday,12:00–16:00,3.0334832583708145,3.8480759620189904,6.881559220389805
Seddon,School Holiday,16:00–20:00,2.672913877733155,8.56760374832664,11.240517626059795
Seddon,School Holiday,20:00–00:00,0.31037827352085356,5.518913676042677,5.829291949563531
Watergardens,Normal Weekday,00:00–04:00,0.02364066193853428,10.44917257683215,10.472813238770685
Watergardens,Normal Weekday,04:00–08:00,55.784865540963104,4.08223889931207,59.86710444027517
Watergardens,Normal Weekday,08:00–12:00,35.795788442703234,12.086190009794318,47.88197845249755
Watergardens,Normal Weekday,12:00–16:00,20.22065640645281,41.652141665121455,61.872798071574266
Watergardens,Normal Weekday,16:00–20:00,9.437995009222089,51.99522621243354,61.43322122165563
Watergardens,Normal Weekday,20:00–00:00,4.493850520340587,20.33743298643961,24.831283506780196
Watergardens,Normal Weekend,00:00–04:00,0.3883495145631068,9.847434119278779,10.235783633841885
Watergardens,Normal Weekend,04:00–08:00,9.437689969604863,4.0121580547112465,13.44984802431611
Watergardens,Normal Weekend,08:00–12:00,28.098859315589355,19.287072243346007,47.38593155893536
Watergardens,Normal Weekend,12:00–16:00,23.584752635847526,25.206812652068127,48.79156528791565
Watergardens,Normal Weekend,16:00–20:00,18.356164383561644,28.87920298879203,47.23536737235368
Watergardens,Normal Weekend,20:00–00:00,5.444587628865979,19.61984536082474,25.06443298969072
Watergardens,Public Holiday,00:00–04:00,0.5882352941176471,7.647058823529412,8.23529411764706
Watergardens,Public Holiday,04:00–08:00,10.180722891566266,2.7710843373493974,12.951807228915662
Watergardens,Public Holiday,08:00–12:00,26.8259385665529,14.2320819112628,41.0580204778157
Watergardens,Public Holiday,12:00–16:00,24,22.246153846153845,46.246153846153845
Watergardens,Public Holiday,16:00–20:00,13.689320388349515,29.870550161812297,43.55987055016181
Watergardens,Public Holiday,20:00–00:00,4.444444444444445,19.595959595959595,24.04040404040404
Watergardens,School Holiday,00:00–04:00,0.04950495049504951,11.138613861386139,11.188118811881187
Watergardens,School Holiday,04:00–08:00,38.28804347826087,3.125,41.41304347826087
Watergardens,School Holiday,08:00–12:00,29.035181236673775,11.156716417910447,40.191897654584224
Watergardens,School Holiday,12:00–16:00,21.444533120510773,33.17637669592977,54.620909816440545
Watergardens,School Holiday,16:00–20:00,8.81141787552644,41.455311183902666,50.2667290594291
Watergardens,School Holiday,20:00–00:00,4.73753280839895,20.091863517060368,24.829396325459317
Keilor Plains,Normal Weekday,00:00–04:00,0.023809523809523808,6.285714285714286,6.309523809523809
Keilor Plains,Normal Weekday,04:00–08:00,28.26712543009071,0.6193306224585549,28.886456052549267
Keilor Plains,Normal Weekday,08:00–12:00,18.022785740536566,2.3557515619257625,20.378537302462327
Keilor Plains,Normal Weekday,12:00–16:00,8.146435452793835,16.29865125240848,24.445086705202314
Keilor Plains,Normal Weekday,16:00–20:00,3.318156579677957,23.424764019988896,26.742920599666853
Keilor Plains,Normal Weekday,20:00–00:00,0.9952305246422893,13.939586645468998,14.934817170111288
Keilor Plains,Normal Weekend,00:00–04:00,0.05555555555555555,4.930555555555555,4.986111111111111
Keilor Plains,Normal Weekend,04:00–08:00,7.066869300911854,0.5927051671732523,7.659574468085107
Keilor Plains,Normal Weekend,08:00–12:00,15.657957244655583,4.1520190023752965,19.80997624703088
Keilor Plains,Normal Weekend,12:00–16:00,9.72830494728305,7.871046228710462,17.59935117599351
Keilor Plains,Normal Weekend,16:00–20:00,6.0398613518197575,13.60051993067591,19.640381282495667
Keilor Plains,Normal Weekend,20:00–00:00,2.0207570207570207,10.818070818070819,12.83882783882784
Keilor Plains,Public Holiday,00:00–04:00,0,5.147058823529412,5.147058823529412
Keilor Plains,Public Holiday,04:00–08:00,7.409638554216867,0.24096385542168675,7.650602409638554
Keilor Plains,Public Holiday,08:00–12:00,14.505119453924914,3.037542662116041,17.542662116040955
Keilor Plains,Public Holiday,12:00–16:00,9.876923076923077,7.753846153846154,17.630769230769232
Keilor Plains,Public Holiday,16:00–20:00,5.472972972972973,13.986486486486486,19.45945945945946
Keilor Plains,Public Holiday,20:00–00:00,2.1800947867298577,11.137440758293838,13.317535545023695
Keilor Plains,School Holiday,00:00–04:00,0,7.05,7.05
Keilor Plains,School Holiday,04:00–08:00,20.312712440516655,0.46227056424201224,20.774983004758667
Keilor Plains,School Holiday,08:00–12:00,14.587985114300904,2.0148856990962254,16.60287081339713
Keilor Plains,School Holiday,12:00–16:00,8.464730290456432,12.87136929460581,21.336099585062243
Keilor Plains,School Holiday,16:00–20:00,2.96987087517934,18.775705404112866,21.745576279292205
Keilor Plains,School Holiday,20:00–00:00,1.2566137566137565,13.465608465608465,14.722222222222221
St Albans,Normal Weekday,00:00–04:00,0,5.6183206106870225,5.6183206106870225
St Albans,Normal Weekday,04:00–08:00,25.140458508233774,2.7784953180497256,27.9189538262835
St Albans,Normal Weekday,08:00–12:00,30.743841186319063,8.488399904329109,39.232241090648174
St Albans,Normal Weekday,12:00–16:00,28.489402697495184,29.17533718689788,57.664739884393065
St Albans,Normal Weekday,16:00–20:00,9.312680435265378,29.303797468354432,38.61647790361981
St Albans,Normal Weekday,20:00–00:00,3.5885885885885886,22.333333333333332,25.92192192192192
St Albans,Normal Weekend,00:00–04:00,0.18055555555555555,6.708333333333333,6.888888888888888
St Albans,Normal Weekend,04:00–08:00,12.317629179331307,1.094224924012158,13.411854103343465
St Albans,Normal Weekend,08:00–12:00,30.1425855513308,7.723384030418251,37.86596958174905
St Albans,Normal Weekend,12:00–16:00,22.367247669233887,13.887312525334414,36.2545601945683
St Albans,Normal Weekend,16:00–20:00,14.042461005199307,23.323223570190642,37.36568457538995
St Albans,Normal Weekend,20:00–00:00,5.3357753357753355,16.8986568986569,22.234432234432234
St Albans,Public Holiday,00:00–04:00,0,7.5,7.5
St Albans,Public Holiday,04:00–08:00,11.08433734939759,1.2650602409638554,12.349397590361445
St Albans,Public Holiday,08:00–12:00,25.90443686006826,6.416382252559727,32.32081911262799
St Albans,Public Holiday,12:00–16:00,21.015384615384615,13.507692307692308,34.52307692307692
St Albans,Public Holiday,16:00–20:00,12.727272727272727,23.333333333333332,36.06060606060606
St Albans,Public Holiday,20:00–00:00,4.571428571428571,18.80952380952381,23.38095238095238
St Albans,School Holiday,00:00–04:00,0,5.454545454545454,5.454545454545454
St Albans,School Holiday,04:00–08:00,19.873684210526317,1.2421052631578948,21.115789473684213
St Albans,School Holiday,08:00–12:00,25.866182572614107,5.331950207468879,31.198132780082986
St Albans,School Holiday,12:00–16:00,25.41908713692946,22.058091286307054,47.47717842323651
St Albans,School Holiday,16:00–20:00,8.365200764818356,24.966539196940726,33.331739961759084
St Albans,School Holiday,20:00–00:00,4.364089775561097,21.957605985037407,26.321695760598505
Ginifer,Normal Weekday,00:00–04:00,0,4.1692307692307695,4.1692307692307695
Ginifer,Normal Weekday,04:00–08:00,20.40206684966898,7.527854028742128,27.92992087841111
Ginifer,Normal Weekday,08:00–12:00,17.585505859842144,8.767041377660847,26.35254723750299
Ginifer,Normal Weekday,12:00–16:00,14.658959537572255,18.489402697495184,33.14836223506744
Ginifer,Normal Weekday,16:00–20:00,7.722222222222222,18.979591836734695,26.701814058956916
Ginifer,Normal Weekday,20:00–00:00,1.9670164917541229,14.21889055472264,16.185907046476764
Ginifer,Normal Weekend,00:00–04:00,0.07861635220125786,3.6635220125786163,3.742138364779874
Ginifer,Normal Weekend,04:00–08:00,7.637065637065637,1.752895752895753,9.38996138996139
Ginifer,Normal Weekend,08:00–12:00,18.197729422894987,5.8183538315988645,24.01608325449385
Ginifer,Normal Weekend,12:00–16:00,11.609894566098946,9.882400648824007,21.492295214922954
Ginifer,Normal Weekend,16:00–20:00,6.493560448691317,15.558786871624429,22.052347320315747
Ginifer,Normal Weekend,20:00–00:00,2.6344743276283618,11.778728606356967,14.413202933985328
Ginifer,Public Holiday,00:00–04:00,0,3.2142857142857144,3.2142857142857144
Ginifer,Public Holiday,04:00–08:00,6.746987951807229,1.5060240963855422,8.253012048192772
Ginifer,Public Holiday,08:00–12:00,16.109215017064848,4.505119453924915,20.614334470989764
Ginifer,Public Holiday,12:00–16:00,11.138461538461538,8.584615384615384,19.723076923076924
Ginifer,Public Holiday,16:00–20:00,5.974025974025974,15.12987012987013,21.103896103896105
Ginifer,Public Holiday,20:00–00:00,2.7014218009478674,11.895734597156398,14.597156398104266
Ginifer,School Holiday,00:00–04:00,0,3.5064935064935066,3.5064935064935066
Ginifer,School Holiday,04:00–08:00,14.56140350877193,6.140350877192983,20.70175438596491
Ginifer,School Holiday,08:00–12:00,14.019709543568466,7.053941908713693,21.073651452282157
Ginifer,School Holiday,12:00–16:00,13.236514522821576,14.514522821576763,27.75103734439834
Ginifer,School Holiday,16:00–20:00,6.839024390243902,15.53170731707317,22.370731707317074
Ginifer,School Holiday,20:00–00:00,2.0698254364089776,14.002493765586035,16.07231920199501
Albion,Normal Weekday,00:00–04:00,0,2.220496894409938,2.220496894409938
Albion,Normal Weekday,04:00–08:00,14.704933892292809,1.2641083521444696,15.96904224443728
Albion,Normal Weekday,08:00–12:00,14.681513409961687,3.2806513409961684,17.962164750957854
Albion,Normal Weekday,12:00–16:00,7.695568400770713,10.454720616570327,18.15028901734104
Albion,Normal Weekday,16:00–20:00,2.99546485260771,15.2562358276644,18.25170068027211
Albion,Normal Weekday,20:00–00:00,0.535767734211314,9.530080814127507,10.06584854833882
Albion,Normal Weekend,00:00–04:00,0.07886435331230283,2.1135646687697163,2.192429022082019
Albion,Normal Weekend,04:00–08:00,4.529182879377432,0.17120622568093385,4.700389105058366
Albion,Normal Weekend,08:00–12:00,9.342857142857143,3.3380952380952382,12.680952380952382
Albion,Normal Weekend,12:00–16:00,6.3923794081880825,5.366842318605594,11.759221726793676
Albion,Normal Weekend,16:00–20:00,3.643092105263158,8.725328947368421,12.368421052631579
Albion,Normal Weekend,20:00–00:00,1.039119804400978,6.515892420537897,7.555012224938875
Albion,Public Holiday,00:00–04:00,0,2.857142857142857,2.857142857142857
Albion,Public Holiday,04:00–08:00,5.240963855421687,0.12048192771084337,5.36144578313253
Albion,Public Holiday,08:00–12:00,8.839590443686006,1.9112627986348123,10.750853242320819
Albion,Public Holiday,12:00–16:00,6.615384615384615,5.015384615384615,11.63076923076923
Albion,Public Holiday,16:00–20:00,3.3870967741935485,9.290322580645162,12.67741935483871
Albion,Public Holiday,20:00–00:00,0.7655502392344498,7.320574162679426,8.086124401913876
Albion,School Holiday,00:00–04:00,0,3.051948051948052,3.051948051948052
Albion,School Holiday,04:00–08:00,10.537334263782276,0.42568039078855546,10.96301465457083
Albion,School Holiday,08:00–12:00,10.822488287350339,2.108276939094222,12.93076522644456
Albion,School Holiday,12:00–16:00,6.558333333333334,8.175,14.733333333333334
Albion,School Holiday,16:00–20:00,2.394160583941606,11.815085158150852,14.209245742092458
Albion,School Holiday,20:00–00:00,0.5236907730673317,8.890274314214464,9.413965087281795
Epping,Normal Weekday,00:00–04:00,0.37249283667621774,6.418338108882521,6.790830945558739
Epping,Normal Weekday,04:00–08:00,21.772585206131865,6.61705610954011,28.389641315671973
Epping,Normal Weekday,08:00–12:00,14.999418266433974,13.588132635253054,28.587550901687028
Epping,Normal Weekday,12:00–16:00,22.230554586675968,17.08929194279735,39.31984652947332
Epping,Normal Weekday,16:00–20:00,8.654553817847287,23.336016559337626,31.990570377184913
Epping,Normal Weekday,20:00–00:00,3.3322932917316694,13.110764430577223,16.443057722308893
Epping,Normal Weekend,00:00–04:00,0.2568493150684932,6.609589041095891,6.866438356164384
Epping,Normal Weekend,04:00–08:00,8.722358722358722,2.4488124488124487,11.17117117117117
Epping,Normal Weekend,08:00–12:00,17.526829268292683,8.048780487804878,25.575609756097563
Epping,Normal Weekend,12:00–16:00,12.972861842105264,11.837993421052632,24.810855263157897
Epping,Normal Weekend,16:00–20:00,9.566265060240964,15.240963855421686,24.807228915662648
Epping,Normal Weekend,20:00–00:00,4.06186953597848,12.945527908540686,17.007397444519167
Epping,Public Holiday,00:00–04:00,0.1724137931034483,5.172413793103448,5.344827586206897
Epping,Public Holiday,04:00–08:00,7.181208053691275,1.476510067114094,8.65771812080537
Epping,Public Holiday,08:00–12:00,14.060402684563758,5.469798657718121,19.530201342281877
Epping,Public Holiday,12:00–16:00,12.218844984802432,9.39209726443769,21.61094224924012
Epping,Public Holiday,16:00–20:00,6.837349397590361,16.05421686746988,22.89156626506024
Epping,Public Holiday,20:00–00:00,3.7244897959183674,11.581632653061224,15.306122448979592
Epping,School Holiday,00:00–04:00,0.2158273381294964,7.0503597122302155,7.2661870503597115
Epping,School Holiday,04:00–08:00,14.712717882504842,4.0219496449322145,18.734667527437058
Epping,School Holiday,08:00–12:00,11.663296258847321,6.799797775530839,18.46309403437816
Epping,School Holiday,12:00–16:00,11.517792302106027,12.9920116194626,24.509803921568626
Epping,School Holiday,16:00–20:00,7.460159362549801,18.371513944223107,25.831673306772906
Epping,School Holiday,20:00–00:00,3.5107913669064748,13.035971223021583,16.546762589928058
Lalor,Normal Weekday,00:00–04:00,0.04580152671755725,6,6.0458015267175576
Lalor,Normal Weekday,04:00–08:00,19.104771273979342,0.5607476635514018,19.665518937530745
Lalor,Normal Weekday,08:00–12:00,13.633528751403269,2.1878508170138455,15.821379568417115
Lalor,Normal Weekday,12:00–16:00,6.839657738095238,11.409970238095237,18.249627976190474
Lalor,Normal Weekday,16:00–20:00,3.273151559813314,17.989437484647507,21.26258904446082
Lalor,Normal Weekday,20:00–00:00,0.8782936010037641,10.671267252195735,11.549560853199498
Lalor,Normal Weekend,00:00–04:00,0.08880994671403197,5.0799289520426285,5.1687388987566605
Lalor,Normal Weekend,04:00–08:00,7.549194991055456,0.259391771019678,7.808586762075135
Lalor,Normal Weekend,08:00–12:00,12.81148429035753,3.1202600216684724,15.931744312026002
Lalor,Normal Weekend,12:00–16:00,8.262250453720508,6.184210526315789,14.446460980036298
Lalor,Normal Weekend,16:00–20:00,5.329313543599258,10.49165120593692,15.820964749536177
Lalor,Normal Weekend,20:00–00:00,1.9387755102040816,9.435374149659864,11.374149659863946
Lalor,Public Holiday,00:00–04:00,0,5,5
Lalor,Public Holiday,04:00–08:00,5.906040268456376,0.06711409395973154,5.973154362416108
Lalor,Public Holiday,08:00–12:00,10.234899328859061,1.6442953020134228,11.879194630872483
Lalor,Public Holiday,12:00–16:00,7.689969604863222,5.957446808510638,13.647416413373861
Lalor,Public Holiday,16:00–20:00,3.619047619047619,9.142857142857142,12.761904761904761
Lalor,Public Holiday,20:00–00:00,1.4354066985645932,8.75598086124402,10.191387559808613
Lalor,School Holiday,00:00–04:00,0,6.397058823529412,6.397058823529412
Lalor,School Holiday,04:00–08:00,14.521072796934867,0.36015325670498083,14.881226053639848
Lalor,School Holiday,08:00–12:00,10.965842167255595,1.0482921083627796,12.014134275618375
Lalor,School Holiday,12:00–16:00,6.077057793345009,8.257443082311735,14.334500875656744
Lalor,School Holiday,16:00–20:00,2.727272727272727,15.240301100173712,17.96757382744644
Lalor,School Holiday,20:00–00:00,0.9370424597364568,10.307467057101025,11.244509516837482
Thomastown,Normal Weekday,00:00–04:00,0.0764525993883792,6.865443425076452,6.941896024464832
Thomastown,Normal Weekday,04:00–08:00,20.534115467736957,2.1781414016671814,22.712256869404136
Thomastown,Normal Weekday,08:00–12:00,15.846784206605413,5.460640675440775,21.30742488204619
Thomastown,Normal Weekday,12:00–16:00,12.67780172413793,16.30926724137931,28.98706896551724
Thomastown,Normal Weekday,16:00–20:00,7.1611001964636545,23.467583497053045,30.6286836935167
Thomastown,Normal Weekday,20:00–00:00,2.5673981191222572,13.664576802507836,16.231974921630094
Thomastown,Normal Weekend,00:00–04:00,0.17761989342806395,6.234458259325044,6.412078152753108
Thomastown,Normal Weekend,04:00–08:00,7.509727626459144,1.0019455252918288,8.511673151750973
Thomastown,Normal Weekend,08:00–12:00,18.937669376693766,5.67479674796748,24.612466124661246
Thomastown,Normal Weekend,12:00–16:00,14.900271985494108,9.968268359020852,24.86854034451496
Thomastown,Normal Weekend,16:00–20:00,9.968833481745325,15.35173642030276,25.320569902048085
Thomastown,Normal Weekend,20:00–00:00,4.60857726344452,12.614023144996596,17.222600408441117
Thomastown,Public Holiday,00:00–04:00,0.1724137931034483,5.689655172413793,5.862068965517241
Thomastown,Public Holiday,04:00–08:00,6.544117647058823,0.4411764705882353,6.985294117647059
Thomastown,Public Holiday,08:00–12:00,14.93288590604027,3.3557046979865772,18.288590604026847
Thomastown,Public Holiday,12:00–16:00,13.556231003039514,8.632218844984802,22.188449848024316
Thomastown,Public Holiday,16:00–20:00,7.386018237082067,15.106382978723405,22.492401215805472
Thomastown,Public Holiday,20:00–00:00,3.269230769230769,12.403846153846153,15.673076923076923
Thomastown,School Holiday,00:00–04:00,0.07352941176470588,6.176470588235294,6.25
Thomastown,School Holiday,04:00–08:00,15.825522710886807,1.5933669790915646,17.41888968997837
Thomastown,School Holiday,08:00–12:00,13.107311320754716,4.422169811320755,17.52948113207547
Thomastown,School Holiday,12:00–16:00,12.944162436548224,12.309644670050762,25.253807106598984
Thomastown,School Holiday,16:00–20:00,6.705269253039954,19.594672843080485,26.29994209612044
Thomastown,School Holiday,20:00–00:00,2.9282576866764276,12.415812591508052,15.34407027818448
Keon Park,Normal Weekday,00:00–04:00,0.027548209366391185,1.1294765840220387,1.15702479338843
Keon Park,Normal Weekday,04:00–08:00,3.771509167842031,5.404795486600846,9.176304654442877
Keon Park,Normal Weekday,08:00–12:00,4.447015270708006,4.997686256362795,9.444701527070801
Keon Park,Normal Weekday,12:00–16:00,7.172457762193178,5.852725533949633,13.025183296142812
Keon Park,Normal Weekday,16:00–20:00,4.9577281595491005,5.66876219380013,10.62649035334923
Keon Park,Normal Weekday,20:00–00:00,0.7623817473567056,3.8675570395102947,4.629938786867
Keon Park,Normal Weekend,00:00–04:00,0.03003003003003003,1.021021021021021,1.0510510510510511
Keon Park,Normal Weekend,04:00–08:00,1.4475873544093179,0.848585690515807,2.296173044925125
Keon Park,Normal Weekend,08:00–12:00,4.735349716446125,3.32703213610586,8.062381852551985
Keon Park,Normal Weekend,12:00–16:00,4.539732494099135,3.7136113296616835,8.253343823760819
Keon Park,Normal Weekend,16:00–20:00,3.057075840500391,4.386239249413604,7.443315089913995
Keon Park,Normal Weekend,20:00–00:00,0.9822485207100592,3.195266272189349,4.177514792899408
Keon Park,Public Holiday,00:00–04:00,0,0,0
Keon Park,Public Holiday,04:00–08:00,0.9803921568627451,0.39215686274509803,1.3725490196078431
Keon Park,Public Holiday,08:00–12:00,2.689075630252101,1.1764705882352942,3.8655462184873954
Keon Park,Public Holiday,12:00–16:00,2.0661157024793386,1.6528925619834711,3.7190082644628095
Keon Park,Public Holiday,16:00–20:00,1.1570247933884297,2.56198347107438,3.7190082644628095
Keon Park,Public Holiday,20:00–00:00,0.5,2.375,2.875
Keon Park,School Holiday,00:00–04:00,0,1.2359550561797752,1.2359550561797752
Keon Park,School Holiday,04:00–08:00,2.4434389140271495,3.5294117647058822,5.972850678733032
Keon Park,School Holiday,08:00–12:00,3.4967012252591894,3.3459000942507067,6.842601319509896
Keon Park,School Holiday,12:00–16:00,6.121134020618556,4.536082474226804,10.657216494845361
Keon Park,School Holiday,16:00–20:00,3.6059806508355323,4.564643799472296,8.170624450307828
Keon Park,School Holiday,20:00–00:00,0.6711409395973155,4.026845637583893,4.697986577181209
Ruthven,Normal Weekday,00:00–04:00,0.015384615384615385,4.4,4.415384615384616
Ruthven,Normal Weekday,04:00–08:00,11.082541762201114,0.5322633475270226,11.614805109728136
Ruthven,Normal Weekday,08:00–12:00,9.055832375111793,0.8074613517311869,9.86329372684298
Ruthven,Normal Weekday,12:00–16:00,4.242097701149425,6.063218390804598,10.305316091954023
Ruthven,Normal Weekday,16:00–20:00,2.507367387033399,11.477161100196463,13.984528487229863
Ruthven,Normal Weekday,20:00–00:00,0.4478546821171312,7.74819918571876,8.196053867835891
Ruthven,Normal Weekend,00:00–04:00,0.03590664272890485,3.5727109515260325,3.6086175942549374
Ruthven,Normal Weekend,04:00–08:00,3.764591439688716,0.07782101167315175,3.842412451361868
Ruthven,Normal Weekend,08:00–12:00,9.7289972899729,1.880758807588076,11.609756097560977
Ruthven,Normal Weekend,12:00–16:00,7.107887579329103,4.805077062556664,11.912964641885766
Ruthven,Normal Weekend,16:00–20:00,4.717652289906625,7.7323254779902175,12.449977767896844
Ruthven,Normal Weekend,20:00–00:00,1.1940298507462686,6.974219810040705,8.168249660786973
Ruthven,Public Holiday,00:00–04:00,0,2.586206896551724,2.586206896551724
Ruthven,Public Holiday,04:00–08:00,3.75,0.07352941176470588,3.823529411764706
Ruthven,Public Holiday,08:00–12:00,7.181208053691275,1.174496644295302,8.355704697986578
Ruthven,Public Holiday,12:00–16:00,6.4741641337386016,4.0121580547112465,10.486322188449847
Ruthven,Public Holiday,16:00–20:00,2.757575757575758,7.242424242424242,10
Ruthven,Public Holiday,20:00–00:00,0.966183574879227,6.038647342995169,7.004830917874396
Ruthven,School Holiday,00:00–04:00,0,3.823529411764706,3.823529411764706
Ruthven,School Holiday,04:00–08:00,8.2312404287902,0.35987748851454826,8.591117917304748
Ruthven,School Holiday,08:00–12:00,7.266143633071817,0.700060350030175,7.966203983101992
Ruthven,School Holiday,12:00–16:00,4.187817258883249,4.441624365482234,8.629441624365484
Ruthven,School Holiday,16:00–20:00,2.223508975101332,9.664157498552402,11.887666473653734
Ruthven,School Holiday,20:00–00:00,0.32210834553440704,6.7496339677891655,7.071742313323573
Reservoir,Normal Weekday,00:00–04:00,0.8092485549132948,7.369942196531792,8.179190751445086
Reservoir,Normal Weekday,04:00–08:00,23.33740085417938,3.0170835875533863,26.354484441732765
Reservoir,Normal Weekday,08:00–12:00,16.92963977248789,8.047187697493154,24.976827469981043
Reservoir,Normal Weekday,12:00–16:00,18.0675608544461,18.45338632223878,36.520947176684885
Reservoir,Normal Weekday,16:00–20:00,12.218255384981553,26.19897655599191,38.417231940973465
Reservoir,Normal Weekday,20:00–00:00,4.833087149187592,16.499261447562777,21.332348596750368
Reservoir,Normal Weekend,00:00–04:00,0.46075085324232085,6.160409556313994,6.621160409556315
Reservoir,Normal Weekend,04:00–08:00,7.792672028596962,0.7685433422698839,8.561215370866845
Reservoir,Normal Weekend,08:00–12:00,21.579990094105995,5.398712233779099,26.978702327885095
Reservoir,Normal Weekend,12:00–16:00,18.813488759367193,11.053288925895087,29.866777685262278
Reservoir,Normal Weekend,16:00–20:00,12.807801706623325,16.956521739130434,29.76432344575376
Reservoir,Normal Weekend,20:00–00:00,5.601023017902813,14.168797953964194,19.769820971867006
Reservoir,Public Holiday,00:00–04:00,0.1724137931034483,3.4482758620689653,3.6206896551724137
Reservoir,Public Holiday,04:00–08:00,6.350364963503649,0.291970802919708,6.642335766423357
Reservoir,Public Holiday,08:00–12:00,14.731543624161073,3.221476510067114,17.953020134228186
Reservoir,Public Holiday,12:00–16:00,14.545454545454545,7.96969696969697,22.515151515151516
Reservoir,Public Holiday,16:00–20:00,8.666666666666666,13.787878787878787,22.454545454545453
Reservoir,Public Holiday,20:00–00:00,5.242718446601942,9.951456310679612,15.194174757281555
Reservoir,School Holiday,00:00–04:00,1.9565217391304348,5.36231884057971,7.318840579710145
Reservoir,School Holiday,04:00–08:00,21.055408970976252,2.025065963060686,23.08047493403694
Reservoir,School Holiday,08:00–12:00,16.80691912108462,5.857877512856475,22.664796633941094
Reservoir,School Holiday,12:00–16:00,17.727272727272727,15.028409090909092,32.75568181818182
Reservoir,School Holiday,16:00–20:00,10.751650584052818,24.809547993905536,35.56119857795835
Reservoir,School Holiday,20:00–00:00,5.815602836879433,14.425531914893616,20.24113475177305
Regent,Normal Weekday,00:00–04:00,0,2.562225475841874,2.562225475841874
Regent,Normal Weekday,04:00–08:00,13.288680509042196,0.13395847287340926,13.422638981915606
Regent,Normal Weekday,08:00–12:00,11.358158592431911,0.7543986502771752,12.112557242709086
Regent,Normal Weekday,12:00–16:00,3.7158002735978113,7.017783857729138,10.73358413132695
Regent,Normal Weekday,16:00–20:00,3.2994746059544657,13.917104495037945,17.216579100992412
Regent,Normal Weekday,20:00–00:00,0.40718562874251496,7.152694610778443,7.559880239520958
Regent,Normal Weekend,00:00–04:00,0.034129692832764506,2.525597269624573,2.5597269624573378
Regent,Normal Weekend,04:00–08:00,2.278820375335121,0.08936550491510277,2.368185880250224
Regent,Normal Weekend,08:00–12:00,9.529470034670629,1.3967310549777117,10.926201089648341
Regent,Normal Weekend,12:00–16:00,8.16819317235637,4.820982514571191,12.98917568692756
Regent,Normal Weekend,16:00–20:00,5.249898415278342,7.988622511174319,13.238520926452662
Regent,Normal Weekend,20:00–00:00,0.9526854219948849,6.253196930946292,7.205882352941177
Regent,Public Holiday,00:00–04:00,0,1.7241379310344827,1.7241379310344827
Regent,Public Holiday,04:00–08:00,1.6058394160583942,0,1.6058394160583942
Regent,Public Holiday,08:00–12:00,7.583892617449664,0.9395973154362416,8.523489932885905
Regent,Public Holiday,12:00–16:00,6.848484848484849,4.484848484848484,11.333333333333332
Regent,Public Holiday,16:00–20:00,3.1515151515151514,7.424242424242424,10.575757575757574
Regent,Public Holiday,20:00–00:00,0.4368932038834951,4.368932038834951,4.805825242718447
Regent,School Holiday,00:00–04:00,0,2.0930232558139537,2.0930232558139537
Regent,School Holiday,04:00–08:00,10.100791936645068,0.07919366450683946,10.179985601151907
Regent,School Holiday,08:00–12:00,9.569377990430622,0.7177033492822966,10.28708133971292
Regent,School Holiday,12:00–16:00,4.181286549707602,5.701754385964913,9.883040935672515
Regent,School Holiday,16:00–20:00,2.7924340467894475,11.438526630164262,14.230960676953709
Regent,School Holiday,20:00–00:00,0.45317220543806647,6.646525679758308,7.099697885196374
Preston,Normal Weekday,00:00–04:00,0.014641288433382138,3.513909224011713,3.5285505124450953
Preston,Normal Weekday,04:00–08:00,10.582228318853833,2.1871665904587716,12.769394909312604
Preston,Normal Weekday,08:00–12:00,10.916376674048298,9.699462195507751,20.61583886955605
Preston,Normal Weekday,12:00–16:00,16.27564979480164,13.741450068399454,30.017099863201096
Preston,Normal Weekday,16:00–20:00,9.155208576089489,16.52062456303892,25.675833139128407
Preston,Normal Weekday,20:00–00:00,2.5343283582089553,8.504477611940299,11.038805970149255
Preston,Normal Weekend,00:00–04:00,0.051194539249146756,2.7133105802047783,2.764505119453925
Preston,Normal Weekend,04:00–08:00,2.421805183199285,2.636282394995532,5.058087578194817
Preston,Normal Weekend,08:00–12:00,14.85884101040119,14.125804853888063,28.984645864289252
Preston,Normal Weekend,12:00–16:00,19.696086594504578,13.209825145711907,32.90591174021648
Preston,Normal Weekend,16:00–20:00,10.646078829744006,9.544900446972775,20.19097927671678
Preston,Normal Weekend,20:00–00:00,3.030690537084399,7.1994884910485935,10.230179028132993
Preston,Public Holiday,00:00–04:00,0,2.413793103448276,2.413793103448276
Preston,Public Holiday,04:00–08:00,1.313868613138686,0.8029197080291971,2.116788321167883
Preston,Public Holiday,08:00–12:00,10.335570469798657,5.033557046979865,15.369127516778523
Preston,Public Holiday,12:00–16:00,11.666666666666666,7.606060606060606,19.272727272727273
Preston,Public Holiday,16:00–20:00,6.454545454545454,8.93939393939394,15.393939393939394
Preston,Public Holiday,20:00–00:00,2.4271844660194173,5.631067961165049,8.058252427184467
Preston,School Holiday,00:00–04:00,0.15503875968992248,3.10077519379845,3.255813953488372
Preston,School Holiday,04:00–08:00,7.998683344305464,1.4417379855167873,9.440421329822252
Preston,School Holiday,08:00–12:00,9.6485473289597,5.3889409559512655,15.037488284910964
Preston,School Holiday,12:00–16:00,11.842105263157896,11.513157894736842,23.35526315789474
Preston,School Holiday,16:00–20:00,7.009485771342986,13.534697953070394,20.54418372441338
Preston,School Holiday,20:00–00:00,2.3652694610778444,7.604790419161676,9.970059880239521
Bell,Normal Weekday,00:00–04:00,0.039603960396039604,2.217821782178218,2.2574257425742577
Bell,Normal Weekday,04:00–08:00,8.388665325285043,2.5469483568075115,10.935613682092555
Bell,Normal Weekday,08:00–12:00,9.219466321852591,6.066768543552369,15.28623486540496
Bell,Normal Weekday,12:00–16:00,8.37852206273259,7.446393762183236,15.824915824915825
Bell,Normal Weekday,16:00–20:00,5.833618623758986,11.239301609038002,17.07292023279699
Bell,Normal Weekday,20:00–00:00,1.4977443609022556,7.338345864661654,8.83609022556391
Bell,Normal Weekend,00:00–04:00,0.11952191235059761,2.50996015936255,2.6294820717131473
Bell,Normal Weekend,04:00–08:00,1.6265060240963856,1.0843373493975903,2.710843373493976
Bell,Normal Weekend,08:00–12:00,9.246475449684006,5.18716577540107,14.433641225085076
Bell,Normal Weekend,12:00–16:00,10.074968763015411,6.797167846730529,16.87213660974594
Bell,Normal Weekend,16:00–20:00,6.340080971659919,8.878542510121457,15.218623481781377
Bell,Normal Weekend,20:00–00:00,2.418216805644644,7.710070558050032,10.128287363694676
Bell,Public Holiday,00:00–04:00,0,2,2
Bell,Public Holiday,04:00–08:00,2.108843537414966,0.40816326530612246,2.5170068027210886
Bell,Public Holiday,08:00–12:00,7.441860465116279,3.0564784053156147,10.498338870431894
Bell,Public Holiday,12:00–16:00,7.933130699088146,5.562310030395137,13.495440729483283
Bell,Public Holiday,16:00–20:00,4.939024390243903,7.652439024390244,12.591463414634147
Bell,Public Holiday,20:00–00:00,1.4354066985645932,6.267942583732057,7.70334928229665
Bell,School Holiday,00:00–04:00,0,2.1052631578947367,2.1052631578947367
Bell,School Holiday,04:00–08:00,6.220130340333092,1.5930485155684286,7.81317885590152
Bell,School Holiday,08:00–12:00,8,4.124031007751938,12.124031007751938
Bell,School Holiday,12:00–16:00,6.836501901140684,6.129277566539924,12.965779467680608
Bell,School Holiday,16:00–20:00,4.715605250364609,9.173553719008265,13.889158969372874
Bell,School Holiday,20:00–00:00,1.3740458015267176,6.6106870229007635,7.984732824427481
Thornbury,Normal Weekday,00:00–04:00,0.14,1.12,1.2600000000000002
Thornbury,Normal Weekday,04:00–08:00,9.755197853789403,0.5533199195171026,10.308517773306505
Thornbury,Normal Weekday,08:00–12:00,11.13435993887387,3.0422005407311628,14.176560479605032
Thornbury,Normal Weekday,12:00–16:00,5.426191741981215,6.810207336523126,12.236399078504341
Thornbury,Normal Weekday,16:00–20:00,4.157918758557736,14.738703788224555,18.89662254678229
Thornbury,Normal Weekday,20:00–00:00,0.8651246620606788,6.64163412436167,7.506758786422349
Thornbury,Normal Weekend,00:00–04:00,0.2414486921529175,1.227364185110664,1.4688128772635816
Thornbury,Normal Weekend,04:00–08:00,0.8247422680412371,0.3436426116838488,1.1683848797250858
Thornbury,Normal Weekend,08:00–12:00,8.04178814382896,3.935860058309038,11.977648202137997
Thornbury,Normal Weekend,12:00–16:00,9.858569051580698,8.415141430948418,18.27371048252912
Thornbury,Normal Weekend,16:00–20:00,6.115836371000405,10.19036046982584,16.306196840826246
Thornbury,Normal Weekend,20:00–00:00,2.289929441949968,6.440025657472739,8.729955099422707
Thornbury,Public Holiday,00:00–04:00,0,0.2222222222222222,0.2222222222222222
Thornbury,Public Holiday,04:00–08:00,0.7482993197278912,0,0.7482993197278912
Thornbury,Public Holiday,08:00–12:00,7.641196013289036,1.9601328903654485,9.601328903654485
Thornbury,Public Holiday,12:00–16:00,7.7272727272727275,6.212121212121212,13.93939393939394
Thornbury,Public Holiday,16:00–20:00,3.0091185410334345,8.2370820668693,11.246200607902734
Thornbury,Public Holiday,20:00–00:00,1.3526570048309179,4.251207729468599,5.603864734299517
Thornbury,School Holiday,00:00–04:00,0,1.0526315789473684,1.0526315789473684
Thornbury,School Holiday,04:00–08:00,6.845151953690304,0.361794500723589,7.2069464544138935
Thornbury,School Holiday,08:00–12:00,9.571059431524548,2.0103359173126614,11.581395348837209
Thornbury,School Holiday,12:00–16:00,4.6555639666919,6.010598031794095,10.666161998485995
Thornbury,School Holiday,16:00–20:00,3.2878048780487803,12.151219512195121,15.439024390243901
Thornbury,School Holiday,20:00–00:00,0.8702290076335878,5.679389312977099,6.549618320610687
Croxton,Normal Weekday,00:00–04:00,0.14,0.32,0.46
Croxton,Normal Weekday,04:00–08:00,5.123852416421271,0.03117962930885155,5.155032045730123
Croxton,Normal Weekday,08:00–12:00,7.519255086791585,0.33452120933440627,7.853776296125991
Croxton,Normal Weekday,12:00–16:00,1.7180541281260706,3.5320315176430284,5.250085645769099
Croxton,Normal Weekday,16:00–20:00,1.7707362534948743,8.96551724137931,10.736253494874184
Croxton,Normal Weekday,20:00–00:00,0.5612552806276403,3.5546167773083885,4.115872057936029
Croxton,Normal Weekend,00:00–04:00,0.18108651911468812,0.5633802816901409,0.744466800804829
Croxton,Normal Weekend,04:00–08:00,0.28350515463917525,0.03436426116838488,0.3178694158075601
Croxton,Normal Weekend,08:00–12:00,5.434677027683342,1.6755706653715396,7.110247693054881
Croxton,Normal Weekend,12:00–16:00,5.89018302828619,4.484193011647254,10.374376039933445
Croxton,Normal Weekend,16:00–20:00,3.8087520259319287,6.59643435980551,10.405186385737439
Croxton,Normal Weekend,20:00–00:00,1.2508017960230917,3.745991019884541,4.996792815907633
Croxton,Public Holiday,00:00–04:00,0,0,0
Croxton,Public Holiday,04:00–08:00,0.47619047619047616,0.06802721088435375,0.5442176870748299
Croxton,Public Holiday,08:00–12:00,4.750830564784053,0.6312292358803987,5.382059800664452
Croxton,Public Holiday,12:00–16:00,5.13595166163142,3.595166163141994,8.731117824773413
Croxton,Public Holiday,16:00–20:00,1.920731707317073,5.091463414634147,7.01219512195122
Croxton,Public Holiday,20:00–00:00,0.43478260869565216,2.367149758454106,2.8019323671497585
Croxton,School Holiday,00:00–04:00,0,0.631578947368421,0.631578947368421
Croxton,School Holiday,04:00–08:00,3.5543964232488823,0.007451564828614009,3.5618479880774965
Croxton,School Holiday,08:00–12:00,6.541772151898734,0.3848101265822785,6.926582278481013
Croxton,School Holiday,12:00–16:00,2.1307861866274798,3.512123438648053,5.642909625275532
Croxton,School Holiday,16:00–20:00,1.4378109452736318,7.388059701492537,8.82587064676617
Croxton,School Holiday,20:00–00:00,0.5038167938931297,3.053435114503817,3.557251908396947
Northcote,Normal Weekday,00:00–04:00,0.5,0.4,0.9
Northcote,Normal Weekday,04:00–08:00,3.9015939015939014,1.949064449064449,5.8506583506583505
Northcote,Normal Weekday,08:00–12:00,6.741004713185424,5.394872973905047,12.13587768709047
Northcote,Normal Weekday,12:00–16:00,7.426952364087126,6.100584381087303,13.527536745174428
Northcote,Normal Weekday,16:00–20:00,3.6923076923076925,10.625641025641025,14.317948717948717
Northcote,Normal Weekday,20:00–00:00,1.596258298129149,3.844296922148461,5.44055522027761
Northcote,Normal Weekend,00:00–04:00,0.4426559356136821,0.5835010060362174,1.0261569416498995
Northcote,Normal Weekend,04:00–08:00,0.2825342465753425,0.16267123287671234,0.4452054794520548
Northcote,Normal Weekend,08:00–12:00,5.142995637421231,5.685894328647601,10.828889966068832
Northcote,Normal Weekend,12:00–16:00,6.92563356875779,8.350643955130868,15.276277523888659
Northcote,Normal Weekend,16:00–20:00,4.789881680946553,8.625050999592004,13.414932680538556
Northcote,Normal Weekend,20:00–00:00,2.2619808306709266,3.9936102236421727,6.255591054313099
Northcote,Public Holiday,00:00–04:00,0,0.4444444444444444,0.4444444444444444
Northcote,Public Holiday,04:00–08:00,0.20408163265306123,0.06802721088435375,0.272108843537415
Northcote,Public Holiday,08:00–12:00,3.8538205980066444,2.292358803986711,6.146179401993356
Northcote,Public Holiday,12:00–16:00,4.427710843373494,4.879518072289157,9.307228915662652
Northcote,Public Holiday,16:00–20:00,2.232415902140673,6.269113149847095,8.501529051987767
Northcote,Public Holiday,20:00–00:00,1.2077294685990339,2.5603864734299515,3.7681159420289854
Northcote,School Holiday,00:00–04:00,0.5263157894736842,0.7368421052631579,1.263157894736842
Northcote,School Holiday,04:00–08:00,2.526080476900149,0.7526080476900149,3.278688524590164
Northcote,School Holiday,08:00–12:00,5.751898734177215,3.0734177215189873,8.825316455696202
Northcote,School Holiday,12:00–16:00,3.769871309613929,5.995457986373959,9.765329295987888
Northcote,School Holiday,16:00–20:00,2.9853658536585366,8.785365853658536,11.770731707317072
Northcote,School Holiday,20:00–00:00,1.1603053435114503,3.2977099236641223,4.458015267175573
Merri,Normal Weekday,00:00–04:00,0.02,0.08,0.1
Merri,Normal Weekday,04:00–08:00,2.092862092862093,0.1386001386001386,2.2314622314622317
Merri,Normal Weekday,08:00–12:00,3.7028329610908663,1.5293287880568944,5.23216174914776
Merri,Normal Weekday,12:00–16:00,2.3856824798766914,1.9900667922589486,4.37574927213564
Merri,Normal Weekday,16:00–20:00,1.0940170940170941,4.722507122507123,5.816524216524217
Merri,Normal Weekday,20:00–00:00,0.07845503922751962,1.5811707905853953,1.659625829812915
Merri,Normal Weekend,00:00–04:00,0.04024144869215292,0.14084507042253522,0.18108651911468815
Merri,Normal Weekend,04:00–08:00,0.03581020590868397,0.06266786034019696,0.09847806624888093
Merri,Normal Weekend,08:00–12:00,2.2194637537239323,0.759682224428997,2.9791459781529293
Merri,Normal Weekend,12:00–16:00,3.0785209804736184,2.297465724968841,5.375986705442459
Merri,Normal Weekend,16:00–20:00,1.7195121951219512,2.9959349593495936,4.715447154471545
Merri,Normal Weekend,20:00–00:00,0.26570048309178745,1.6364734299516908,1.9021739130434783
Merri,Public Holiday,00:00–04:00,0,0,0
Merri,Public Holiday,04:00–08:00,0,0,0
Merri,Public Holiday,08:00–12:00,1.74496644295302,0.20134228187919462,1.9463087248322146
Merri,Public Holiday,12:00–16:00,2.1987951807228914,1.6867469879518073,3.8855421686746987
Merri,Public Holiday,16:00–20:00,0.5487804878048781,2.1646341463414633,2.7134146341463414
Merri,Public Holiday,20:00–00:00,0.136986301369863,0.91324200913242,1.0502283105022832
Merri,School Holiday,00:00–04:00,0,0.10526315789473684,0.10526315789473684
Merri,School Holiday,04:00–08:00,1.0365398956002982,0.343027591349739,1.3795674869500372
Merri,School Holiday,08:00–12:00,2.8578811369509043,0.7545219638242894,3.6124031007751936
Merri,School Holiday,12:00–16:00,0.9618208516886931,1.593245227606461,2.555066079295154
Merri,School Holiday,16:00–20:00,0.7121951219512195,3.5951219512195123,4.307317073170732
Merri,School Holiday,20:00–00:00,0.12213740458015267,1.0534351145038168,1.1755725190839694
Rushall,Normal Weekday,00:00–04:00,0,0.16096579476861167,0.16096579476861167
Rushall,Normal Weekday,04:00–08:00,1.6191275167785235,0.09731543624161074,1.7164429530201342
Rushall,Normal Weekday,08:00–12:00,2.275513883880274,0.675561966582522,2.951075850462796
Rushall,Normal Weekday,12:00–16:00,1.167808219178082,1.4640410958904109,2.631849315068493
Rushall,Normal Weekday,16:00–20:00,0.9170356560242368,3.107667210440457,4.024702866464693
Rushall,Normal Weekday,20:00–00:00,0.17668851524650897,1.0230834995725278,1.1997720148190367
Rushall,Normal Weekend,00:00–04:00,0.060362173038229376,0.14084507042253522,0.2012072434607646
Rushall,Normal Weekend,04:00–08:00,0.03581020590868397,0.08952551477170993,0.1253357206803939
Rushall,Normal Weekend,08:00–12:00,1.7229394240317775,1.5044687189672294,3.227408142999007
Rushall,Normal Weekend,12:00–16:00,2.7627752388865807,2.829248026589115,5.592023265475696
Rushall,Normal Weekend,16:00–20:00,1.8196588139723802,2.4573517465475225,4.277010560519903
Rushall,Normal Weekend,20:00–00:00,0.19347037484885127,1.215235792019347,1.4087061668681984
Rushall,Public Holiday,00:00–04:00,0,0,0
Rushall,Public Holiday,04:00–08:00,0,0.072992700729927,0.072992700729927
Rushall,Public Holiday,08:00–12:00,1.778523489932886,0.5033557046979866,2.2818791946308723
Rushall,Public Holiday,12:00–16:00,2.3493975903614457,1.5662650602409638,3.9156626506024095
Rushall,Public Holiday,16:00–20:00,0.6707317073170732,1.9817073170731707,2.652439024390244
Rushall,Public Holiday,20:00–00:00,0.228310502283105,0.45662100456621,0.684931506849315
Rushall,School Holiday,00:00–04:00,0.10526315789473684,0.10526315789473684,0.21052631578947367
Rushall,School Holiday,04:00–08:00,0.5144927536231884,0.14492753623188406,0.6594202898550724
Rushall,School Holiday,08:00–12:00,1.7668776371308017,0.569620253164557,2.336497890295359
Rushall,School Holiday,12:00–16:00,1.0352422907488987,1.644640234948605,2.6798825256975034
Rushall,School Holiday,16:00–20:00,0.6716417910447762,2.2338308457711444,2.9054726368159205
Rushall,School Holiday,20:00–00:00,0.38848920863309355,0.6474820143884892,1.0359712230215827
Sunshine,Normal Weekday,00:00–04:00,3.7888198757763973,7.903726708074534,11.69254658385093
Sunshine,Normal Weekday,04:00–08:00,39.01805869074492,10.18703643985811,49.205095130603034
Sunshine,Normal Weekday,08:00–12:00,37.71491550330639,16.147440607396522,53.86235611070292
Sunshine,Normal Weekday,12:00–16:00,38.20062811749492,39.70441529650841,77.90504341400333
Sunshine,Normal Weekday,16:00–20:00,20.762918607229985,45.314925704147264,66.07784431137725
Sunshine,Normal Weekday,20:00–00:00,11.48955223880597,26.597014925373134,38.0865671641791
Sunshine,Normal Weekend,00:00–04:00,3.9464882943143813,6.889632107023411,10.836120401337793
Sunshine,Normal Weekend,04:00–08:00,10.657051282051283,6.618589743589744,17.275641025641026
Sunshine,Normal Weekend,08:00–12:00,32.07520228462637,21.42313184198001,53.49833412660638
Sunshine,Normal Weekend,12:00–16:00,31.0786699107867,24.72830494728305,55.80697485806975
Sunshine,Normal Weekend,16:00–20:00,28.227344992050874,30.353736089030207,58.58108108108108
Sunshine,Normal Weekend,20:00–00:00,15.819070904645477,19.364303178484107,35.183374083129586
Sunshine,Public Holiday,00:00–04:00,0.18867924528301888,6.226415094339623,6.415094339622642
Sunshine,Public Holiday,04:00–08:00,11.290322580645162,2.7096774193548385,14
Sunshine,Public Holiday,08:00–12:00,29.10958904109589,11.712328767123287,40.821917808219176
Sunshine,Public Holiday,12:00–16:00,27.138461538461538,19.96923076923077,47.107692307692304
Sunshine,Public Holiday,16:00–20:00,18.30246913580247,29.969135802469136,48.27160493827161
Sunshine,Public Holiday,20:00–00:00,8.229665071770334,21.196172248803826,29.42583732057416
Sunshine,School Holiday,00:00–04:00,3.5064935064935066,7.987012987012987,11.493506493506494
Sunshine,School Holiday,04:00–08:00,28.159552134359693,10.251924422673198,38.41147655703289
Sunshine,School Holiday,08:00–12:00,29.739222990952634,14.4598190526876,44.19904204364023
Sunshine,School Holiday,12:00–16:00,33.68294635708567,32.073658927141715,65.75660528422739
Sunshine,School Holiday,16:00–20:00,21.086749285033367,34.65204957102002,55.73879885605339
Sunshine,School Holiday,20:00–00:00,12.481296758104738,25.423940149625935,37.905236907730675
Tottenham,Normal Weekday,00:00–04:00,0,4.883720930232558,4.883720930232558
Tottenham,Normal Weekday,04:00–08:00,14.433909648633575,4.396728016359918,18.830637664993493
Tottenham,Normal Weekday,08:00–12:00,14.408988166467225,5.653503523467624,20.06249168993485
Tottenham,Normal Weekday,12:00–16:00,8.457971014492754,9.930434782608696,18.38840579710145
Tottenham,Normal Weekday,16:00–20:00,6.161642078255292,16.26170622193714,22.42334830019243
Tottenham,Normal Weekday,20:00–00:00,0.7197661673364998,9.671172816952868,10.390938984289368
Tottenham,Normal Weekend,00:00–04:00,0.022779043280182234,3.8952164009111616,3.917995444191344
Tottenham,Normal Weekend,04:00–08:00,2.805247225025227,0.8577194752774975,3.662966700302724
Tottenham,Normal Weekend,08:00–12:00,9.583584791792395,5.141822570911286,14.725407362703681
Tottenham,Normal Weekend,12:00–16:00,8.778067885117494,6.804177545691906,15.582245430809401
Tottenham,Normal Weekend,16:00–20:00,5.840896956753871,9.257875066737853,15.098772023491723
Tottenham,Normal Weekend,20:00–00:00,1.0927152317880795,7.947019867549669,9.039735099337747
Tottenham,Public Holiday,00:00–04:00,0,3.207547169811321,3.207547169811321
Tottenham,Public Holiday,04:00–08:00,2.5316455696202533,0.379746835443038,2.9113924050632916
Tottenham,Public Holiday,08:00–12:00,7.524752475247524,2.9702970297029703,10.495049504950494
Tottenham,Public Holiday,12:00–16:00,6.861538461538461,5.3538461538461535,12.215384615384615
Tottenham,Public Holiday,16:00–20:00,4.169381107491857,7.62214983713355,11.791530944625407
Tottenham,Public Holiday,20:00–00:00,0.5263157894736842,5.980861244019139,6.507177033492823
Tottenham,School Holiday,00:00–04:00,0,4.553571428571429,4.553571428571429
Tottenham,School Holiday,04:00–08:00,11.543921916592724,4.010647737355812,15.554569653948537
Tottenham,School Holiday,08:00–12:00,11.955696202531646,5.474683544303797,17.430379746835442
Tottenham,School Holiday,12:00–16:00,8.465804066543438,8.77079482439926,17.236598890942698
Tottenham,School Holiday,16:00–20:00,6.156626506024097,13.614457831325302,19.7710843373494
Tottenham,School Holiday,20:00–00:00,0.9015025041736227,9.93322203672788,10.834724540901503
West Footscray,Normal Weekday,00:00–04:00,0.01937984496124031,4.786821705426356,4.8062015503875966
West Footscray,Normal Weekday,04:00–08:00,19.693137437232657,3.496373442440022,23.189510879672678
West Footscray,Normal Weekday,08:00–12:00,21.321105794790004,4.678362573099415,25.99946836788942
West Footscray,Normal Weekday,12:00–16:00,7.254106280193237,12.417391304347825,19.67149758454106
West Footscray,Normal Weekday,16:00–20:00,6.400256574727389,24.449005772931365,30.849262347658755
West Footscray,Normal Weekday,20:00–00:00,0.464011691633175,12.016806722689076,12.48081841432225
West Footscray,Normal Weekend,00:00–04:00,0.09153318077803203,5.194508009153318,5.28604118993135
West Footscray,Normal Weekend,04:00–08:00,2.1650485436893203,0.2621359223300971,2.4271844660194173
West Footscray,Normal Weekend,08:00–12:00,11.685185185185185,4.907407407407407,16.59259259259259
West Footscray,Normal Weekend,12:00–16:00,12.014613778705638,9.284968684759917,21.299582463465555
West Footscray,Normal Weekend,16:00–20:00,7.701763762693747,11.902725815072154,19.6044895777659
West Footscray,Normal Weekend,20:00–00:00,1.1184755592377795,10.347970173985088,11.466445733222868
West Footscray,Public Holiday,00:00–04:00,0,3.018867924528302,3.018867924528302
West Footscray,Public Holiday,04:00–08:00,1.7857142857142858,0.11904761904761904,1.9047619047619049
West Footscray,Public Holiday,08:00–12:00,10.136518771331058,2.525597269624573,12.662116040955631
West Footscray,Public Holiday,12:00–16:00,8.830769230769231,7.446153846153846,16.276923076923076
West Footscray,Public Holiday,16:00–20:00,4.592833876221499,11.107491856677525,15.700325732899024
West Footscray,Public Holiday,20:00–00:00,1.722488038277512,6.985645933014354,8.708133971291865
West Footscray,School Holiday,00:00–04:00,0,5.526315789473684,5.526315789473684
West Footscray,School Holiday,04:00–08:00,13.75332741792369,2.7417923691215615,16.49511978704525
West Footscray,School Holiday,08:00–12:00,18.38607594936709,3.9367088607594938,22.322784810126585
West Footscray,School Holiday,12:00–16:00,7.975970425138632,10.859519408502774,18.835489833641404
West Footscray,School Holiday,16:00–20:00,5.746987951807229,20.05421686746988,25.80120481927711
West Footscray,School Holiday,20:00–00:00,0.48576214405360135,12.160804020100503,12.646566164154105
Middle Footscray,Normal Weekday,00:00–04:00,0,1.7073170731707317,1.7073170731707317
Middle Footscray,Normal Weekday,04:00–08:00,5.361725869443928,0.46680305002789657,5.828528919471825
Middle Footscray,Normal Weekday,08:00–12:00,7.88249368602951,1.6270105011298683,9.509504187159378
Middle Footscray,Normal Weekday,12:00–16:00,3.1207729468599035,4.175845410628019,7.296618357487922
Middle Footscray,Normal Weekday,16:00–20:00,1.8329912775782453,8.586454592098512,10.419445869676757
Middle Footscray,Normal Weekday,20:00–00:00,0.18382352941176472,4.856617647058823,5.040441176470588
Middle Footscray,Normal Weekend,00:00–04:00,0.02288329519450801,2.0366132723112127,2.059496567505721
Middle Footscray,Normal Weekend,04:00–08:00,0.6601941747572816,0.23300970873786409,0.8932038834951457
Middle Footscray,Normal Weekend,08:00–12:00,5.049382716049383,2.5864197530864197,7.635802469135802
Middle Footscray,Normal Weekend,12:00–16:00,5.026096033402923,4.3423799582463465,9.36847599164927
Middle Footscray,Normal Weekend,16:00–20:00,3.543559593800107,5.205772314270444,8.749331908070552
Middle Footscray,Normal Weekend,20:00–00:00,0.4225352112676056,4.2087821043910525,4.6313173156586585
Middle Footscray,Public Holiday,00:00–04:00,0,1.6981132075471699,1.6981132075471699
Middle Footscray,Public Holiday,04:00–08:00,0.5952380952380952,0,0.5952380952380952
Middle Footscray,Public Holiday,08:00–12:00,4.09556313993174,0.6484641638225256,4.744027303754266
Middle Footscray,Public Holiday,12:00–16:00,3.4049079754601226,2.6993865030674846,6.104294478527607
Middle Footscray,Public Holiday,16:00–20:00,1.9607843137254901,4.052287581699346,6.0130718954248366
Middle Footscray,Public Holiday,20:00–00:00,0.19138755980861244,2.8708133971291865,3.062200956937799
Middle Footscray,School Holiday,00:00–04:00,0,2.4786324786324787,2.4786324786324787
Middle Footscray,School Holiday,04:00–08:00,3.9396628216503995,0.3194321206743567,4.259094942324756
Middle Footscray,School Holiday,08:00–12:00,6.506329113924051,1.379746835443038,7.886075949367089
Middle Footscray,School Holiday,12:00–16:00,2.9020332717190387,4.232902033271719,7.134935304990758
Middle Footscray,School Holiday,16:00–20:00,1.7048192771084338,7.090361445783133,8.795180722891567
Middle Footscray,School Holiday,20:00–00:00,0.25252525252525254,4.444444444444445,4.696969696969697
Footscray,Normal Weekday,00:00–04:00,2.5937834941050375,9.721329046087888,12.315112540192926
Footscray,Normal Weekday,04:00–08:00,25.93798718170795,10.638027599745945,36.57601478145389
Footscray,Normal Weekday,08:00–12:00,35.26135827700047,18.411806319761045,53.67316459676151
Footscray,Normal Weekday,12:00–16:00,32.76678249483809,28.743516140403887,61.51029863524198
Footscray,Normal Weekday,16:00–20:00,25.324079341601244,35.515227367542764,60.83930670914401
Footscray,Normal Weekday,20:00–00:00,13.306615948919983,26.22198070914278,39.52859665806277
Footscray,Normal Weekend,00:00–04:00,3.2771338250790305,9.29399367755532,12.57112750263435
Footscray,Normal Weekend,04:00–08:00,11.816593886462883,6.1615720524017465,17.978165938864628
Footscray,Normal Weekend,08:00–12:00,38.38759348878135,24.04531456225253,62.43290805103388
Footscray,Normal Weekend,12:00–16:00,38.62951563259355,27.367568443220478,65.99708407581403
Footscray,Normal Weekend,16:00–20:00,31.162423178226515,28.80597014925373,59.96839332748024
Footscray,Normal Weekend,20:00–00:00,15.177877428998505,23.192825112107624,38.37070254110613
Footscray,Public Holiday,00:00–04:00,1.3761467889908257,5.871559633027523,7.247706422018349
Footscray,Public Holiday,04:00–08:00,8.505747126436782,4.224137931034483,12.729885057471265
Footscray,Public Holiday,08:00–12:00,28.265162200282088,16.600846262341324,44.86600846262341
Footscray,Public Holiday,12:00–16:00,28.928571428571427,20.086580086580085,49.015151515151516
Footscray,Public Holiday,16:00–20:00,23.428912783751493,21.75627240143369,45.18518518518518
Footscray,Public Holiday,20:00–00:00,12.625482625482626,15.926640926640927,28.552123552123554
Footscray,School Holiday,00:00–04:00,2.654028436018957,9.336492890995261,11.990521327014218
Footscray,School Holiday,04:00–08:00,20.810063588609346,7.495161736245508,28.305225324854852
Footscray,School Holiday,08:00–12:00,30.40731661323779,14.842541957382613,45.249858570620404
Footscray,School Holiday,12:00–16:00,28.695652173913043,25.121306749939947,53.816958923852994
Footscray,School Holiday,16:00–20:00,22.22836752899197,30.48171275646744,52.71008028545941
Footscray,School Holiday,20:00–00:00,13.674082982561636,23.90859891761876,37.5826819001804
South Kensington,Normal Weekday,00:00–04:00,0.017889087656529516,0.8765652951699463,0.8944543828264758
South Kensington,Normal Weekday,04:00–08:00,4.308026619584409,1.3812304767078636,5.689257096292272
South Kensington,Normal Weekday,08:00–12:00,7.342120794806217,2.2712964784576037,9.61341727326382
South Kensington,Normal Weekday,12:00–16:00,2.914483336826661,2.558163906937749,5.47264724376441
South Kensington,Normal Weekday,16:00–20:00,3.2787952031235474,6.268476340987264,9.547271544110812
South Kensington,Normal Weekday,20:00–00:00,0.174146014735432,4.429560169680732,4.603706184416164
South Kensington,Normal Weekend,00:00–04:00,0.05870841487279843,1.4285714285714286,1.487279843444227
South Kensington,Normal Weekend,04:00–08:00,0.7063492063492064,0.031746031746031744,0.7380952380952381
South Kensington,Normal Weekend,08:00–12:00,5.266393442622951,0.7616120218579235,6.0280054644808745
South Kensington,Normal Weekend,12:00–16:00,3.378791441335528,2.5911121561250883,5.9699035974606165
South Kensington,Normal Weekend,16:00–20:00,2.4274130264190426,4.187810619931991,6.615223646351033
South Kensington,Normal Weekend,20:00–00:00,0.706267539756782,4.045837231057063,4.752104770813845
South Kensington,Public Holiday,00:00–04:00,0,0.8928571428571429,0.8928571428571429
South Kensington,Public Holiday,04:00–08:00,0.3333333333333333,0,0.3333333333333333
South Kensington,Public Holiday,08:00–12:00,3.9473684210526314,0.430622009569378,4.37799043062201
South Kensington,Public Holiday,12:00–16:00,2.7759197324414715,1.9899665551839465,4.765886287625418
South Kensington,Public Holiday,16:00–20:00,1.2429378531073447,2.937853107344633,4.1807909604519775
South Kensington,Public Holiday,20:00–00:00,0.3559870550161812,2.8802588996763756,3.236245954692557
South Kensington,School Holiday,00:00–04:00,0,1.2781954887218046,1.2781954887218046
South Kensington,School Holiday,04:00–08:00,3.082901554404145,1.0686528497409327,4.151554404145077
South Kensington,School Holiday,08:00–12:00,6.337895233600755,1.901840490797546,8.239735724398301
South Kensington,School Holiday,12:00–16:00,2.763618190904548,2.2938530734632683,5.057471264367816
South Kensington,School Holiday,16:00–20:00,2.759526938239159,5.19053876478318,7.950065703022339
South Kensington,School Holiday,20:00–00:00,0.2521823472356935,4.500484966052376,4.75266731328807
Broadmeadows,Normal Weekday,00:00–04:00,0.11611030478955008,5.602322206095791,5.718432510885341
Broadmeadows,Normal Weekday,04:00–08:00,14.121847462777271,13.257368580978426,27.379216043755697
Broadmeadows,Normal Weekday,08:00–12:00,15.76331091095656,21.064872876524912,36.82818378748147
Broadmeadows,Normal Weekday,12:00–16:00,27.77548209366391,25.425275482093664,53.20075757575758
Broadmeadows,Normal Weekday,16:00–20:00,13.199548347361938,16.926709094641758,30.1262574420037
Broadmeadows,Normal Weekday,20:00–00:00,7.0176,13.216,20.2336
Broadmeadows,Normal Weekend,00:00–04:00,0.1694915254237288,5.288135593220339,5.4576271186440675
Broadmeadows,Normal Weekend,04:00–08:00,7.351712614870509,5.856307435254804,13.208020050125313
Broadmeadows,Normal Weekend,08:00–12:00,19.20533070088845,21.31293188548865,40.5182625863771
Broadmeadows,Normal Weekend,12:00–16:00,21.92192192192192,22.31231231231231,44.234234234234236
Broadmeadows,Normal Weekend,16:00–20:00,16.74693705111956,20.24081115335868,36.98774820447824
Broadmeadows,Normal Weekend,20:00–00:00,6.1986084756483235,12.00506008855155,18.203668564199873
Broadmeadows,Public Holiday,00:00–04:00,0.19607843137254902,4.509803921568627,4.705882352941177
Broadmeadows,Public Holiday,04:00–08:00,6.666666666666667,4.038461538461538,10.705128205128204
Broadmeadows,Public Holiday,08:00–12:00,14.169491525423728,14.576271186440678,28.74576271186441
Broadmeadows,Public Holiday,12:00–16:00,17.253086419753085,18.580246913580247,35.83333333333333
Broadmeadows,Public Holiday,16:00–20:00,13.855799373040753,16.739811912225704,30.595611285266457
Broadmeadows,Public Holiday,20:00–00:00,5.885416666666667,11.5625,17.447916666666668
Broadmeadows,School Holiday,00:00–04:00,0.05917159763313609,5.680473372781065,5.739644970414201
Broadmeadows,School Holiday,04:00–08:00,11.029315960912053,9.830618892508143,20.859934853420196
Broadmeadows,School Holiday,08:00–12:00,13.666169895678092,15.608544461003477,29.27471435668157
Broadmeadows,School Holiday,12:00–16:00,22.161961367013372,22.934621099554235,45.09658246656761
Broadmeadows,School Holiday,16:00–20:00,11.442392260334213,16.12576956904134,27.56816182937555
Broadmeadows,School Holiday,20:00–00:00,7.174770039421813,13.04862023653088,20.223390275952692
Jacana,Normal Weekday,00:00–04:00,0,2.3255813953488373,2.3255813953488373
Jacana,Normal Weekday,04:00–08:00,5.760522716912323,0.01367573317125057,5.774198450083574
Jacana,Normal Weekday,08:00–12:00,4.934990875912408,0.18476277372262773,5.119753649635036
Jacana,Normal Weekday,12:00–16:00,3.6780174719201284,3.5032982706364773,7.181315742556606
Jacana,Normal Weekday,16:00–20:00,1.0936188077246012,5.066120906801007,6.1597397145256085
Jacana,Normal Weekday,20:00–00:00,0.2693170888105162,6.149406861173453,6.41872394998397
Jacana,Normal Weekend,00:00–04:00,0.01694915254237288,2.3389830508474576,2.3559322033898304
Jacana,Normal Weekend,04:00–08:00,4.455611390284757,0.02512562814070352,4.480737018425461
Jacana,Normal Weekend,08:00–12:00,6.193771626297578,0.8502224419179436,7.043994068215522
Jacana,Normal Weekend,12:00–16:00,4.392964392964393,3.033033033033033,7.4259974259974255
Jacana,Normal Weekend,16:00–20:00,2.6097972972972974,5.07179054054054,7.681587837837838
Jacana,Normal Weekend,20:00–00:00,0.6039415130324222,5.05403687221869,5.657978385251113
Jacana,Public Holiday,00:00–04:00,0,1.3725490196078431,1.3725490196078431
Jacana,Public Holiday,04:00–08:00,2.948717948717949,0,2.948717948717949
Jacana,Public Holiday,08:00–12:00,4.440677966101695,0.4745762711864407,4.915254237288135
Jacana,Public Holiday,12:00–16:00,3.765432098765432,1.9444444444444444,5.709876543209877
Jacana,Public Holiday,16:00–20:00,2.1875,4.21875,6.40625
Jacana,Public Holiday,20:00–00:00,0.5235602094240838,4.554973821989528,5.0785340314136125
Jacana,School Holiday,00:00–04:00,0,2.9585798816568047,2.9585798816568047
Jacana,School Holiday,04:00–08:00,4.751958224543081,0,4.751958224543081
Jacana,School Holiday,08:00–12:00,4.323383084577115,0.22388059701492538,4.547263681592041
Jacana,School Holiday,12:00–16:00,3.3358954650269026,3.036126056879324,6.372021521906227
Jacana,School Holiday,16:00–20:00,0.9717868338557993,4.720107478728169,5.691894312583968
Jacana,School Holiday,20:00–00:00,0.2233902759526938,5.6110381077529565,5.83442838370565
Glenroy,Normal Weekday,00:00–04:00,0,8.084795321637428,8.084795321637428
Glenroy,Normal Weekday,04:00–08:00,19.671188439988203,1.1206133883810085,20.791801828369213
Glenroy,Normal Weekday,08:00–12:00,19.547099334656238,4.475312244659741,24.02241157931598
Glenroy,Normal Weekday,12:00–16:00,18.122660010697093,19.868069174540917,37.99072918523801
Glenroy,Normal Weekday,16:00–20:00,7.6923076923076925,23.247979850981217,30.94028754328891
Glenroy,Normal Weekday,20:00–00:00,3.3578745198463507,20.358514724711906,23.716389244558258
Glenroy,Normal Weekend,00:00–04:00,0.01697792869269949,6.842105263157895,6.859083191850594
Glenroy,Normal Weekend,04:00–08:00,10.469011725293132,0.3098827470686767,10.77889447236181
Glenroy,Normal Weekend,08:00–12:00,19.970341077607515,5.328719723183391,25.299060800790905
Glenroy,Normal Weekend,12:00–16:00,18.00943800943801,11.668811668811669,29.678249678249678
Glenroy,Normal Weekend,16:00–20:00,10.447635135135135,17.905405405405407,28.35304054054054
Glenroy,Normal Weekend,20:00–00:00,3.754764930114358,14.523506988564169,18.278271918678527
Glenroy,Public Holiday,00:00–04:00,0.19607843137254902,5.882352941176471,6.07843137254902
Glenroy,Public Holiday,04:00–08:00,8.012820512820513,0.1282051282051282,8.14102564102564
Glenroy,Public Holiday,08:00–12:00,14.372881355932204,3.5254237288135593,17.898305084745765
Glenroy,Public Holiday,12:00–16:00,15.493827160493828,9.475308641975309,24.969135802469136
Glenroy,Public Holiday,16:00–20:00,8.625,15.46875,24.09375
Glenroy,Public Holiday,20:00–00:00,3.4554973821989527,13.298429319371728,16.75392670157068
Glenroy,School Holiday,00:00–04:00,0,7.6923076923076925,7.6923076923076925
Glenroy,School Holiday,04:00–08:00,16.425855513307983,0.24714828897338403,16.673003802281368
Glenroy,School Holiday,08:00–12:00,16.970468431771895,3.1924643584521384,20.162932790224033
Glenroy,School Holiday,12:00–16:00,16.917755572636434,16.210607225211376,33.128362797847814
Glenroy,School Holiday,16:00–20:00,7.039856695029108,20.635915808329603,27.67577250335871
Glenroy,School Holiday,20:00–00:00,3.324572930354796,18.988173455978973,22.31274638633377
Oak Park,Normal Weekday,00:00–04:00,0.014619883040935672,4.985380116959064,5
Oak Park,Normal Weekday,04:00–08:00,12.86972365624051,0.09110233829334953,12.96082599453386
Oak Park,Normal Weekday,08:00–12:00,13.292251512039256,0.9357525961428734,14.228004108182128
Oak Park,Normal Weekday,12:00–16:00,6.5575892031798855,9.291920872619707,15.849510075799593
Oak Park,Normal Weekday,16:00–20:00,2.765957446808511,13.886319251721657,16.65227669853017
Oak Park,Normal Weekday,20:00–00:00,0.5859750240153698,10.874159462055715,11.460134486071086
Oak Park,Normal Weekend,00:00–04:00,0.03389830508474576,4.661016949152542,4.694915254237288
Oak Park,Normal Weekend,04:00–08:00,5.326633165829146,0.04187604690117253,5.368509212730319
Oak Park,Normal Weekend,08:00–12:00,12.214532871972319,2.5358378645575876,14.750370736529906
Oak Park,Normal Weekend,12:00–16:00,9.214929214929215,6.602316602316602,15.817245817245817
Oak Park,Normal Weekend,16:00–20:00,5.356991972961555,10.925221799746515,16.28221377270807
Oak Park,Normal Weekend,20:00–00:00,1.4612452350698857,9.669631512071156,11.130876747141041
Oak Park,Public Holiday,00:00–04:00,0,3.7254901960784315,3.7254901960784315
Oak Park,Public Holiday,04:00–08:00,3.2051282051282053,0,3.2051282051282053
Oak Park,Public Holiday,08:00–12:00,9.11864406779661,1.423728813559322,10.542372881355933
Oak Park,Public Holiday,12:00–16:00,8.765432098765432,5.277777777777778,14.043209876543209
Oak Park,Public Holiday,16:00–20:00,3.65625,8.8125,12.46875
Oak Park,Public Holiday,20:00–00:00,1.0994764397905759,8.010471204188482,9.109947643979059
Oak Park,School Holiday,00:00–04:00,0,4.615384615384615,4.615384615384615
Oak Park,School Holiday,04:00–08:00,9.745264532984978,0.006531678641410843,9.751796211626388
Oak Park,School Holiday,08:00–12:00,11.3078070611636,0.8403779214321233,12.148184982595724
Oak Park,School Holiday,12:00–16:00,6.685258964143427,7.5458167330677295,14.231075697211157
Oak Park,School Holiday,16:00–20:00,2.706140350877193,11.947368421052632,14.653508771929825
Oak Park,School Holiday,20:00–00:00,0.6044678055190539,10.302233902759527,10.90670170827858
Pascoe Vale,Normal Weekday,00:00–04:00,0.029282576866764276,4.597364568081991,4.626647144948755
Pascoe Vale,Normal Weekday,04:00–08:00,16.548739750986943,1.061342241117522,17.610081992104465
Pascoe Vale,Normal Weekday,08:00–12:00,14.720580033463468,2.798661461238148,17.519241494701618
Pascoe Vale,Normal Weekday,12:00–16:00,7.942264988897113,11.639526276831976,19.581791265729088
Pascoe Vale,Normal Weekday,16:00–20:00,4.519513218631976,16.513848090642046,21.03336130927402
Pascoe Vale,Normal Weekday,20:00–00:00,0.8994878361075545,11.802176696542894,12.701664532650447
Pascoe Vale,Normal Weekend,00:00–04:00,0.017006802721088437,4.421768707482993,4.438775510204081
Pascoe Vale,Normal Weekend,04:00–08:00,4.093473005640613,0.128928283642224,4.222401289282836
Pascoe Vale,Normal Weekend,08:00–12:00,13.46376811594203,4.468599033816425,17.932367149758456
Pascoe Vale,Normal Weekend,12:00–16:00,12.163090128755364,9.133047210300429,21.296137339055793
Pascoe Vale,Normal Weekend,16:00–20:00,8.432147562582346,12.406675450153712,20.838823012736057
Pascoe Vale,Normal Weekend,20:00–00:00,1.627463445645264,10.20979020979021,11.837253655435473
Pascoe Vale,Public Holiday,00:00–04:00,0.19607843137254902,3.1372549019607843,3.3333333333333335
Pascoe Vale,Public Holiday,04:00–08:00,3.0120481927710845,0.12048192771084337,3.132530120481928
Pascoe Vale,Public Holiday,08:00–12:00,10.268456375838927,2.9194630872483223,13.18791946308725
Pascoe Vale,Public Holiday,12:00–16:00,10.371517027863778,7.0588235294117645,17.430340557275542
Pascoe Vale,Public Holiday,16:00–20:00,5.779220779220779,9.967532467532468,15.746753246753247
Pascoe Vale,Public Holiday,20:00–00:00,1.361256544502618,7.696335078534031,9.057591623036648
Pascoe Vale,School Holiday,00:00–04:00,0,4.550898203592815,4.550898203592815
Pascoe Vale,School Holiday,04:00–08:00,12.155453951665578,0.4310907903331156,12.586544741998694
Pascoe Vale,School Holiday,08:00–12:00,12.968901846452868,1.793002915451895,14.761904761904763
Pascoe Vale,School Holiday,12:00–16:00,8.302642113690952,9.391513210568455,17.694155324259405
Pascoe Vale,School Holiday,16:00–20:00,4.01965163019205,14.198302813756142,18.21795444394819
Pascoe Vale,School Holiday,20:00–00:00,0.905511811023622,11.15485564304462,12.060367454068242
Strathmore,Normal Weekday,00:00–04:00,0,1.6422287390029326,1.6422287390029326
Strathmore,Normal Weekday,04:00–08:00,9.195571955719558,0.18450184501845018,9.380073800738009
Strathmore,Normal Weekday,08:00–12:00,8.903828623518688,2.139927073837739,11.043755697356428
Strathmore,Normal Weekday,12:00–16:00,5.630205441421433,7.029428095502499,12.65963353692393
Strathmore,Normal Weekday,16:00–20:00,1.7605707690693526,10.064001678732557,11.82457244780191
Strathmore,Normal Weekday,20:00–00:00,0.3616,4.9664,5.328
Strathmore,Normal Weekend,00:00–04:00,0.08488964346349745,1.4940577249575553,1.5789473684210527
Strathmore,Normal Weekend,04:00–08:00,0.7971014492753623,0,0.7971014492753623
Strathmore,Normal Weekend,08:00–12:00,6.154589371980676,1.1884057971014492,7.342995169082125
Strathmore,Normal Weekend,12:00–16:00,6.28755364806867,3.8583690987124464,10.145922746781116
Strathmore,Normal Weekend,16:00–20:00,3.967486818980668,6.502636203866432,10.4701230228471
Strathmore,Normal Weekend,20:00–00:00,0.6297709923664122,4.9491094147582695,5.578880407124681
Strathmore,Public Holiday,00:00–04:00,0,0.5769230769230769,0.5769230769230769
Strathmore,Public Holiday,04:00–08:00,0.6626506024096386,0,0.6626506024096386
Strathmore,Public Holiday,08:00–12:00,5.704697986577181,0.87248322147651,6.577181208053691
Strathmore,Public Holiday,12:00–16:00,6.080246913580247,3.0555555555555554,9.135802469135802
Strathmore,Public Holiday,16:00–20:00,2.019543973941368,5.798045602605863,7.817589576547231
Strathmore,Public Holiday,20:00–00:00,0.15789473684210525,3.3684210526315788,3.526315789473684
Strathmore,School Holiday,00:00–04:00,0,1.4201183431952662,1.4201183431952662
Strathmore,School Holiday,04:00–08:00,6.429479034307497,0.01905972045743329,6.448538754764931
Strathmore,School Holiday,08:00–12:00,7.240694789081886,0.6650124069478908,7.905707196029776
Strathmore,School Holiday,12:00–16:00,3.2111553784860556,5.370517928286852,8.581673306772908
Strathmore,School Holiday,16:00–20:00,1.3569189431258397,8.378862516793552,9.73578145991939
Strathmore,School Holiday,20:00–00:00,0.35526315789473684,4.381578947368421,4.736842105263158
Glenbervie,Normal Weekday,00:00–04:00,0,1.5689149560117301,1.5689149560117301
Glenbervie,Normal Weekday,04:00–08:00,8.376383763837639,0.004428044280442804,8.380811808118082
Glenbervie,Normal Weekday,08:00–12:00,8.087749287749288,0.34643874643874645,8.434188034188034
Glenbervie,Normal Weekday,12:00–16:00,2.487967419474269,5.257312106627175,7.745279526101444
Glenbervie,Normal Weekday,16:00–20:00,1.3932018464120857,9.031682752832564,10.424884599244649
Glenbervie,Normal Weekday,20:00–00:00,0.0736,4.9024,4.976
Glenbervie,Normal Weekend,00:00–04:00,0.016891891891891893,1.3175675675675675,1.3344594594594594
Glenbervie,Normal Weekend,04:00–08:00,0.8769106999195495,0.008045052292839904,0.8849557522123894
Glenbervie,Normal Weekend,08:00–12:00,5.884057971014493,0.7922705314009661,6.676328502415459
Glenbervie,Normal Weekend,12:00–16:00,5.579399141630901,3.5793991416309012,9.158798283261802
Glenbervie,Normal Weekend,16:00–20:00,3.6818980667838312,5.790861159929701,9.472759226713531
Glenbervie,Normal Weekend,20:00–00:00,0.2614795918367347,4.744897959183674,5.0063775510204085
Glenbervie,Public Holiday,00:00–04:00,0,0.7692307692307693,0.7692307692307693
Glenbervie,Public Holiday,04:00–08:00,0.6626506024096386,0,0.6626506024096386
Glenbervie,Public Holiday,08:00–12:00,5.201342281879195,0.436241610738255,5.63758389261745
Glenbervie,Public Holiday,12:00–16:00,5.7407407407407405,3.0246913580246915,8.765432098765432
Glenbervie,Public Holiday,16:00–20:00,1.6612377850162867,5.732899022801303,7.394136807817589
Glenbervie,Public Holiday,20:00–00:00,0.05263157894736842,2.9473684210526314,3
Glenbervie,School Holiday,00:00–04:00,0,1.4792899408284024,1.4792899408284024
Glenbervie,School Holiday,04:00–08:00,6.484424666242848,0,6.484424666242848
Glenbervie,School Holiday,08:00–12:00,6.823821339950372,0.3771712158808933,7.200992555831266
Glenbervie,School Holiday,12:00–16:00,2.7171314741035855,4.54183266932271,7.2589641434262955
Glenbervie,School Holiday,16:00–20:00,1.3793103448275863,7.801164352888491,9.180474697716077
Glenbervie,School Holiday,20:00–00:00,0.07884362680683311,4.257555847568988,4.336399474375821
Essendon,Normal Weekday,00:00–04:00,0.19005847953216373,10,10.190058479532164
Essendon,Normal Weekday,04:00–08:00,36.010339060361865,11.573665805078303,47.584004865440164
Essendon,Normal Weekday,08:00–12:00,37.438182223212294,17.69993316997104,55.138115393183334
Essendon,Normal Weekday,12:00–16:00,27.349620581158614,31.2474551175273,58.59707569868591
Essendon,Normal Weekday,16:00–20:00,14.99007418242608,41.00094034061227,55.991014523038345
Essendon,Normal Weekday,20:00–00:00,6.298307250079847,23.296071542638135,29.594378792717983
Essendon,Normal Weekend,00:00–04:00,1.1993243243243243,9.881756756756756,11.08108108108108
Essendon,Normal Weekend,04:00–08:00,6.449275362318841,4.855072463768116,11.304347826086957
Essendon,Normal Weekend,08:00–12:00,29.169865642994242,15.916506717850288,45.08637236084453
Essendon,Normal Weekend,12:00–16:00,31.335616438356166,22.915239726027398,54.25085616438356
Essendon,Normal Weekend,16:00–20:00,23.45430695233931,31.031919545255793,54.4862264975951
Essendon,Normal Weekend,20:00–00:00,7.8061224489795915,23.832908163265305,31.639030612244895
Essendon,Public Holiday,00:00–04:00,0.18867924528301888,5.471698113207547,5.660377358490567
Essendon,Public Holiday,04:00–08:00,5,3.072289156626506,8.072289156626507
Essendon,Public Holiday,08:00–12:00,24.395973154362416,11.409395973154362,35.80536912751678
Essendon,Public Holiday,12:00–16:00,30.185185185185187,18.45679012345679,48.641975308641975
Essendon,Public Holiday,16:00–20:00,12.57328990228013,29.64169381107492,42.21498371335505
Essendon,Public Holiday,20:00–00:00,5.396825396825397,16.666666666666668,22.063492063492063
Essendon,School Holiday,00:00–04:00,2.411764705882353,8.176470588235293,10.588235294117647
Essendon,School Holiday,04:00–08:00,27.522935779816514,6.3564875491481,33.87942332896461
Essendon,School Holiday,08:00–12:00,31.599612215220553,12.04556471158507,43.645176926805625
Essendon,School Holiday,12:00–16:00,20.52589641434263,26.99601593625498,47.52191235059761
Essendon,School Holiday,16:00–20:00,13.212527964205817,34.91275167785235,48.12527964205817
Essendon,School Holiday,20:00–00:00,7.565789473684211,21.605263157894736,29.171052631578945
Moonee Ponds,Normal Weekday,00:00–04:00,0.1718213058419244,3.3676975945017182,3.5395189003436425
Moonee Ponds,Normal Weekday,04:00–08:00,16.099090624020068,6.32016306052054,22.419253684540607
Moonee Ponds,Normal Weekday,08:00–12:00,20.11937447773666,14.689029485496,34.808403963232664
Moonee Ponds,Normal Weekday,12:00–16:00,15.606484069312465,20.465809577044904,36.072293646357366
Moonee Ponds,Normal Weekday,16:00–20:00,11.060891399874452,23.78007951454279,34.84097091441724
Moonee Ponds,Normal Weekday,20:00–00:00,6.23405612244898,12.098214285714286,18.332270408163268
Moonee Ponds,Normal Weekend,00:00–04:00,0.7219662058371735,3.978494623655914,4.700460829493087
Moonee Ponds,Normal Weekend,04:00–08:00,2.6178010471204187,3.2722513089005236,5.890052356020942
Moonee Ponds,Normal Weekend,08:00–12:00,16.27705627705628,18.73977873977874,35.01683501683502
Moonee Ponds,Normal Weekend,12:00–16:00,22.034334763948497,22.278969957081546,44.31330472103004
Moonee Ponds,Normal Weekend,16:00–20:00,17.586508979413054,21.08190976784932,38.66841874726238
Moonee Ponds,Normal Weekend,20:00–00:00,7.334208798424163,12.613263296126068,19.94747209455023
Moonee Ponds,Public Holiday,00:00–04:00,0.3225806451612903,2.2580645161290325,2.580645161290323
Moonee Ponds,Public Holiday,04:00–08:00,2.156862745098039,1.5686274509803921,3.7254901960784315
Moonee Ponds,Public Holiday,08:00–12:00,12.114093959731544,10.570469798657719,22.684563758389263
Moonee Ponds,Public Holiday,12:00–16:00,16.85185185185185,14.722222222222221,31.574074074074073
Moonee Ponds,Public Holiday,16:00–20:00,9.770491803278688,17.934426229508198,27.704918032786885
Moonee Ponds,Public Holiday,20:00–00:00,5.392670157068062,8.167539267015707,13.56020942408377
Moonee Ponds,School Holiday,00:00–04:00,0.10638297872340426,3.9893617021276597,4.095744680851064
Moonee Ponds,School Holiday,04:00–08:00,11.806495263870096,5.548037889039242,17.354533152909337
Moonee Ponds,School Holiday,08:00–12:00,17.475324675324675,14.27012987012987,31.745454545454542
Moonee Ponds,School Holiday,12:00–16:00,16.13237639553429,20.247208931419458,36.379585326953745
Moonee Ponds,School Holiday,16:00–20:00,10.376007162041182,20.37600716204118,30.75201432408236
Moonee Ponds,School Holiday,20:00–00:00,6.079545454545454,11.690340909090908,17.769886363636363
Ascot Vale,Normal Weekday,00:00–04:00,0.027137042062415198,1.8181818181818181,1.8453188602442334
Ascot Vale,Normal Weekday,04:00–08:00,13.402320476638444,0.9360301034807149,14.338350580119158
Ascot Vale,Normal Weekday,08:00–12:00,16.282678763280412,3.6003342485376626,19.883013011818075
Ascot Vale,Normal Weekday,12:00–16:00,6.2169454937938475,10.483899982011152,16.700845475805
Ascot Vale,Normal Weekday,16:00–20:00,4.075041806020067,16.18415551839465,20.259197324414718
Ascot Vale,Normal Weekday,20:00–00:00,0.7061503416856492,8.36641718190693,9.07256752359258
Ascot Vale,Normal Weekend,00:00–04:00,0.11308562197092084,1.5831987075928917,1.6962843295638126
Ascot Vale,Normal Weekend,04:00–08:00,1.681735985533454,0.31645569620253167,1.9981916817359857
Ascot Vale,Normal Weekend,08:00–12:00,9.44927536231884,6.1352657004830915,15.584541062801932
Ascot Vale,Normal Weekend,12:00–16:00,11.215113782739373,8.553027050236153,19.768140832975526
Ascot Vale,Normal Weekend,16:00–20:00,7.9855810008481765,11.535199321458864,19.52078032230704
Ascot Vale,Normal Weekend,20:00–00:00,1.3143989431968295,7.681638044914135,8.996036988110964
Ascot Vale,Public Holiday,00:00–04:00,0,0.5555555555555556,0.5555555555555556
Ascot Vale,Public Holiday,04:00–08:00,1.0526315789473684,0.39473684210526316,1.4473684210526314
Ascot Vale,Public Holiday,08:00–12:00,7.281879194630872,3.3221476510067114,10.604026845637584
Ascot Vale,Public Holiday,12:00–16:00,9.876543209876543,6.512345679012346,16.38888888888889
Ascot Vale,Public Holiday,16:00–20:00,4.525316455696203,9.58860759493671,14.113924050632912
Ascot Vale,Public Holiday,20:00–00:00,1.0582010582010581,5.026455026455026,6.084656084656084
Ascot Vale,School Holiday,00:00–04:00,0,1.4906832298136645,1.4906832298136645
Ascot Vale,School Holiday,04:00–08:00,9.215155615696888,0.5953991880920162,9.810554803788904
Ascot Vale,School Holiday,08:00–12:00,13.657142857142857,3.018181818181818,16.675324675324674
Ascot Vale,School Holiday,12:00–16:00,6.19707467282525,8.791377983063896,14.988452655889146
Ascot Vale,School Holiday,16:00–20:00,3.7818506928922666,13.772910147519,17.554760840411266
Ascot Vale,School Holiday,20:00–00:00,0.7017543859649122,7.60233918128655,8.304093567251462
Newmarket,Normal Weekday,00:00–04:00,0.12622720897615708,1.697054698457223,1.8232819074333801
Newmarket,Normal Weekday,04:00–08:00,12.594619243046056,4.123727010183918,16.718346253229974
Newmarket,Normal Weekday,08:00–12:00,17.255045871559634,9.598776758409786,26.85382262996942
Newmarket,Normal Weekday,12:00–16:00,12.643884892086332,13.667266187050359,26.311151079136692
Newmarket,Normal Weekday,16:00–20:00,7.548333159159787,18.437663287699863,25.98599644685965
Newmarket,Normal Weekday,20:00–00:00,3.419438165967065,9.086212463674524,12.50565062964159
Newmarket,Normal Weekend,00:00–04:00,0.5289256198347108,1.7851239669421488,2.31404958677686
Newmarket,Normal Weekend,04:00–08:00,2.423146473779385,0.7142857142857143,3.1374321880650995
Newmarket,Normal Weekend,08:00–12:00,13.280193236714975,10.565217391304348,23.845410628019323
Newmarket,Normal Weekend,12:00–16:00,15.791505791505791,15.915915915915916,31.70742170742171
Newmarket,Normal Weekend,16:00–20:00,12.425010561892691,16.768060836501903,29.193071398394594
Newmarket,Normal Weekend,20:00–00:00,5.589980224126566,8.470665787738959,14.060646011865526
Newmarket,Public Holiday,00:00–04:00,0.18518518518518517,1.1111111111111112,1.2962962962962963
Newmarket,Public Holiday,04:00–08:00,1.8421052631578947,0.7894736842105263,2.6315789473684212
Newmarket,Public Holiday,08:00–12:00,9.697986577181208,6.040268456375839,15.738255033557046
Newmarket,Public Holiday,12:00–16:00,11.32716049382716,11.975308641975309,23.30246913580247
Newmarket,Public Holiday,16:00–20:00,8.769716088328076,12.429022082018928,21.198738170347006
Newmarket,Public Holiday,20:00–00:00,3.5106382978723403,6.117021276595745,9.627659574468085
Newmarket,School Holiday,00:00–04:00,0.12738853503184713,1.464968152866242,1.592356687898089
Newmarket,School Holiday,04:00–08:00,9.39016393442623,2.8459016393442624,12.236065573770492
Newmarket,School Holiday,08:00–12:00,15.33013844515442,7.289669861554845,22.619808306709267
Newmarket,School Holiday,12:00–16:00,10.392609699769054,12.548113933795227,22.940723633564282
Newmarket,School Holiday,16:00–20:00,7.013857845328565,16.173446580241396,23.187304425569963
Newmarket,School Holiday,20:00–00:00,3.633720930232558,8.619186046511627,12.252906976744185
Kensington,Normal Weekday,00:00–04:00,0.02886002886002886,1.1832611832611832,1.2121212121212122
Kensington,Normal Weekday,04:00–08:00,7.81749764816557,3.385073690812167,11.202571338977737
Kensington,Normal Weekday,08:00–12:00,13.640597014925373,7.008955223880597,20.64955223880597
Kensington,Normal Weekday,12:00–16:00,8.659237958303379,9.88138030194105,18.54061826024443
Kensington,Normal Weekday,16:00–20:00,4.990595611285267,13.285266457680251,18.275862068965516
Kensington,Normal Weekday,20:00–00:00,1.2644415917843388,7.278562259306804,8.543003851091143
Kensington,Normal Weekend,00:00–04:00,0.08264462809917356,1.603305785123967,1.6859504132231404
Kensington,Normal Weekend,04:00–08:00,0.9312839059674503,0.6057866184448463,1.5370705244122966
Kensington,Normal Weekend,08:00–12:00,11.52730787820203,6.578057032382794,18.105364910584825
Kensington,Normal Weekend,12:00–16:00,12.427101200686106,10.343053173241852,22.77015437392796
Kensington,Normal Weekend,16:00–20:00,7.749155405405405,11.494932432432432,19.24408783783784
Kensington,Normal Weekend,20:00–00:00,1.845748187211602,6.664469347396176,8.510217534607778
Kensington,Public Holiday,00:00–04:00,0,0.5555555555555556,0.5555555555555556
Kensington,Public Holiday,04:00–08:00,0.4605263157894737,0,0.4605263157894737
Kensington,Public Holiday,08:00–12:00,7.516778523489933,2.1476510067114094,9.664429530201343
Kensington,Public Holiday,12:00–16:00,7.592592592592593,6.419753086419753,14.012345679012345
Kensington,Public Holiday,16:00–20:00,3.312302839116719,7.760252365930599,11.072555205047319
Kensington,Public Holiday,20:00–00:00,1.0106382978723405,3.8297872340425534,4.840425531914894
Kensington,School Holiday,00:00–04:00,0,0.9150326797385621,0.9150326797385621
Kensington,School Holiday,04:00–08:00,5.706558485463151,2.738336713995943,8.444895199459094
Kensington,School Holiday,08:00–12:00,12.614345114345115,5.899168399168399,18.513513513513516
Kensington,School Holiday,12:00–16:00,9.07621247113164,9.53810623556582,18.61431870669746
Kensington,School Holiday,16:00–20:00,4.56861868573983,12.051855163164953,16.620473848904783
Kensington,School Holiday,20:00–00:00,1.3439306358381502,6.835260115606936,8.179190751445086
Box Hill,Normal Weekday,00:00–04:00,1.2859097127222983,10.013679890560876,11.299589603283174
Box Hill,Normal Weekday,04:00–08:00,28.887118798361403,12.592171142467,41.4792899408284
Box Hill,Normal Weekday,08:00–12:00,33.175671685857694,21.05698258045468,54.23265426631237
Box Hill,Normal Weekday,12:00–16:00,44.48679703900122,43.9984532095901,88.48525024859131
Box Hill,Normal Weekday,16:00–20:00,26.689213893967093,42.36928702010969,69.05850091407677
Box Hill,Normal Weekday,20:00–00:00,13.193367786391041,26.311369509043928,39.50473729543497
Box Hill,Normal Weekend,00:00–04:00,0.9250398724082934,9.074960127591707,10
Box Hill,Normal Weekend,04:00–08:00,12.48713550600343,7.409948542024014,19.897084048027445
Box Hill,Normal Weekend,08:00–12:00,39.218369829683695,28.80170316301703,68.02007299270073
Box Hill,Normal Weekend,12:00–16:00,35.12189951240195,29.715921136315455,64.83782064871741
Box Hill,Normal Weekend,16:00–20:00,28.35685242764889,29.454675914852906,57.811528342501795
Box Hill,Normal Weekend,20:00–00:00,18.638838475499092,30.2843315184513,48.923169993950395
Box Hill,Public Holiday,00:00–04:00,1.25,7.5,8.75
Box Hill,Public Holiday,04:00–08:00,9.785714285714286,7.071428571428571,16.857142857142858
Box Hill,Public Holiday,08:00–12:00,29.552572706935123,18.389261744966444,47.94183445190157
Box Hill,Public Holiday,12:00–16:00,27.03525641025641,21.923076923076923,48.95833333333333
Box Hill,Public Holiday,16:00–20:00,21.60649819494585,26.787003610108304,48.39350180505416
Box Hill,Public Holiday,20:00–00:00,15.321100917431192,28.34862385321101,43.669724770642205
Box Hill,School Holiday,00:00–04:00,1.2422360248447204,10.434782608695652,11.677018633540373
Box Hill,School Holiday,04:00–08:00,20.48233046800382,8.299904489016237,28.78223495702006
Box Hill,School Holiday,08:00–12:00,26.25492125984252,16.22047244094488,42.4753937007874
Box Hill,School Holiday,12:00–16:00,37.05307262569833,34.4366852886406,71.48975791433892
Box Hill,School Holiday,16:00–20:00,22.379856850715747,33.509713701431494,55.88957055214724
Box Hill,School Holiday,20:00–00:00,13.060853769300635,25.985467756584924,39.04632152588556
Southern Cross,Normal Weekday,00:00–04:00,6.958443854995579,3.336280577659888,10.294724432655467
Southern Cross,Normal Weekday,04:00–08:00,21.642020058262357,45.28275033912251,66.92477039738486
Southern Cross,Normal Weekday,08:00–12:00,33.42922704287596,81.29562741681893,114.72485445969488
Southern Cross,Normal Weekday,12:00–16:00,51.478722831451805,36.89825367482097,88.37697650627277
Southern Cross,Normal Weekday,16:00–20:00,83.60922459893048,37.42513368983957,121.03435828877005
Southern Cross,Normal Weekday,20:00–00:00,33.569503273007314,17.623411628802465,51.19291490180978
Southern Cross,Normal Weekend,00:00–04:00,15.658783783783784,4.864864864864865,20.52364864864865
Southern Cross,Normal Weekend,04:00–08:00,11.628543499511242,20.635386119257088,32.26392961876833
Southern Cross,Normal Weekend,08:00–12:00,39.85749352243284,38.64039274512478,78.49788626755762
Southern Cross,Normal Weekend,12:00–16:00,47.002903950468465,50.43997589173196,97.44287984220043
Southern Cross,Normal Weekend,16:00–20:00,60.85148058532089,43.96762299804125,104.81910358336214
Southern Cross,Normal Weekend,20:00–00:00,39.47866364442692,21.843894747215927,61.32255839164285
Southern Cross,Public Holiday,00:00–04:00,9.068627450980392,3.1862745098039214,12.254901960784313
Southern Cross,Public Holiday,04:00–08:00,9.064200217627857,15.701849836779108,24.766050054406964
Southern Cross,Public Holiday,08:00–12:00,33.90710382513661,32.864298724954466,66.77140255009107
Southern Cross,Public Holiday,12:00–16:00,41.86805040770941,47.42772424017791,89.29577464788733
Southern Cross,Public Holiday,16:00–20:00,49.433051869722554,35.351829513470044,84.7848813831926
Southern Cross,Public Holiday,20:00–00:00,28.352272727272727,17.478693181818183,45.83096590909091
Southern Cross,School Holiday,00:00–04:00,6.301020408163265,3.0739795918367347,9.375
Southern Cross,School Holiday,04:00–08:00,17.51708650654169,36.844366334700254,54.36145284124194
Southern Cross,School Holiday,08:00–12:00,31.064028374089975,65.30209694480742,96.36612531889739
Southern Cross,School Holiday,12:00–16:00,46.77956777996071,35.893123772102165,82.67269155206287
Southern Cross,School Holiday,16:00–20:00,69.04241719930273,34.99535153980244,104.03776873910518
Southern Cross,School Holiday,20:00–00:00,30.574635617356343,17.311107388172225,47.88574300552857
Roxburgh Park,Normal Weekday,00:00–04:00,0,2.9082426127527214,2.9082426127527214
Roxburgh Park,Normal Weekday,04:00–08:00,22.30343874200795,3.8206324520476933,26.12407119405564
Roxburgh Park,Normal Weekday,08:00–12:00,12.126059448489913,5.780112212009072,17.906171660498984
Roxburgh Park,Normal Weekday,12:00–16:00,9.946286349323948,14.082237451379886,24.028523800703834
Roxburgh Park,Normal Weekday,16:00–20:00,4.289091886082751,17.351961311123052,21.641053197205803
Roxburgh Park,Normal Weekday,20:00–00:00,1.9880774962742176,8.646795827123697,10.634873323397914
Roxburgh Park,Normal Weekend,00:00–04:00,0.016,3.664,3.68
Roxburgh Park,Normal Weekend,04:00–08:00,4.986690328305235,2.102928127772848,7.0896184560780835
Roxburgh Park,Normal Weekend,08:00–12:00,12.108910891089108,6.891089108910891,19
Roxburgh Park,Normal Weekend,12:00–16:00,10.621967357741509,8.711954124393472,19.333921482134983
Roxburgh Park,Normal Weekend,16:00–20:00,6.478300180831827,12.242314647377938,18.720614828209765
Roxburgh Park,Normal Weekend,20:00–00:00,2.5157629255989913,7.6166456494325345,10.132408575031526
Roxburgh Park,Public Holiday,00:00–04:00,0,1.3725490196078431,1.3725490196078431
Roxburgh Park,Public Holiday,04:00–08:00,4.478527607361963,0.9815950920245399,5.460122699386503
Roxburgh Park,Public Holiday,08:00–12:00,8.926174496644295,4.228187919463087,13.154362416107382
Roxburgh Park,Public Holiday,12:00–16:00,8.152866242038217,6.560509554140127,14.713375796178344
Roxburgh Park,Public Holiday,16:00–20:00,4.337748344370861,10.629139072847682,14.966887417218544
Roxburgh Park,Public Holiday,20:00–00:00,1.907216494845361,6.237113402061856,8.144329896907216
Roxburgh Park,School Holiday,00:00–04:00,0,3.0434782608695654,3.0434782608695654
Roxburgh Park,School Holiday,04:00–08:00,15.943325876211782,2.930648769574944,18.873974645786724
Roxburgh Park,School Holiday,08:00–12:00,9.963560645497138,4.830817282665278,14.794377928162415
Roxburgh Park,School Holiday,12:00–16:00,10.34621578099839,10.603864734299517,20.950080515297905
Roxburgh Park,School Holiday,16:00–20:00,4.170528266913809,14.615384615384615,18.785912882298426
Roxburgh Park,School Holiday,20:00–00:00,2.1867321867321867,8.624078624078624,10.81081081081081
Craigieburn,Normal Weekday,00:00–04:00,0.08631319358816276,19.45745992601726,19.543773119605422
Craigieburn,Normal Weekday,04:00–08:00,68.53462157809984,4.281624619788871,72.81624619788872
Craigieburn,Normal Weekday,08:00–12:00,40.973250537377595,8.235013135896823,49.208263673274416
Craigieburn,Normal Weekday,12:00–16:00,20.63605502948008,34.084330891549044,54.72038592102912
Craigieburn,Normal Weekday,16:00–20:00,8.787064779419362,54.20497985329063,62.99204463270999
Craigieburn,Normal Weekday,20:00–00:00,5.040071237756011,29.694271297120807,34.734342534876816
Craigieburn,Normal Weekend,00:00–04:00,0.21705426356589147,15.705426356589147,15.922480620155039
Craigieburn,Normal Weekend,04:00–08:00,23.76449598572703,4.2105263157894735,27.975022301516503
Craigieburn,Normal Weekend,08:00–12:00,44.10548086866598,11.732161323681488,55.83764219234747
Craigieburn,Normal Weekend,12:00–16:00,28.69757174392936,23.47019867549669,52.16777041942605
Craigieburn,Normal Weekend,16:00–20:00,18.84476534296029,44.268953068592054,63.11371841155234
Craigieburn,Normal Weekend,20:00–00:00,8.596385542168674,30.60843373493976,39.204819277108435
Craigieburn,Public Holiday,00:00–04:00,0.19230769230769232,14.423076923076923,14.615384615384615
Craigieburn,Public Holiday,04:00–08:00,18.957055214723926,3.0061349693251533,21.96319018404908
Craigieburn,Public Holiday,08:00–12:00,34.63157894736842,9.75438596491228,44.3859649122807
Craigieburn,Public Holiday,12:00–16:00,28.349206349206348,18.158730158730158,46.507936507936506
Craigieburn,Public Holiday,16:00–20:00,14.285714285714286,39.76744186046512,54.053156146179404
Craigieburn,Public Holiday,20:00–00:00,7.669902912621359,29.02912621359223,36.69902912621359
Craigieburn,School Holiday,00:00–04:00,0.04878048780487805,21.51219512195122,21.560975609756095
Craigieburn,School Holiday,04:00–08:00,50.1854714064915,3.2998454404945905,53.485316846986095
Craigieburn,School Holiday,08:00–12:00,33.751300728407905,7.154006243496358,40.90530697190427
Craigieburn,School Holiday,12:00–16:00,22.927018633540374,25.248447204968944,48.17546583850932
Craigieburn,School Holiday,16:00–20:00,8.392857142857142,45.473214285714285,53.86607142857143
Craigieburn,School Holiday,20:00–00:00,5.714285714285714,29.82758620689655,35.54187192118226
Coolaroo,Normal Weekday,00:00–04:00,0,1.4749262536873156,1.4749262536873156
Coolaroo,Normal Weekday,04:00–08:00,10.319682045965093,0.21600138240884742,10.535683428373941
Coolaroo,Normal Weekday,08:00–12:00,8.002936857562409,1.0658345570239844,9.068771414586394
Coolaroo,Normal Weekday,12:00–16:00,4.242319641007939,6.044183638246462,10.2865032792544
Coolaroo,Normal Weekday,16:00–20:00,1.2449226040180041,9.139312767592491,10.384235371610496
Coolaroo,Normal Weekday,20:00–00:00,0.1897590361445783,5.590361445783133,5.780120481927711
Coolaroo,Normal Weekend,00:00–04:00,0,1.468048359240069,1.468048359240069
Coolaroo,Normal Weekend,04:00–08:00,1.4700854700854702,0.05982905982905983,1.52991452991453
Coolaroo,Normal Weekend,08:00–12:00,5.743927125506073,1.2348178137651822,6.978744939271255
Coolaroo,Normal Weekend,12:00–16:00,4.594356261022928,3.2275132275132274,7.821869488536155
Coolaroo,Normal Weekend,16:00–20:00,1.9947848761408082,5.302042590178184,7.296827466318992
Coolaroo,Normal Weekend,20:00–00:00,0.38237200259235254,4.0894361633182115,4.471808165910564
Coolaroo,Public Holiday,00:00–04:00,0,1.8,1.8
Coolaroo,Public Holiday,04:00–08:00,1.2179487179487178,0,1.2179487179487178
Coolaroo,Public Holiday,08:00–12:00,4.101694915254237,0.5423728813559322,4.6440677966101696
Coolaroo,Public Holiday,12:00–16:00,4.126984126984127,1.873015873015873,6
Coolaroo,Public Holiday,16:00–20:00,1.624203821656051,4.904458598726115,6.528662420382166
Coolaroo,Public Holiday,20:00–00:00,0.3125,3.4895833333333335,3.8020833333333335
Coolaroo,School Holiday,00:00–04:00,0,1.7751479289940828,1.7751479289940828
Coolaroo,School Holiday,04:00–08:00,7.904548844146159,0.0894854586129754,7.994034302759134
Coolaroo,School Holiday,08:00–12:00,6.059797116924719,0.7100907634810465,6.769887880405766
Coolaroo,School Holiday,12:00–16:00,4.2105263157894735,4.669172932330827,8.8796992481203
Coolaroo,School Holiday,16:00–20:00,1.1289560699102503,7.83656117146906,8.96551724137931
Coolaroo,School Holiday,20:00–00:00,0.31017369727047145,5.33498759305211,5.645161290322581
Lynbrook,Normal Weekday,00:00–04:00,0.036275695284159616,1.1124546553808947,1.1487303506650544
Lynbrook,Normal Weekday,04:00–08:00,24.883583267561168,1.1089187056037886,25.992501973164956
Lynbrook,Normal Weekday,08:00–12:00,17.04418928322895,3.500347947112039,20.54453723034099
Lynbrook,Normal Weekday,12:00–16:00,6.3762763415164025,15.259613295676733,21.635889637193134
Lynbrook,Normal Weekday,16:00–20:00,3.233305853256389,27.404781533388295,30.638087386644685
Lynbrook,Normal Weekday,20:00–00:00,0.1971243042671614,5.6354359925788495,5.832560296846011
Lynbrook,Normal Weekend,00:00–04:00,0.030627871362940276,1.883614088820827,1.9142419601837672
Lynbrook,Normal Weekend,04:00–08:00,3.94,0.26,4.2
Lynbrook,Normal Weekend,08:00–12:00,8.0985169491525415,2.219279661016949,10.317796610169491
Lynbrook,Normal Weekend,12:00–16:00,5.334448160535117,5.2299331103678925,10.56438127090301
Lynbrook,Normal Weekend,16:00–20:00,3.1554947560419517,8.130414956680347,11.2859097127223
Lynbrook,Normal Weekend,20:00–00:00,0.5286911669890393,5.1063829787234045,5.635074145712444
Lynbrook,Public Holiday,00:00–04:00,0.14705882352941177,1.7647058823529411,1.9117647058823528
Lynbrook,Public Holiday,04:00–08:00,4.426229508196721,0.4098360655737705,4.836065573770492
Lynbrook,Public Holiday,08:00–12:00,8.541666666666666,2.4166666666666665,10.958333333333332
Lynbrook,Public Holiday,12:00–16:00,5.705128205128205,5.1923076923076925,10.897435897435898
Lynbrook,Public Holiday,16:00–20:00,2.3076923076923075,8.006993006993007,10.314685314685313
Lynbrook,Public Holiday,20:00–00:00,0.6310679611650486,5.048543689320389,5.6796116504854375
Lynbrook,School Holiday,00:00–04:00,0.09615384615384616,1.1538461538461537,1.25
Lynbrook,School Holiday,04:00–08:00,15.044679122664501,1.023558082859464,16.068237205523964
Lynbrook,School Holiday,08:00–12:00,12.903458213256485,3.155619596541787,16.05907780979827
Lynbrook,School Holiday,12:00–16:00,6.60377358490566,8.984725965858042,15.588499550763702
Lynbrook,School Holiday,16:00–20:00,3.130081300813008,20.35907859078591,23.489159891598916
Lynbrook,School Holiday,20:00–00:00,0.19195612431444242,5.365630712979891,5.557586837294333
Cardinia Road,Normal Weekday,00:00–04:00,0,2.1557562076749437,2.1557562076749437
Cardinia Road,Normal Weekday,04:00–08:00,20.874951606658925,0.845915602013163,21.72086720867209
Cardinia Road,Normal Weekday,08:00–12:00,14.586385563694837,2.865820975522601,17.45220653921744
Cardinia Road,Normal Weekday,12:00–16:00,6.3355704697986575,13.68903803131991,20.024608501118568
Cardinia Road,Normal Weekday,16:00–20:00,2.7835807220084297,25.65328935312443,28.43687007513286
Cardinia Road,Normal Weekday,20:00–00:00,0.21445591739475775,6.7593328038125495,6.973788721207307
Cardinia Road,Normal Weekend,00:00–04:00,0.014104372355430184,2.6798307475317347,2.693935119887165
Cardinia Road,Normal Weekend,04:00–08:00,6.882430647291942,0.3963011889035667,7.278731836195509
Cardinia Road,Normal Weekend,08:00–12:00,12.293577981651376,3.7003058103975537,15.99388379204893
Cardinia Road,Normal Weekend,12:00–16:00,6.202213279678069,5.789738430583501,11.99195171026157
Cardinia Road,Normal Weekend,16:00–20:00,3.5622529644268774,9.219367588932807,12.781620553359684
Cardinia Road,Normal Weekend,20:00–00:00,1.087124132613724,7.509637625289129,8.596761757902852
Cardinia Road,Public Holiday,00:00–04:00,0,2.1621621621621623,2.1621621621621623
Cardinia Road,Public Holiday,04:00–08:00,7.407407407407407,0.09259259259259259,7.5
Cardinia Road,Public Holiday,08:00–12:00,12.657004830917874,3.7198067632850242,16.3768115942029
Cardinia Road,Public Holiday,12:00–16:00,7.147435897435898,5.961538461538462,13.10897435897436
Cardinia Road,Public Holiday,16:00–20:00,2.7070063694267517,9.713375796178344,12.420382165605096
Cardinia Road,Public Holiday,20:00–00:00,0.9625668449197861,8.93048128342246,9.893048128342246
Cardinia Road,School Holiday,00:00–04:00,0,3.0434782608695654,3.0434782608695654
Cardinia Road,School Holiday,04:00–08:00,14.647364513734225,0.3637713437268003,15.011135857461024
Cardinia Road,School Holiday,08:00–12:00,11.8580375782881,2.4982602644398053,14.356297842727905
Cardinia Road,School Holiday,12:00–16:00,6.373815676141257,9.310938845822566,15.684754521963823
Cardinia Road,School Holiday,16:00–20:00,2.6182074805928015,20.846859562455894,23.465067043048695
Cardinia Road,School Holiday,20:00–00:00,0.19553072625698323,6.387337057728119,6.582867783985102
South Morang,Normal Weekday,00:00–04:00,0.045454545454545456,4.03030303030303,4.075757575757576
South Morang,Normal Weekday,04:00–08:00,17.480822338140534,0.992635777845965,18.4734581159865
South Morang,Normal Weekday,08:00–12:00,11.87277416185681,4.055016578656515,15.927790740513325
South Morang,Normal Weekday,12:00–16:00,10.229807367353835,15.412301453193647,25.642108820547485
South Morang,Normal Weekday,16:00–20:00,6.702855794194005,19.356856266226103,26.059712060420107
South Morang,Normal Weekday,20:00–00:00,2.6232394366197185,8.532863849765258,11.156103286384976
South Morang,Normal Weekend,00:00–04:00,0.04792332268370607,4.073482428115016,4.121405750798722
South Morang,Normal Weekend,04:00–08:00,3.5516605166051662,0.6365313653136532,4.1881918819188195
South Morang,Normal Weekend,08:00–12:00,11.869065467266367,6.211894052973514,18.08095952023988
South Morang,Normal Weekend,12:00–16:00,12.052980132450331,8.2408940397351,20.293874172185433
South Morang,Normal Weekend,16:00–20:00,10.681102362204724,10.01968503937008,20.700787401574804
South Morang,Normal Weekend,20:00–00:00,3.7288135593220337,7.131681877444589,10.860495436766623
South Morang,Public Holiday,00:00–04:00,0,2.142857142857143,2.142857142857143
South Morang,Public Holiday,04:00–08:00,3.3576642335766422,0.583941605839416,3.9416058394160585
South Morang,Public Holiday,08:00–12:00,9.62457337883959,4.436860068259386,14.061433447098977
South Morang,Public Holiday,12:00–16:00,11.320754716981131,7.3584905660377355,18.679245283018865
South Morang,Public Holiday,16:00–20:00,7.006172839506172,10.401234567901234,17.407407407407405
South Morang,Public Holiday,20:00–00:00,2.549019607843137,6.96078431372549,9.509803921568627
South Morang,School Holiday,00:00–04:00,0.07575757575757576,4.090909090909091,4.166666666666667
South Morang,School Holiday,04:00–08:00,11.838624338624339,0.6415343915343915,12.48015873015873
South Morang,School Holiday,08:00–12:00,9.319620253164556,3.4862869198312234,12.80590717299578
South Morang,School Holiday,12:00–16:00,9.964564138908575,10.177179305457123,20.141743444365698
South Morang,School Holiday,16:00–20:00,6.235955056179775,15.44943820224719,21.685393258426966
South Morang,School Holiday,20:00–00:00,3.117408906882591,7.840755735492578,10.958164642375168
Williams Landing,Normal Weekday,00:00–04:00,0.08196721311475409,8.629976580796253,8.711943793911008
Williams Landing,Normal Weekday,04:00–08:00,81.83971662607925,3.3119326986938233,85.15164932477308
Williams Landing,Normal Weekday,08:00–12:00,63.26411321335179,6.669743116443624,69.93385632979542
Williams Landing,Normal Weekday,12:00–16:00,21.275510204081634,39.16028911564626,60.43579931972789
Williams Landing,Normal Weekday,16:00–20:00,11.545429208472687,81.23467112597547,92.78010033444815
Williams Landing,Normal Weekday,20:00–00:00,2.114906129834879,19.96154716127573,22.076453291110607
Williams Landing,Normal Weekend,00:00–04:00,0.07987220447284345,8.6741214057508,8.753993610223644
Williams Landing,Normal Weekend,04:00–08:00,10.18624641833811,0.7234957020057307,10.90974212034384
Williams Landing,Normal Weekend,08:00–12:00,24.976465554129227,5.318784766795036,30.295250320924264
Williams Landing,Normal Weekend,12:00–16:00,18.778242677824267,12.443514644351465,31.221757322175733
Williams Landing,Normal Weekend,16:00–20:00,11.870292887029288,24.682008368200837,36.55230125523013
Williams Landing,Normal Weekend,20:00–00:00,3.0647911338448424,12.229326513213982,15.294117647058824
Williams Landing,Public Holiday,00:00–04:00,0.15151515151515152,7.2727272727272725,7.424242424242424
Williams Landing,Public Holiday,04:00–08:00,9.306358381502891,0.5780346820809249,9.884393063583817
Williams Landing,Public Holiday,08:00–12:00,23.096774193548388,4.709677419354839,27.806451612903228
Williams Landing,Public Holiday,12:00–16:00,18.774193548387096,10.870967741935484,29.64516129032258
Williams Landing,Public Holiday,16:00–20:00,9.278688524590164,24.459016393442624,33.73770491803279
Williams Landing,Public Holiday,20:00–00:00,2.8762541806020065,11.20401337792642,14.080267558528426
Williams Landing,School Holiday,00:00–04:00,0.19138755980861244,8.947368421052632,9.138755980861244
Williams Landing,School Holiday,04:00–08:00,52.15557638238051,2.0243673851921273,54.17994376757264
Williams Landing,School Holiday,08:00–12:00,45.860709592641264,5.328515111695138,51.189224704336404
Williams Landing,School Holiday,12:00–16:00,21.24440465532677,24.556848701880035,45.801253357206804
Williams Landing,School Holiday,16:00–20:00,9.814169570267131,56.678281068524974,66.4924506387921
Williams Landing,School Holiday,20:00–00:00,2.3529411764705883,17.749766573295986,20.102707749766573
Southland,Normal Weekday,00:00–04:00,0.024906600249066,0.5354919053549191,0.5603985056039851
Southland,Normal Weekday,04:00–08:00,2.6333961079723793,2.8436911487758945,5.477087256748273
Southland,Normal Weekday,08:00–12:00,3.9516562220232765,8.915846016114592,12.867502238137869
Southland,Normal Weekday,12:00–16:00,7.867453376883363,11.79538510167527,19.662838478558633
Southland,Normal Weekday,16:00–20:00,7.906267029972752,7.712261580381472,15.618528610354224
Southland,Normal Weekday,20:00–00:00,1.9316493313521546,2.056888134154107,3.988537465506262
Southland,Normal Weekend,00:00–04:00,0.09655172413793103,0.8413793103448276,0.9379310344827586
Southland,Normal Weekend,04:00–08:00,0.21604938271604937,2.5462962962962963,2.7623456790123457
Southland,Normal Weekend,08:00–12:00,4.412572474824534,15.685077815074763,20.0976502898993
Southland,Normal Weekend,12:00–16:00,9.608822305451518,12.958801498127341,22.56762380357886
Southland,Normal Weekend,16:00–20:00,8.871402877697841,4.961780575539568,13.83318345323741
Southland,Normal Weekend,20:00–00:00,1.520979020979021,2.3076923076923075,3.8286713286713283
Southland,Public Holiday,00:00–04:00,0,0.8450704225352113,0.8450704225352113
Southland,Public Holiday,04:00–08:00,0.16129032258064516,2.043010752688172,2.204301075268817
Southland,Public Holiday,08:00–12:00,3.6533957845433256,14.028103044496486,17.68149882903981
Southland,Public Holiday,12:00–16:00,9.038461538461538,12.371794871794872,21.41025641025641
Southland,Public Holiday,16:00–20:00,8.321033210332104,4.464944649446495,12.785977859778598
Southland,Public Holiday,20:00–00:00,1.2624584717607974,2.12624584717608,3.3887043189368775
Southland,School Holiday,00:00–04:00,0.1951219512195122,0.7317073170731707,0.9268292682926829
Southland,School Holiday,04:00–08:00,1.8879252835223483,3.1087391594396263,4.996664442961975
Southland,School Holiday,08:00–12:00,3.8106060606060606,11.337121212121213,15.147727272727273
Southland,School Holiday,12:00–16:00,11.389769126301493,14.34133091896786,25.73110004526935
Southland,School Holiday,16:00–20:00,9.173103134938664,7.619263970922308,16.792367105860972
Southland,School Holiday,20:00–00:00,2.6593959731543624,2.3573825503355703,5.016778523489933
Middle Gorge,Normal Weekday,00:00–04:00,0,1.13464447806354,1.13464447806354
Middle Gorge,Normal Weekday,04:00–08:00,7.336915957605613,0.4179728317659352,7.754888789371548
Middle Gorge,Normal Weekday,08:00–12:00,4.714598634196624,4.286818708929261,9.001417343125885
Middle Gorge,Normal Weekday,12:00–16:00,8.431637654216663,3.907385499408484,12.339023153625147
Middle Gorge,Normal Weekday,16:00–20:00,0.7891317188422918,7.201417601890136,7.990549320732428
Middle Gorge,Normal Weekday,20:00–00:00,0.052878965922444184,3.372502937720329,3.425381903642773
Middle Gorge,Normal Weekend,00:00–04:00,0,1.1980830670926517,1.1980830670926517
Middle Gorge,Normal Weekend,04:00–08:00,1.1346863468634687,0,1.1346863468634687
Middle Gorge,Normal Weekend,08:00–12:00,3.8269134567283642,0.19009504752376188,4.017008504252126
Middle Gorge,Normal Weekend,12:00–16:00,2.8021523178807946,1.2582781456953642,4.060430463576159
Middle Gorge,Normal Weekend,16:00–20:00,1.6768416768416767,3.203093203093203,4.87993487993488
Middle Gorge,Normal Weekend,20:00–00:00,0.23485784919653893,2.8121137206427687,3.0469715698393074
Middle Gorge,Public Holiday,00:00–04:00,0,0.17857142857142858,0.17857142857142858
Middle Gorge,Public Holiday,04:00–08:00,0.43795620437956206,0,0.43795620437956206
Middle Gorge,Public Holiday,08:00–12:00,3.378839590443686,0.034129692832764506,3.4129692832764507
Middle Gorge,Public Holiday,12:00–16:00,3.30188679245283,1.2264150943396226,4.528301886792453
Middle Gorge,Public Holiday,16:00–20:00,0.6031746031746031,3.5238095238095237,4.1269841269841265
Middle Gorge,Public Holiday,20:00–00:00,0.09389671361502347,2.15962441314554,2.2535211267605635
Middle Gorge,School Holiday,00:00–04:00,0,0.8333333333333334,0.8333333333333334
Middle Gorge,School Holiday,04:00–08:00,4.832474226804123,0.019329896907216496,4.85180412371134
Middle Gorge,School Holiday,08:00–12:00,3.15702479338843,0.1046831955922865,3.2617079889807163
Middle Gorge,School Holiday,12:00–16:00,1.2048192771084338,2.0978029766123316,3.3026222537207657
Middle Gorge,School Holiday,16:00–20:00,0.6026557711950971,5.444330949948927,6.046986721144025
Middle Gorge,School Holiday,20:00–00:00,0.06765899864682003,3.044654939106901,3.1123139377537212
Hawkstowe,Normal Weekday,00:00–04:00,0,1.283987915407855,1.283987915407855
Hawkstowe,Normal Weekday,04:00–08:00,8.883408071748878,0.014947683109118086,8.898355754857997
Hawkstowe,Normal Weekday,08:00–12:00,6.00953485375596,0.17008117510630075,6.17961602886226
Hawkstowe,Normal Weekday,12:00–16:00,1.379671673070206,4.924903946908837,6.304575619979043
Hawkstowe,Normal Weekday,16:00–20:00,0.7184937045165761,8.523738015478804,9.24223171999538
Hawkstowe,Normal Weekday,20:00–00:00,0.052770448548812667,3.86103781882146,3.9138082673702725
Hawkstowe,Normal Weekend,00:00–04:00,0,1.164274322169059,1.164274322169059
Hawkstowe,Normal Weekend,04:00–08:00,1.0424354243542435,0.00922509225092251,1.051660516605166
Hawkstowe,Normal Weekend,08:00–12:00,4.545,0.265,4.81
Hawkstowe,Normal Weekend,12:00–16:00,3.250517598343685,1.4906832298136645,4.74120082815735
Hawkstowe,Normal Weekend,16:00–20:00,2.047212047212047,3.667073667073667,5.714285714285714
Hawkstowe,Normal Weekend,20:00–00:00,0.2906617192331478,3.0117501546072973,3.302411873840445
Hawkstowe,Public Holiday,00:00–04:00,0,0.35714285714285715,0.35714285714285715
Hawkstowe,Public Holiday,04:00–08:00,0.8759124087591241,0,0.8759124087591241
Hawkstowe,Public Holiday,08:00–12:00,4.402730375426621,0.10238907849829351,4.505119453924915
Hawkstowe,Public Holiday,12:00–16:00,3.6163522012578615,1.949685534591195,5.566037735849056
Hawkstowe,Public Holiday,16:00–20:00,0.9206349206349206,4.222222222222222,5.142857142857143
Hawkstowe,Public Holiday,20:00–00:00,0.4205607476635514,2.336448598130841,2.7570093457943927
Hawkstowe,School Holiday,00:00–04:00,0,1.5037593984962405,1.5037593984962405
Hawkstowe,School Holiday,04:00–08:00,5.782664941785252,0.03880983182406209,5.821474773609314
Hawkstowe,School Holiday,08:00–12:00,3.911845730027548,0.11019283746556474,4.022038567493113
Hawkstowe,School Holiday,12:00–16:00,1.4566642388929352,2.294246176256373,3.750910415149308
Hawkstowe,School Holiday,16:00–20:00,0.8162243365047571,6.504757135703556,7.320981472208313
Hawkstowe,School Holiday,20:00–00:00,0.026881720430107527,3.4408602150537635,3.467741935483871
Mernda,Normal Weekday,00:00–04:00,0.024390243902439025,8.353658536585366,8.378048780487804
Mernda,Normal Weekday,04:00–08:00,30.009227929867734,0.7874500153798831,30.796677945247616
Mernda,Normal Weekday,08:00–12:00,20.095881991395206,1.4701905347264905,21.566072526121697
Mernda,Normal Weekday,12:00–16:00,10.462994254815817,17.019263264616423,27.48225751943224
Mernda,Normal Weekday,16:00–20:00,5.457767277023036,26.8375664500886,32.29533372711164
Mernda,Normal Weekday,20:00–00:00,2.4374420759962927,11.13994439295644,13.577386468952733
Mernda,Normal Weekend,00:00–04:00,0.14204545454545456,7.159090909090909,7.301136363636363
Mernda,Normal Weekend,04:00–08:00,6.752767527675276,1.1715867158671587,7.924354243542435
Mernda,Normal Weekend,08:00–12:00,19.037886340977067,2.8913260219341974,21.929212362911265
Mernda,Normal Weekend,12:00–16:00,15.97596353087443,7.331123083298798,23.30708661417323
Mernda,Normal Weekend,16:00–20:00,10.543831168831169,13.088474025974026,23.632305194805195
Mernda,Normal Weekend,20:00–00:00,4.016982364467668,10.600914435009798,14.617896799477467
Mernda,Public Holiday,00:00–04:00,0,5.373134328358209,5.373134328358209
Mernda,Public Holiday,04:00–08:00,5.839416058394161,0.583941605839416,6.423357664233577
Mernda,Public Holiday,08:00–12:00,17.269624573378838,2.2866894197952217,19.556313993174058
Mernda,Public Holiday,12:00–16:00,16.28930817610063,7.452830188679245,23.742138364779876
Mernda,Public Holiday,16:00–20:00,7.111111111111111,13.968253968253968,21.07936507936508
Mernda,Public Holiday,20:00–00:00,2.736318407960199,10.597014925373134,13.333333333333334
Mernda,School Holiday,00:00–04:00,0.06097560975609756,7.926829268292683,7.98780487804878
Mernda,School Holiday,04:00–08:00,20.39814200398142,0.46449900464499005,20.862641008626408
Mernda,School Holiday,08:00–12:00,13.741424802110817,1.0606860158311346,14.802110817941951
Mernda,School Holiday,12:00–16:00,11.664305949008499,9.341359773371105,21.005665722379604
Mernda,School Holiday,16:00–20:00,5.447112927950945,20.63362289218191,26.08073582013286
Mernda,School Holiday,20:00–00:00,2.619047619047619,11.1484593837535,13.76750700280112
Union,Normal Weekday,00:00–04:00,0.014104372355430184,2.623413258110014,2.637517630465444
Union,Normal Weekday,04:00–08:00,16.61736641221374,1.1148218829516539,17.732188295165393
Union,Normal Weekday,08:00–12:00,15.979109516775692,2.3179995779700358,18.29710909474573
Union,Normal Weekday,12:00–16:00,4.894954980706017,8.728026296984423,13.622981277690439
Union,Normal Weekday,16:00–20:00,5.700923919242614,18.607277289836887,24.3082012090795
Union,Normal Weekday,20:00–00:00,0.48331415420023016,7.390103567318757,7.8734177215189876
Union,Normal Weekend,00:00–04:00,0,2.7140549273021,2.7140549273021
Union,Normal Weekend,04:00–08:00,0.8068669527896996,0.017167381974248927,0.8240343347639485
Union,Normal Weekend,08:00–12:00,6.94139768097775,0.8367282983390787,7.778125979316829
Union,Normal Weekend,12:00–16:00,5.866892751165748,2.238236540907164,8.105129292072913
Union,Normal Weekend,16:00–20:00,4.139948513924643,5.270301895623684,9.410250409548325
Union,Normal Weekend,20:00–00:00,1.1124769514443762,8.063921327596804,9.17639827904118
Union,Public Holiday,00:00–04:00,0,1.40625,1.40625
Union,Public Holiday,04:00–08:00,1.2244897959183674,0.06802721088435375,1.2925170068027212
Union,Public Holiday,08:00–12:00,6.533957845433255,0.5152224824355972,7.049180327868852
Union,Public Holiday,12:00–16:00,5.448717948717949,2.051282051282051,7.5
Union,Public Holiday,16:00–20:00,1.7926186291739894,5.3954305799648505,7.18804920913884
Union,Public Holiday,20:00–00:00,1.0648148148148149,5.37037037037037,6.435185185185185
Union,School Holiday,00:00–04:00,0,3.540372670807453,3.540372670807453
Union,School Holiday,04:00–08:00,9.502353732347007,0.8069939475453934,10.3093476798924
Union,School Holiday,08:00–12:00,13.186318631863186,1.638163816381638,14.824482448244824
Union,School Holiday,12:00–16:00,5.7536764705882355,5.379901960784314,11.133578431372548
Union,School Holiday,16:00–20:00,5.203883495145631,14.349514563106796,19.553398058252426
Union,School Holiday,20:00–00:00,0.36018957345971564,6.957345971563981,7.317535545023697
East Pakenham,Normal Weekday,00:00–04:00,0,0.12658227848101267,0.12658227848101267
East Pakenham,Normal Weekday,04:00–08:00,1.02,0.06,1.08
East Pakenham,Normal Weekday,08:00–12:00,0.14388489208633093,0.08992805755395683,0.23381294964028776
East Pakenham,Normal Weekday,12:00–16:00,0.20044543429844097,1.024498886414254,1.2249443207126949
East Pakenham,Normal Weekday,16:00–20:00,0.09090909090909091,1.1636363636363636,1.2545454545454544
East Pakenham,Normal Weekday,20:00–00:00,0,0,0
East Pakenham,Normal Weekend,00:00–04:00,0,0,0
East Pakenham,Normal Weekend,04:00–08:00,0,0,0
East Pakenham,Normal Weekend,08:00–12:00,0.6862745098039216,0.39215686274509803,1.0784313725490196
East Pakenham,Normal Weekend,12:00–16:00,1.4444444444444444,1,2.4444444444444446
East Pakenham,Normal Weekend,16:00–20:00,0.3125,0.5208333333333334,0.8333333333333334
East Pakenham,Normal Weekend,20:00–00:00,0,0.5357142857142857,0.5357142857142857
East Pakenham,Public Holiday,00:00–04:00,0,0,0
East Pakenham,Public Holiday,04:00–08:00,0,0,0
East Pakenham,Public Holiday,08:00–12:00,3.3333333333333335,2.6666666666666665,6
East Pakenham,Public Holiday,12:00–16:00,1.6666666666666667,3.75,5.416666666666667
East Pakenham,Public Holiday,16:00–20:00,0.4,2,2.4
East Pakenham,Public Holiday,20:00–00:00,0,0,0
