{
"type": "FeatureCollection",
"name": "page_2.3_2.4_station_stats",
"crs": { "type": "name", "properties": { "name": "urn:ogc:def:crs:OGC:1.3:CRS84" } },
"features": [
{ "type": "Feature", "properties": { "Station_Name": "Aircraft", "N_Metro_Platform": 2, "daily_volume": 1164.2659279778393, "daily_trains": 132.52354570637118, "peak_volume": 13.464698509956831, "per_platform_volume": 582.13296398891964, "per_platform_trains": 66.26177285318559, "per_train_volume": 8.78535147676679, "norm_peak_volume": 0.092984085979489359, "norm_per_platform_volume": 0.026460257095484142, "norm_per_platform_trains": 0.20230616524186623, "norm_per_train_volume": 0.073351115260078648, "Crowding_Index": 0.09877540589422959 }, "geometry": { "type": "Point", "coordinates": [ 144.76080944, -37.86660595 ] } },
{ "type": "Feature", "properties": { "Station_Name": "Alamein", "N_Metro_Platform": 1, "daily_volume": 337.87878787878788, "daily_trains": 113.08264462809917, "peak_volume": 5.7727426445722019, "per_platform_volume": 337.87878787878788, "per_platform_trains": 113.08264462809917, "per_train_volume": 2.9878925186971665, "norm_peak_volume": 0.034407466809234018, "norm_per_platform_volume": 0.014199539709091285, "norm_per_platform_trains": 0.50589231953552394, "norm_per_train_volume": 0.019170423097636381, "Crowding_Index": 0.1434174372878714 }, "geometry": { "type": "Point", "coordinates": [ 145.07965567, -37.86832039 ] } },
{ "type": "Feature", "properties": { "Station_Name": "Albion", "N_Metro_Platform": 2, "daily_volume": 2071.0439560439559, "daily_trains": 142.93131868131869, "peak_volume": 18.251700680272108, "per_platform_volume": 1035.5219780219779, "per_platform_trains": 71.465659340659343, "per_train_volume": 14.489784150537218, "norm_peak_volume": 0.12943858571987787, "norm_per_platform_volume": 0.049218822192230706, "norm_per_platform_trains": 0.23604812318121737, "norm_per_train_volume": 0.12666242162624633, "Crowding_Index": 0.13534198817989307 }, "geometry": { "type": "Point", "coordinates": [ 144.82470361, -37.77765281 ] } },
{ "type": "Feature", "properties": { "Station_Name": "Alphington", "N_Metro_Platform": 2, "daily_volume": 1105.682451253482, "daily_trains": 134.28133704735376, "peak_volume": 12.986457590876693, "per_platform_volume": 552.84122562674099, "per_platform_trains": 67.140668523676879, "per_train_volume": 8.2340738896840708, "norm_peak_volume": 0.089342133701180326, "norm_per_platform_volume": 0.024989912835523966, "norm_per_platform_trains": 0.20800491766818816, "norm_per_train_volume": 0.068199099272072738, "Crowding_Index": 0.097634015869241295 }, "geometry": { "type": "Point", "coordinates": [ 145.031254929999989, -37.77839363 ] } },
{ "type": "Feature", "properties": { "Station_Name": "Altona", "N_Metro_Platform": 1, "daily_volume": 1364.8753462603879, "daily_trains": 111.41828254847645, "peak_volume": 19.382904491931967, "per_platform_volume": 1364.8753462603879, "per_platform_trains": 111.41828254847645, "per_train_volume": 12.250012431007907, "norm_peak_volume": 0.13805305205837232, "norm_per_platform_volume": 0.065751225578476111, "norm_per_platform_trains": 0.49510060925866445, "norm_per_train_volume": 0.10573042660435, "Crowding_Index": 0.20115882837496571 }, "geometry": { "type": "Point", "coordinates": [ 144.82964474, -37.8671476 ] } },
{ "type": "Feature", "properties": { "Station_Name": "Anstey", "N_Metro_Platform": 2, "daily_volume": 1758.1741573033707, "daily_trains": 109.53651685393258, "peak_volume": 25.946470131885182, "per_platform_volume": 879.08707865168537, "per_platform_trains": 54.768258426966291, "per_train_volume": 16.051032183613284, "norm_peak_volume": 0.18803663121809069, "norm_per_platform_volume": 0.041366329673604721, "norm_per_platform_trains": 0.12778231056549666, "norm_per_train_volume": 0.14125321039786334, "Crowding_Index": 0.12460962046376385 }, "geometry": { "type": "Point", "coordinates": [ 144.96068404, -37.76124203 ] } },
{ "type": "Feature", "properties": { "Station_Name": "Armadale", "N_Metro_Platform": 2, "daily_volume": 2123.5311572700298, "daily_trains": 203.43620178041542, "peak_volume": 18.034854391194681, "per_platform_volume": 1061.7655786350149, "per_platform_trains": 101.71810089020771, "per_train_volume": 10.438315003354825, "norm_peak_volume": 0.1277872342670005, "norm_per_platform_volume": 0.050536160447985777, "norm_per_platform_trains": 0.43220470976023784, "norm_per_train_volume": 0.088799039710695471, "Crowding_Index": 0.17483178604647989 }, "geometry": { "type": "Point", "coordinates": [ 145.019325540000011, -37.85645238 ] } },
{ "type": "Feature", "properties": { "Station_Name": "Ascot Vale", "N_Metro_Platform": 2, "daily_volume": 2348.4078212290501, "daily_trains": 147.5, "peak_volume": 20.259197324414714, "per_platform_volume": 1174.2039106145251, "per_platform_trains": 73.75, "per_train_volume": 15.921408957485086, "norm_peak_volume": 0.14472629257460604, "norm_per_platform_volume": 0.056180176995635739, "norm_per_platform_trains": 0.25085976955977624, "norm_per_train_volume": 0.14004180447627784, "Crowding_Index": 0.14795201090157395 }, "geometry": { "type": "Point", "coordinates": [ 144.921820739999987, -37.77530609 ] } },
{ "type": "Feature", "properties": { "Station_Name": "Ashburton", "N_Metro_Platform": 1, "daily_volume": 875.37190082644634, "daily_trains": 113.21487603305785, "peak_volume": 13.752949106841928, "per_platform_volume": 875.37190082644634, "per_platform_trains": 113.21487603305785, "per_train_volume": 7.7319512373165935, "norm_peak_volume": 0.095179203285780986, "norm_per_platform_volume": 0.04117984055771378, "norm_per_platform_trains": 0.50674970689689647, "norm_per_train_volume": 0.06350646530045255, "Crowding_Index": 0.17665380401021094 }, "geometry": { "type": "Point", "coordinates": [ 145.08134376000001, -37.86196753 ] } },
{ "type": "Feature", "properties": { "Station_Name": "Aspendale", "N_Metro_Platform": 2, "daily_volume": 561.00286532951293, "daily_trains": 206.11747851002866, "peak_volume": 3.8074398249452952, "per_platform_volume": 280.50143266475646, "per_platform_trains": 103.05873925501433, "per_train_volume": 2.7217627024397024, "norm_peak_volume": 0.019441078957532817, "norm_per_platform_volume": 0.011319394329956729, "norm_per_platform_trains": 0.44089739808579459, "norm_per_train_volume": 0.016683282135677057, "Crowding_Index": 0.12208528837724029 }, "geometry": { "type": "Point", "coordinates": [ 145.10214962, -38.02722019 ] } },
{ "type": "Feature", "properties": { "Station_Name": "Auburn", "N_Metro_Platform": 3, "daily_volume": 3126.8611111111113, "daily_trains": 182.08611111111111, "peak_volume": 20.201058201058203, "per_platform_volume": 1042.2870370370372, "per_platform_trains": 60.69537037037037, "per_train_volume": 17.172430626535064, "norm_peak_volume": 0.14428354519704076, "norm_per_platform_volume": 0.049558404827036967, "norm_per_platform_trains": 0.16621365651771272, "norm_per_train_volume": 0.15173334389545653, "Crowding_Index": 0.12794723760931176 }, "geometry": { "type": "Point", "coordinates": [ 145.04584366, -37.82239831 ] } },
{ "type": "Feature", "properties": { "Station_Name": "Balaclava", "N_Metro_Platform": 2, "daily_volume": 4393.5028248587569, "daily_trains": 162.81920903954801, "peak_volume": 34.632055955078314, "per_platform_volume": 2196.7514124293784, "per_platform_trains": 81.409604519774007, "per_train_volume": 26.983934210069744, "norm_peak_volume": 0.25418004934732513, "norm_per_platform_volume": 0.10750853556691795, "norm_per_platform_trains": 0.30052458337929217, "norm_per_train_volume": 0.24342766362328366, "Crowding_Index": 0.22641020797920472 }, "geometry": { "type": "Point", "coordinates": [ 144.9935121, -37.86948773 ] } },
{ "type": "Feature", "properties": { "Station_Name": "Batman", "N_Metro_Platform": 2, "daily_volume": 1153.7921348314608, "daily_trains": 110.44943820224719, "peak_volume": 17.237173281703775, "per_platform_volume": 576.89606741573039, "per_platform_trains": 55.224719101123597, "per_train_volume": 10.446337741607325, "norm_peak_volume": 0.12171264629643898, "norm_per_platform_volume": 0.026197382945743128, "norm_per_platform_trains": 0.13074199788870355, "norm_per_train_volume": 0.08887401695757248, "Crowding_Index": 0.091881511022114531 }, "geometry": { "type": "Point", "coordinates": [ 144.96284055000001, -37.73352285 ] } },
{ "type": "Feature", "properties": { "Station_Name": "Bayswater", "N_Metro_Platform": 2, "daily_volume": 1881.5680473372781, "daily_trains": 104.96449704142012, "peak_volume": 28.588132635253054, "per_platform_volume": 940.78402366863907, "per_platform_trains": 52.482248520710058, "per_train_volume": 17.925756807035345, "norm_peak_volume": 0.20815370691953658, "norm_per_platform_volume": 0.044463303565734261, "norm_per_platform_trains": 0.11295984080342407, "norm_per_train_volume": 0.15877362381443411, "Crowding_Index": 0.13108761877578226 }, "geometry": { "type": "Point", "coordinates": [ 145.26813639, -37.84173004 ] } },
{ "type": "Feature", "properties": { "Station_Name": "Beaconsfield", "N_Metro_Platform": 2, "daily_volume": 929.4153846153846, "daily_trains": 127.15692307692308, "peak_volume": 12.420798898071626, "per_platform_volume": 464.7076923076923, "per_platform_trains": 63.578461538461539, "per_train_volume": 7.3092000193582729, "norm_peak_volume": 0.085034468081581757, "norm_per_platform_volume": 0.020565913371122294, "norm_per_platform_trains": 0.18490759635733298, "norm_per_train_volume": 0.059555604454837534, "Crowding_Index": 0.087515895566218638 }, "geometry": { "type": "Point", "coordinates": [ 145.36607374, -38.05083135 ] } },
{ "type": "Feature", "properties": { "Station_Name": "Belgrave", "N_Metro_Platform": 2, "daily_volume": 1321.301775147929, "daily_trains": 101.53550295857988, "peak_volume": 14.26669484361792, "per_platform_volume": 660.6508875739645, "per_platform_trains": 50.767751479289942, "per_train_volume": 13.013199685305516, "norm_peak_volume": 0.099091535714636483, "norm_per_platform_volume": 0.030401586108456922, "norm_per_platform_trains": 0.10184305583934172, "norm_per_train_volume": 0.11286286410610105, "Crowding_Index": 0.086049760442134041 }, "geometry": { "type": "Point", "coordinates": [ 145.355291279999989, -37.9091021 ] } },
{ "type": "Feature", "properties": { "Station_Name": "Bell", "N_Metro_Platform": 2, "daily_volume": 1911.1602209944751, "daily_trains": 142.69337016574585, "peak_volume": 17.072920232796989, "per_platform_volume": 955.58011049723757, "per_platform_trains": 71.346685082872924, "per_train_volume": 13.393475946181397, "norm_peak_volume": 0.12046180860811261, "norm_per_platform_volume": 0.045206016103628309, "norm_per_platform_trains": 0.2352766950549971, "norm_per_train_volume": 0.11641677128788834, "Crowding_Index": 0.12934032276365659 }, "geometry": { "type": "Point", "coordinates": [ 145.00015503, -37.74556212 ] } },
{ "type": "Feature", "properties": { "Station_Name": "Bentleigh", "N_Metro_Platform": 3, "daily_volume": 2660.3353658536585, "daily_trains": 204.17378048780489, "peak_volume": 21.626136363636363, "per_platform_volume": 886.77845528455282, "per_platform_trains": 68.057926829268297, "per_train_volume": 13.029760038226641, "norm_peak_volume": 0.15513595546538983, "norm_per_platform_volume": 0.041752410258631745, "norm_per_platform_trains": 0.21395241311054378, "norm_per_train_volume": 0.11301763042531267, "Crowding_Index": 0.13096460231496951 }, "geometry": { "type": "Point", "coordinates": [ 145.03699513, -37.91742457 ] } },
{ "type": "Feature", "properties": { "Station_Name": "Berwick", "N_Metro_Platform": 2, "daily_volume": 5623.5435435435438, "daily_trains": 127.45645645645645, "peak_volume": 71.160409556313994, "per_platform_volume": 2811.7717717717719, "per_platform_trains": 63.728228228228225, "per_train_volume": 44.121292085856332, "norm_peak_volume": 0.53235474187840526, "norm_per_platform_volume": 0.13838043684968204, "norm_per_platform_trains": 0.18587868236372213, "norm_per_train_volume": 0.40358643633062252, "Crowding_Index": 0.315050074355608 }, "geometry": { "type": "Point", "coordinates": [ 145.345416660000012, -38.03998037 ] } },
{ "type": "Feature", "properties": { "Station_Name": "Blackburn", "N_Metro_Platform": 3, "daily_volume": 7075.4722222222226, "daily_trains": 235.53888888888889, "peak_volume": 34.460484915787525, "per_platform_volume": 2358.4907407407409, "per_platform_trains": 78.512962962962959, "per_train_volume": 30.039507512323986, "norm_peak_volume": 0.25287348290244877, "norm_per_platform_volume": 0.11562729212728272, "norm_per_platform_trains": 0.2817427829286942, "norm_per_train_volume": 0.27198380824915924, "Crowding_Index": 0.23055684155189624 }, "geometry": { "type": "Point", "coordinates": [ 145.15001354, -37.82007075 ] } },
{ "type": "Feature", "properties": { "Station_Name": "Bonbeach", "N_Metro_Platform": 2, "daily_volume": 428.71060171919771, "daily_trains": 206.13180515759313, "peak_volume": 3.068503146948828, "per_platform_volume": 214.35530085959886, "per_platform_trains": 103.06590257879657, "per_train_volume": 2.0797887128162356, "norm_peak_volume": 0.013813847972924422, "norm_per_platform_volume": 0.0079990866030564614, "norm_per_platform_trains": 0.44094384501932166, "norm_per_train_volume": 0.010683654478172173, "Crowding_Index": 0.11836010851836867 }, "geometry": { "type": "Point", "coordinates": [ 145.12002480000001, -38.06507704 ] } },
{ "type": "Feature", "properties": { "Station_Name": "Boronia", "N_Metro_Platform": 2, "daily_volume": 2169.3195266272191, "daily_trains": 104.87278106508876, "peak_volume": 28.877457284585706, "per_platform_volume": 1084.6597633136096, "per_platform_trains": 52.43639053254438, "per_train_volume": 20.685248399018253, "norm_peak_volume": 0.21035700346688083, "norm_per_platform_volume": 0.051685369573522162, "norm_per_platform_trains": 0.11266249797867296, "norm_per_train_volume": 0.18456270926573606, "Crowding_Index": 0.13981689507120301 }, "geometry": { "type": "Point", "coordinates": [ 145.28470457, -37.86040238 ] } },
{ "type": "Feature", "properties": { "Station_Name": "Box Hill", "N_Metro_Platform": 3, "daily_volume": 13899.254143646409, "daily_trains": 242.31491712707182, "peak_volume": 69.058500914076788, "per_platform_volume": 4633.0847145488033, "per_platform_trains": 80.771639042357279, "per_train_volume": 57.360290932305801, "norm_peak_volume": 0.51634805850401488, "norm_per_platform_volume": 0.22980406619839805, "norm_per_platform_trains": 0.29638802037824113, "norm_per_train_volume": 0.5273127319760591, "Crowding_Index": 0.39246321926417826 }, "geometry": { "type": "Point", "coordinates": [ 145.12142893, -37.81922165 ] } },
{ "type": "Feature", "properties": { "Station_Name": "Brighton Beach", "N_Metro_Platform": 2, "daily_volume": 2136.9467787114845, "daily_trains": 161.50980392156862, "peak_volume": 14.518708354689903, "per_platform_volume": 1068.4733893557423, "per_platform_trains": 80.754901960784309, "per_train_volume": 13.231065401758615, "norm_peak_volume": 0.10101069642254627, "norm_per_platform_volume": 0.050872869415824147, "norm_per_platform_trains": 0.29627949727655128, "norm_per_train_volume": 0.11489894843222893, "Crowding_Index": 0.14076550288678766 }, "geometry": { "type": "Point", "coordinates": [ 144.98915355, -37.92648432 ] } },
{ "type": "Feature", "properties": { "Station_Name": "Broadmeadows", "N_Metro_Platform": 2, "daily_volume": 4914.1061452513968, "daily_trains": 151.51955307262571, "peak_volume": 30.126257442003695, "per_platform_volume": 2457.0530726256984, "per_platform_trains": 75.759776536312856, "per_train_volume": 32.432158395398567, "norm_peak_volume": 0.21986700229175976, "norm_per_platform_volume": 0.1205747813183803, "norm_per_platform_trains": 0.26389114438299682, "norm_per_train_volume": 0.29434454971980245, "Crowding_Index": 0.22466936942823484 }, "geometry": { "type": "Point", "coordinates": [ 144.91961322, -37.68304926 ] } },
{ "type": "Feature", "properties": { "Station_Name": "Brunswick", "N_Metro_Platform": 2, "daily_volume": 1902.1067415730338, "daily_trains": 109.52808988764045, "peak_volume": 27.570292805894901, "per_platform_volume": 951.05337078651689, "per_platform_trains": 54.764044943820224, "per_train_volume": 17.366382847763646, "norm_peak_volume": 0.20040254231276347, "norm_per_platform_volume": 0.044978789379570651, "norm_per_platform_trains": 0.12775499037482091, "norm_per_train_volume": 0.15354594242674593, "Crowding_Index": 0.13167056612347525 }, "geometry": { "type": "Point", "coordinates": [ 144.95958654, -37.76772055 ] } },
{ "type": "Feature", "properties": { "Station_Name": "Burnley", "N_Metro_Platform": 4, "daily_volume": 6043.9502762430939, "daily_trains": 324.77348066298345, "peak_volume": 18.270161963599932, "per_platform_volume": 1510.9875690607735, "per_platform_trains": 81.193370165745861, "per_train_volume": 18.609740745781163, "norm_peak_volume": 0.12957917409321404, "norm_per_platform_volume": 0.073085555328668186, "norm_per_platform_trains": 0.29912252157486519, "norm_per_train_volume": 0.1651658593606054, "Crowding_Index": 0.16673827758933821 }, "geometry": { "type": "Point", "coordinates": [ 145.00755515, -37.82756022 ] } },
{ "type": "Feature", "properties": { "Station_Name": "Burwood", "N_Metro_Platform": 2, "daily_volume": 894.76584022038571, "daily_trains": 113.21763085399449, "peak_volume": 15.665523436224072, "per_platform_volume": 447.38292011019286, "per_platform_trains": 56.608815426997246, "per_train_volume": 7.9030609762032213, "norm_peak_volume": 0.10974404740185188, "norm_per_platform_volume": 0.019696269547299187, "norm_per_platform_trains": 0.13971646728269504, "norm_per_train_volume": 0.065105587287458244, "Crowding_Index": 0.083565592879826095 }, "geometry": { "type": "Point", "coordinates": [ 145.08051107, -37.85156328 ] } },
{ "type": "Feature", "properties": { "Station_Name": "Camberwell", "N_Metro_Platform": 3, "daily_volume": 9148.1593406593402, "daily_trains": 346.16483516483515, "peak_volume": 37.519776640297813, "per_platform_volume": 3049.3864468864467, "per_platform_trains": 115.38827838827838, "per_train_volume": 26.42717691501857, "norm_peak_volume": 0.27617093408567805, "norm_per_platform_volume": 0.15030787418089472, "norm_per_platform_trains": 0.52084203020787978, "norm_per_train_volume": 0.23822443651455635, "Crowding_Index": 0.29638631874725224 }, "geometry": { "type": "Point", "coordinates": [ 145.05869718, -37.82656714 ] } },
{ "type": "Feature", "properties": { "Station_Name": "Canterbury", "N_Metro_Platform": 3, "daily_volume": 1047.0165745856355, "daily_trains": 158.58563535911603, "peak_volume": 10.731370745170194, "per_platform_volume": 349.00552486187848, "per_platform_trains": 52.861878453038678, "per_train_volume": 6.6022157190635458, "norm_peak_volume": 0.072168951006352594, "norm_per_platform_volume": 0.014758063537649647, "norm_per_platform_trains": 0.11542135821737701, "norm_per_train_volume": 0.052948416889562797, "Crowding_Index": 0.063824197412735512 }, "geometry": { "type": "Point", "coordinates": [ 145.081224240000012, -37.82448518 ] } },
{ "type": "Feature", "properties": { "Station_Name": "Cardinia Road", "N_Metro_Platform": 2, "daily_volume": 2111.9384615384615, "daily_trains": 127.16, "peak_volume": 28.436870075132855, "per_platform_volume": 1055.9692307692308, "per_platform_trains": 63.58, "per_train_volume": 16.608512594671765, "norm_peak_volume": 0.20700179581474817, "norm_per_platform_volume": 0.050245203772495577, "norm_per_platform_trains": 0.18491757172951814, "norm_per_train_volume": 0.14646319545452491, "Crowding_Index": 0.1471569416928217 }, "geometry": { "type": "Point", "coordinates": [ 145.437791010000012, -38.07129047 ] } },
{ "type": "Feature", "properties": { "Station_Name": "Carnegie", "N_Metro_Platform": 2, "daily_volume": 5832.5222551928782, "daily_trains": 248.56083086053411, "peak_volume": 30.707686127477235, "per_platform_volume": 2916.2611275964391, "per_platform_trains": 124.28041543026706, "per_train_volume": 23.465170417238703, "norm_peak_volume": 0.22429476127526021, "norm_per_platform_volume": 0.14362544220457452, "norm_per_platform_trains": 0.57849857494304047, "norm_per_train_volume": 0.2105427291665494, "Crowding_Index": 0.28924037689735616 }, "geometry": { "type": "Point", "coordinates": [ 145.05857506000001, -37.88624148 ] } },
{ "type": "Feature", "properties": { "Station_Name": "Carrum", "N_Metro_Platform": 2, "daily_volume": 1485.6446991404011, "daily_trains": 206.14613180515758, "peak_volume": 9.2574347746761543, "per_platform_volume": 742.82234957020057, "per_platform_trains": 103.07306590257879, "per_train_volume": 7.2067551601918138, "norm_peak_volume": 0.060944473443563976, "norm_per_platform_volume": 0.034526310151284788, "norm_per_platform_trains": 0.44099029195284867, "norm_per_train_volume": 0.058598196490716153, "Crowding_Index": 0.14876481800960339 }, "geometry": { "type": "Point", "coordinates": [ 145.122809600000011, -38.07653027 ] } },
{ "type": "Feature", "properties": { "Station_Name": "Caulfield", "N_Metro_Platform": 4, "daily_volume": 19302.881355932204, "daily_trains": 450.61581920903956, "peak_volume": 51.948360346777235, "per_platform_volume": 4825.7203389830511, "per_platform_trains": 112.65395480225989, "per_train_volume": 42.836670469790242, "norm_peak_volume": 0.3860490545184887, "norm_per_platform_volume": 0.23947371028536216, "norm_per_platform_trains": 0.50311269816843318, "norm_per_train_volume": 0.39158088548003556, "Crowding_Index": 0.38005408711307992 }, "geometry": { "type": "Point", "coordinates": [ 145.04252478, -37.87745946 ] } },
{ "type": "Feature", "properties": { "Station_Name": "Chatham", "N_Metro_Platform": 3, "daily_volume": 655.63535911602207, "daily_trains": 158.58839779005524, "peak_volume": 8.1490849575955959, "per_platform_volume": 218.54511970534068, "per_platform_trains": 52.862799263351747, "per_train_volume": 4.134194986848752, "norm_peak_volume": 0.052504047331043163, "norm_per_platform_volume": 0.008209401061486276, "norm_per_platform_trains": 0.11542732874400714, "norm_per_train_volume": 0.029883299480404031, "Crowding_Index": 0.051506019154235153 }, "geometry": { "type": "Point", "coordinates": [ 145.08864793, -37.82429952 ] } },
{ "type": "Feature", "properties": { "Station_Name": "Chelsea", "N_Metro_Platform": 2, "daily_volume": 1633.0085959885387, "daily_trains": 206.12320916905443, "peak_volume": 9.3726668487662756, "per_platform_volume": 816.50429799426934, "per_platform_trains": 103.06160458452722, "per_train_volume": 7.9224877323213372, "norm_peak_volume": 0.061822001271115826, "norm_per_platform_volume": 0.038224889886924393, "norm_per_platform_trains": 0.44091597685920536, "norm_per_train_volume": 0.065287141844474192, "Crowding_Index": 0.15156250246542993 }, "geometry": { "type": "Point", "coordinates": [ 145.1166795, -38.05329032 ] } },
{ "type": "Feature", "properties": { "Station_Name": "Cheltenham", "N_Metro_Platform": 3, "daily_volume": 3118.5915492957747, "daily_trains": 216.49577464788732, "peak_volume": 23.384074941451992, "per_platform_volume": 1039.530516431925, "per_platform_trains": 72.165258215962439, "per_train_volume": 14.404861038825857, "norm_peak_volume": 0.16852320058217618, "norm_per_platform_volume": 0.049420036997887502, "norm_per_platform_trains": 0.24058431663618915, "norm_per_train_volume": 0.12586876478341427, "Crowding_Index": 0.14609907974991679 }, "geometry": { "type": "Point", "coordinates": [ 145.054557929999987, -37.96664989 ] } },
{ "type": "Feature", "properties": { "Station_Name": "Clayton", "N_Metro_Platform": 2, "daily_volume": 8321.9197707736384, "daily_trains": 246.10028653295129, "peak_volume": 43.72643428726434, "per_platform_volume": 4160.9598853868192, "per_platform_trains": 123.05014326647564, "per_train_volume": 33.815156772112843, "norm_peak_volume": 0.32343654866657134, "norm_per_platform_volume": 0.2061050277883277, "norm_per_platform_trains": 0.57052150017314929, "norm_per_train_volume": 0.30726948974126034, "Crowding_Index": 0.35183314159232715 }, "geometry": { "type": "Point", "coordinates": [ 145.12053436, -37.92468255 ] } },
{ "type": "Feature", "properties": { "Station_Name": "Clifton Hill", "N_Metro_Platform": 2, "daily_volume": 4391.1813186813188, "daily_trains": 294.49725274725273, "peak_volume": 18.63100475101179, "per_platform_volume": 2195.5906593406594, "per_platform_trains": 147.24862637362637, "per_train_volume": 14.910771756672297, "norm_peak_volume": 0.1323271033466408, "norm_per_platform_volume": 0.10745026976445424, "norm_per_platform_trains": 0.72742426912535096, "norm_per_train_volume": 0.1305968004734582, "Crowding_Index": 0.27444961067747603 }, "geometry": { "type": "Point", "coordinates": [ 144.9954167, -37.78865745 ] } },
{ "type": "Feature", "properties": { "Station_Name": "Coburg", "N_Metro_Platform": 2, "daily_volume": 2710.1685393258426, "daily_trains": 110.4747191011236, "peak_volume": 38.595201238390096, "per_platform_volume": 1355.0842696629213, "per_platform_trains": 55.237359550561798, "per_train_volume": 24.532024714587198, "norm_peak_volume": 0.28436062448838378, "norm_per_platform_volume": 0.065259747295558501, "norm_per_platform_trains": 0.1308239584607308, "norm_per_train_volume": 0.22051311527620185, "Crowding_Index": 0.17523936138021873 }, "geometry": { "type": "Point", "coordinates": [ 144.963336340000012, -37.74234502 ] } },
{ "type": "Feature", "properties": { "Station_Name": "Collingwood", "N_Metro_Platform": 2, "daily_volume": 2828.2122905027932, "daily_trains": 276.75418994413405, "peak_volume": 15.006150061500614, "per_platform_volume": 1414.1061452513966, "per_platform_trains": 138.37709497206703, "per_train_volume": 10.219221219645128, "norm_peak_volume": 0.10472271554060222, "norm_per_platform_volume": 0.068222441926739943, "norm_per_platform_trains": 0.66990133119624851, "norm_per_train_volume": 0.086751478367745938, "Crowding_Index": 0.23239949175783414 }, "geometry": { "type": "Point", "coordinates": [ 144.99374967, -37.80452593 ] } },
{ "type": "Feature", "properties": { "Station_Name": "Coolaroo", "N_Metro_Platform": 2, "daily_volume": 1215.3932584269662, "daily_trains": 145.09831460674158, "peak_volume": 10.384235371610496, "per_platform_volume": 607.69662921348311, "per_platform_trains": 72.549157303370791, "per_train_volume": 8.3763430452037539, "norm_peak_volume": 0.0695254079422227, "norm_per_platform_volume": 0.027743464939338609, "norm_per_platform_trains": 0.2430735152171859, "norm_per_train_volume": 0.069528688903525551, "Crowding_Index": 0.10246776925056819 }, "geometry": { "type": "Point", "coordinates": [ 144.92604123000001, -37.66111042 ] } },
{ "type": "Feature", "properties": { "Station_Name": "Craigieburn", "N_Metro_Platform": 2, "daily_volume": 7752.5, "daily_trains": 147.03089887640451, "peak_volume": 62.992044632709991, "per_platform_volume": 3876.25, "per_platform_trains": 73.515449438202253, "per_train_volume": 52.727012207936106, "norm_peak_volume": 0.47015012061596928, "norm_per_platform_volume": 0.19181357329845178, "norm_per_platform_trains": 0.24933894561215922, "norm_per_train_volume": 0.48401199451789273, "Crowding_Index": 0.34882865851111827 }, "geometry": { "type": "Point", "coordinates": [ 144.943306009999986, -37.6019248 ] } },
{ "type": "Feature", "properties": { "Station_Name": "Cranbourne", "N_Metro_Platform": 2, "daily_volume": 5474.3785310734465, "daily_trains": 124.40960451977401, "peak_volume": 70.245106382978719, "per_platform_volume": 2737.1892655367233, "per_platform_trains": 62.204802259887003, "per_train_volume": 44.002860970459345, "norm_peak_volume": 0.52538442557029086, "norm_per_platform_volume": 0.1346366522172977, "norm_per_platform_trains": 0.17600080069370153, "norm_per_train_volume": 0.4024796273213328, "Crowding_Index": 0.30962537645065574 }, "geometry": { "type": "Point", "coordinates": [ 145.28059898, -38.09953731 ] } },
{ "type": "Feature", "properties": { "Station_Name": "Croxton", "N_Metro_Platform": 2, "daily_volume": 1000.8011049723757, "daily_trains": 142.69613259668509, "peak_volume": 10.736253494874184, "per_platform_volume": 500.40055248618785, "per_platform_trains": 71.348066298342545, "per_train_volume": 7.0135124670899796, "norm_peak_volume": 0.072206134653128501, "norm_per_platform_volume": 0.02235757187346557, "norm_per_platform_trains": 0.23528565084494243, "norm_per_train_volume": 0.056792228920558838, "Crowding_Index": 0.096660396573023832 }, "geometry": { "type": "Point", "coordinates": [ 144.99705619, -37.764101 ] } },
{ "type": "Feature", "properties": { "Station_Name": "Croydon", "N_Metro_Platform": 2, "daily_volume": 2788.2524271844659, "daily_trains": 102.86893203883496, "peak_volume": 35.840184149950673, "per_platform_volume": 1394.1262135922329, "per_platform_trains": 51.434466019417478, "per_train_volume": 27.104903024869046, "norm_peak_volume": 0.26338031861802608, "norm_per_platform_volume": 0.067219518253647886, "norm_per_platform_trains": 0.10616602753072811, "norm_per_train_volume": 0.24455818893847772, "Crowding_Index": 0.17033101333521994 }, "geometry": { "type": "Point", "coordinates": [ 145.28048737, -37.79530018 ] } },
{ "type": "Feature", "properties": { "Station_Name": "Dandenong", "N_Metro_Platform": 3, "daily_volume": 10506.408839779006, "daily_trains": 262.78176795580112, "peak_volume": 55.624820865577533, "per_platform_volume": 3502.1362799263352, "per_platform_trains": 87.59392265193371, "per_train_volume": 39.981498417904483, "norm_peak_volume": 0.41404643665030566, "norm_per_platform_volume": 0.17303435459585279, "norm_per_platform_trains": 0.34062365218127127, "norm_per_train_volume": 0.36489760938737653, "Crowding_Index": 0.32315051320370158 }, "geometry": { "type": "Point", "coordinates": [ 145.20972537, -37.98996792 ] } },
{ "type": "Feature", "properties": { "Station_Name": "Darebin", "N_Metro_Platform": 2, "daily_volume": 358.66295264623955, "daily_trains": 134.28690807799444, "peak_volume": 3.9523945267958953, "per_platform_volume": 179.33147632311977, "per_platform_trains": 67.14345403899722, "per_train_volume": 2.6708705843307263, "norm_peak_volume": 0.02054495377374849, "norm_per_platform_volume": 0.0062410113829269101, "norm_per_platform_trains": 0.20802297892701932, "norm_per_train_volume": 0.016207665110235414, "Crowding_Index": 0.062754152298482538 }, "geometry": { "type": "Point", "coordinates": [ 145.038475979999987, -37.77496341 ] } },
{ "type": "Feature", "properties": { "Station_Name": "Darling", "N_Metro_Platform": 2, "daily_volume": 1351.3888888888889, "daily_trains": 143.11944444444444, "peak_volume": 14.461320633286137, "per_platform_volume": 675.69444444444446, "per_platform_trains": 71.55972222222222, "per_train_volume": 9.4423849542922582, "norm_peak_volume": 0.10057367120288206, "norm_per_platform_volume": 0.031156720789109912, "norm_per_platform_trains": 0.23665802614527867, "norm_per_train_volume": 0.079491482763099225, "Crowding_Index": 0.11196997522509247 }, "geometry": { "type": "Point", "coordinates": [ 145.06295083, -37.86895684 ] } },
{ "type": "Feature", "properties": { "Station_Name": "Dennis", "N_Metro_Platform": 2, "daily_volume": 1069.9164345403899, "daily_trains": 134.27855153203342, "peak_volume": 13.217429577464788, "per_platform_volume": 534.95821727019495, "per_platform_trains": 67.139275766016709, "per_train_volume": 7.9678878147948389, "norm_peak_volume": 0.091101056702578953, "norm_per_platform_volume": 0.024092247481465694, "norm_per_platform_trains": 0.20799588703877256, "norm_per_train_volume": 0.065711432539835204, "Crowding_Index": 0.097225155940663097 }, "geometry": { "type": "Point", "coordinates": [ 145.008241629999986, -37.77918729 ] } },
{ "type": "Feature", "properties": { "Station_Name": "Diamond Creek", "N_Metro_Platform": 2, "daily_volume": 618.89518413597739, "daily_trains": 70.12181303116148, "peak_volume": 13.686015184913055, "per_platform_volume": 309.44759206798869, "per_platform_trains": 35.06090651558074, "per_train_volume": 8.8260008887811576, "norm_peak_volume": 0.094669480801276948, "norm_per_platform_volume": 0.012772391717827335, "norm_per_platform_trains": 0.0, "norm_per_train_volume": 0.073731008122600611, "Crowding_Index": 0.045293220160426223 }, "geometry": { "type": "Point", "coordinates": [ 145.15853819, -37.67337905 ] } },
{ "type": "Feature", "properties": { "Station_Name": "Diggers Rest", "N_Metro_Platform": 2, "daily_volume": 842.07182320441984, "daily_trains": 95.077348066298342, "peak_volume": 13.35033146353901, "per_platform_volume": 421.03591160220992, "per_platform_trains": 47.538674033149171, "per_train_volume": 8.8567028880237082, "norm_peak_volume": 0.092113145604780317, "norm_per_platform_volume": 0.018373740571796169, "norm_per_platform_trains": 0.080905743768285743, "norm_per_train_volume": 0.074017936513428945, "Crowding_Index": 0.066352641614572799 }, "geometry": { "type": "Point", "coordinates": [ 144.71982218, -37.62696051 ] } },
{ "type": "Feature", "properties": { "Station_Name": "Eaglemont", "N_Metro_Platform": 2, "daily_volume": 417.57660167130922, "daily_trains": 134.28969359331475, "peak_volume": 4.6773044593246897, "per_platform_volume": 208.78830083565461, "per_platform_trains": 67.144846796657376, "per_train_volume": 3.1095208462974493, "norm_peak_volume": 0.026065366760199153, "norm_per_platform_volume": 0.0077196423983733565, "norm_per_platform_trains": 0.20803200955643483, "norm_per_train_volume": 0.020307111951081553, "Crowding_Index": 0.065531032666522229 }, "geometry": { "type": "Point", "coordinates": [ 145.053942690000014, -37.76358553 ] } },
{ "type": "Feature", "properties": { "Station_Name": "East Camberwell", "N_Metro_Platform": 3, "daily_volume": 695.13812154696132, "daily_trains": 158.58839779005524, "peak_volume": 5.2178438661710036, "per_platform_volume": 231.71270718232043, "per_platform_trains": 52.862799263351747, "per_train_volume": 4.3832848508073647, "norm_peak_volume": 0.030181741260453643, "norm_per_platform_volume": 0.0088703685474344433, "norm_per_platform_trains": 0.11542732874400714, "norm_per_train_volume": 0.032211191982539127, "Crowding_Index": 0.046672657633608589 }, "geometry": { "type": "Point", "coordinates": [ 145.068190249999986, -37.82589419 ] } },
{ "type": "Feature", "properties": { "Station_Name": "East Malvern", "N_Metro_Platform": 2, "daily_volume": 1606.8611111111111, "daily_trains": 142.39722222222221, "peak_volume": 15.615833874107722, "per_platform_volume": 803.43055555555554, "per_platform_trains": 71.198611111111106, "per_train_volume": 11.28435713867702, "norm_peak_volume": 0.10936564604233229, "norm_per_platform_volume": 0.037568633098294155, "norm_per_platform_trains": 0.23431658461847499, "norm_per_train_volume": 0.096705805212940643, "Crowding_Index": 0.11948916724301052 }, "geometry": { "type": "Point", "coordinates": [ 145.069393240000011, -37.87692101 ] } },
{ "type": "Feature", "properties": { "Station_Name": "East Pakenham", "N_Metro_Platform": 2, "daily_volume": 110.0, "daily_trains": 117.44444444444444, "peak_volume": 1.2545454545454546, "per_platform_volume": 55.0, "per_platform_trains": 58.722222222222221, "per_train_volume": 0.93661305581835386, "norm_peak_volume": 0.0, "norm_per_platform_volume": 0.0, "norm_per_platform_trains": 0.15341977986740862, "norm_per_train_volume": 0.0, "Crowding_Index": 0.038354944966852156 }, "geometry": { "type": "Point", "coordinates": [ 145.50635689, -38.08441136 ] } },
{ "type": "Feature", "properties": { "Station_Name": "East Richmond", "N_Metro_Platform": 2, "daily_volume": 3490.3089887640449, "daily_trains": 194.99438202247191, "peak_volume": 23.342209427851746, "per_platform_volume": 1745.1544943820224, "per_platform_trains": 97.497191011235955, "per_train_volume": 17.899536143363392, "norm_peak_volume": 0.16820438176815192, "norm_per_platform_volume": 0.084839927509022903, "norm_per_platform_trains": 0.40483636420833558, "norm_per_train_volume": 0.15852857616218158, "Crowding_Index": 0.204102312411923 }, "geometry": { "type": "Point", "coordinates": [ 144.99706569, -37.82639995 ] } },
{ "type": "Feature", "properties": { "Station_Name": "Edithvale", "N_Metro_Platform": 2, "daily_volume": 712.32091690544416, "daily_trains": 206.11747851002866, "peak_volume": 4.4744990892531877, "per_platform_volume": 356.16045845272208, "per_platform_trains": 103.05873925501433, "per_train_volume": 3.4558976854104402, "norm_peak_volume": 0.024520941241350049, "norm_per_platform_volume": 0.015117216531767497, "norm_per_platform_trains": 0.44089739808579459, "norm_per_train_volume": 0.023544208932347561, "Crowding_Index": 0.12601994119781493 }, "geometry": { "type": "Point", "coordinates": [ 145.1073221, -38.03606293 ] } },
{ "type": "Feature", "properties": { "Station_Name": "Elsternwick", "N_Metro_Platform": 2, "daily_volume": 4283.3613445378151, "daily_trains": 163.54901960784315, "peak_volume": 33.21418020679468, "per_platform_volume": 2141.6806722689075, "per_platform_trains": 81.774509803921575, "per_train_volume": 26.190076558137939, "norm_peak_volume": 0.24338248768791509, "norm_per_platform_volume": 0.10474417430964075, "norm_per_platform_trains": 0.30289062629340874, "norm_per_train_volume": 0.23600859306647576, "Crowding_Index": 0.22175647033936008 }, "geometry": { "type": "Point", "coordinates": [ 145.000897869999989, -37.88475311 ] } },
{ "type": "Feature", "properties": { "Station_Name": "Eltham", "N_Metro_Platform": 2, "daily_volume": 2019.0651558073655, "daily_trains": 117.86968838526913, "peak_volume": 27.22450437578139, "per_platform_volume": 1009.5325779036827, "per_platform_trains": 58.934844192634564, "per_train_volume": 17.129638531051722, "norm_peak_volume": 0.19776925663890882, "norm_per_platform_volume": 0.047914243924759743, "norm_per_platform_trains": 0.15479841900565741, "norm_per_train_volume": 0.15133342638519257, "Crowding_Index": 0.13795383648862963 }, "geometry": { "type": "Point", "coordinates": [ 145.14782202, -37.71354967 ] } },
{ "type": "Feature", "properties": { "Station_Name": "Epping", "N_Metro_Platform": 2, "daily_volume": 3856.6758241758243, "daily_trains": 145.6565934065934, "peak_volume": 31.990570377184913, "per_platform_volume": 1928.3379120879122, "per_platform_trains": 72.828296703296701, "per_train_volume": 26.477866425243782, "norm_peak_volume": 0.23406432098800145, "norm_per_platform_volume": 0.094035103411983859, "norm_per_platform_trains": 0.24488345283096505, "norm_per_train_volume": 0.23869816004916705, "Crowding_Index": 0.20292025932002936 }, "geometry": { "type": "Point", "coordinates": [ 145.03107934, -37.65217784 ] } },
{ "type": "Feature", "properties": { "Station_Name": "Essendon", "N_Metro_Platform": 2, "daily_volume": 7133.324022346369, "daily_trains": 150.27653631284917, "peak_volume": 55.991014523038345, "per_platform_volume": 3566.6620111731845, "per_platform_trains": 75.138268156424587, "per_train_volume": 47.467982676257918, "norm_peak_volume": 0.41683511443148952, "norm_per_platform_volume": 0.17627332380230454, "norm_per_platform_trains": 0.25986128906935324, "norm_per_train_volume": 0.43486324466215859, "Crowding_Index": 0.32195824299132647 }, "geometry": { "type": "Point", "coordinates": [ 144.91619750000001, -37.7560117 ] } },
{ "type": "Feature", "properties": { "Station_Name": "Fairfield", "N_Metro_Platform": 2, "daily_volume": 2184.6518105849582, "daily_trains": 134.28133704735376, "peak_volume": 24.71560940841055, "per_platform_volume": 1092.3259052924791, "per_platform_trains": 67.140668523676879, "per_train_volume": 16.269214014562202, "norm_peak_volume": 0.17866324672233955, "norm_per_platform_volume": 0.052070183465934387, "norm_per_platform_trains": 0.20800491766818816, "norm_per_train_volume": 0.14329224900142726, "Crowding_Index": 0.14550764921447235 }, "geometry": { "type": "Point", "coordinates": [ 145.0169053, -37.77917126 ] } },
{ "type": "Feature", "properties": { "Station_Name": "Fawkner", "N_Metro_Platform": 2, "daily_volume": 693.20224719101122, "daily_trains": 108.30898876404494, "peak_volume": 10.413348502085704, "per_platform_volume": 346.60112359550561, "per_platform_trains": 54.15449438202247, "per_train_volume": 6.4002282276051661, "norm_peak_volume": 0.069747113420848064, "norm_per_platform_volume": 0.014637370885102365, "norm_per_platform_trains": 0.12380266945706157, "norm_per_train_volume": 0.051060723992636385, "Crowding_Index": 0.064811969438912098 }, "geometry": { "type": "Point", "coordinates": [ 144.96054503, -37.71462129 ] } },
{ "type": "Feature", "properties": { "Station_Name": "Ferntree Gully", "N_Metro_Platform": 2, "daily_volume": 1471.094674556213, "daily_trains": 104.28994082840237, "peak_volume": 21.206160697717571, "per_platform_volume": 735.54733727810651, "per_platform_trains": 52.144970414201183, "per_train_volume": 14.105815602836879, "norm_peak_volume": 0.15193771108205842, "norm_per_platform_volume": 0.034161129620427937, "norm_per_platform_trains": 0.11077293228589967, "norm_per_train_volume": 0.12307400783436342, "Crowding_Index": 0.10498644520568737 }, "geometry": { "type": "Point", "coordinates": [ 145.295251259999986, -37.88169799 ] } },
{ "type": "Feature", "properties": { "Station_Name": "Flagstaff", "N_Metro_Platform": 4, "daily_volume": 27544.289617486338, "daily_trains": 607.62568306010928, "peak_volume": 54.75996586614653, "per_platform_volume": 6886.0724043715845, "per_platform_trains": 151.90642076502732, "per_train_volume": 45.331016093277157, "norm_peak_volume": 0.40746029876473316, "norm_per_platform_volume": 0.34289627931775207, "norm_per_platform_trains": 0.75762537032598309, "norm_per_train_volume": 0.41489202461018282, "Crowding_Index": 0.48071849325466276 }, "geometry": { "type": "Point", "coordinates": [ 144.955665110000012, -37.8119815 ] } },
{ "type": "Feature", "properties": { "Station_Name": "Flemington Bridge", "N_Metro_Platform": 2, "daily_volume": 1394.943820224719, "daily_trains": 109.53370786516854, "peak_volume": 16.850882295908473, "per_platform_volume": 697.47191011235952, "per_platform_trains": 54.766853932584269, "per_train_volume": 12.735292609119352, "norm_peak_volume": 0.11877092115398687, "norm_per_platform_volume": 0.032249874471058787, "norm_per_platform_trains": 0.12777320383527141, "norm_per_train_volume": 0.11026565766557102, "Crowding_Index": 0.09726491428147202 }, "geometry": { "type": "Point", "coordinates": [ 144.93932328, -37.78813995 ] } },
{ "type": "Feature", "properties": { "Station_Name": "Flinders Street", "N_Metro_Platform": 12, "daily_volume": 239720.24590163934, "daily_trains": 2220.8879781420765, "peak_volume": 132.56898412209034, "per_platform_volume": 19976.687158469944, "per_platform_trains": 185.07399817850637, "per_train_volume": 107.93891824394565, "norm_peak_volume": 1.0, "norm_per_platform_volume": 1.0, "norm_per_platform_trains": 0.9726836742935383, "norm_per_train_volume": 1.0, "Crowding_Index": 0.99317091857338458 }, "geometry": { "type": "Point", "coordinates": [ 144.966964350000012, -37.81830513 ] } },
{ "type": "Feature", "properties": { "Station_Name": "Footscray", "N_Metro_Platform": 4, "daily_volume": 20853.830985915494, "daily_trains": 406.43943661971832, "peak_volume": 60.839306709144005, "per_platform_volume": 5213.4577464788736, "per_platform_trains": 101.60985915492958, "per_train_volume": 51.308581567165213, "norm_peak_volume": 0.45375635656831437, "norm_per_platform_volume": 0.25893679111840151, "norm_per_platform_trains": 0.43150287122324665, "norm_per_train_volume": 0.47075591897562225, "Crowding_Index": 0.40373798447139619 }, "geometry": { "type": "Point", "coordinates": [ 144.902020060000012, -37.80141343 ] } },
{ "type": "Feature", "properties": { "Station_Name": "Frankston", "N_Metro_Platform": 3, "daily_volume": 4947.2140762463341, "daily_trains": 199.86217008797655, "peak_volume": 28.611984376488522, "per_platform_volume": 1649.071358748778, "per_platform_trains": 66.62072336265885, "per_train_volume": 24.753128989186095, "norm_peak_volume": 0.20833534529439843, "norm_per_platform_volume": 0.080016885420823386, "norm_per_platform_trains": 0.2046335974451069, "norm_per_train_volume": 0.22257946584883817, "Crowding_Index": 0.17889132350229173 }, "geometry": { "type": "Point", "coordinates": [ 145.126162279999988, -38.14299007 ] } },
{ "type": "Feature", "properties": { "Station_Name": "Gardenvale", "N_Metro_Platform": 2, "daily_volume": 2008.1792717086835, "daily_trains": 162.84873949579833, "peak_volume": 15.439639270342283, "per_platform_volume": 1004.0896358543417, "per_platform_trains": 81.424369747899163, "per_train_volume": 12.331561656088205, "norm_peak_volume": 0.10802386972623716, "norm_per_platform_volume": 0.04764102700261634, "norm_per_platform_trains": 0.30062032099915825, "norm_per_train_volume": 0.10649255247572186, "Crowding_Index": 0.14069444255093341 }, "geometry": { "type": "Point", "coordinates": [ 145.00416843, -37.89669508 ] } },
{ "type": "Feature", "properties": { "Station_Name": "Gardiner", "N_Metro_Platform": 2, "daily_volume": 1860.8988764044943, "daily_trains": 143.88483146067415, "peak_volume": 19.578133478024959, "per_platform_volume": 930.44943820224717, "per_platform_trains": 71.942415730337075, "per_train_volume": 12.933252640415439, "norm_peak_volume": 0.139539781073658, "norm_per_platform_volume": 0.0439445430117619, "norm_per_platform_trains": 0.23913940775987702, "norm_per_train_volume": 0.11211571155878428, "Crowding_Index": 0.1336848608510203 }, "geometry": { "type": "Point", "coordinates": [ 145.05165466, -37.85327908 ] } },
{ "type": "Feature", "properties": { "Station_Name": "Ginifer", "N_Metro_Platform": 2, "daily_volume": 3403.7912087912086, "daily_trains": 142.93131868131869, "peak_volume": 26.701814058956916, "per_platform_volume": 1701.8956043956043, "per_platform_trains": 71.465659340659343, "per_train_volume": 23.814173409960212, "norm_peak_volume": 0.19378880847092178, "norm_per_platform_volume": 0.082668480400035146, "norm_per_platform_trains": 0.23604812318121737, "norm_per_train_volume": 0.21380436911073475, "Crowding_Index": 0.18157744529072725 }, "geometry": { "type": "Point", "coordinates": [ 144.81135895, -37.76008529 ] } },
{ "type": "Feature", "properties": { "Station_Name": "Glen Iris", "N_Metro_Platform": 2, "daily_volume": 1284.1011235955057, "daily_trains": 141.36516853932585, "peak_volume": 13.917166364523776, "per_platform_volume": 642.05056179775283, "per_platform_trains": 70.682584269662925, "per_train_volume": 9.0835750904105232, "norm_peak_volume": 0.096429768412877218, "norm_per_platform_volume": 0.029467913893435539, "norm_per_platform_trains": 0.2309706707478261, "norm_per_train_volume": 0.076138191791929127, "Crowding_Index": 0.108251636211517 }, "geometry": { "type": "Point", "coordinates": [ 145.0582249, -37.85930842 ] } },
{ "type": "Feature", "properties": { "Station_Name": "Glen Waverley", "N_Metro_Platform": 2, "daily_volume": 7249.083333333333, "daily_trains": 144.275, "peak_volume": 69.872232764073374, "per_platform_volume": 3624.5416666666665, "per_platform_trains": 72.1375, "per_train_volume": 50.244902674290991, "norm_peak_volume": 0.52254487781995274, "norm_per_platform_volume": 0.17917868292340056, "norm_per_platform_trains": 0.24040433258816454, "norm_per_train_volume": 0.46081520890396444, "Crowding_Index": 0.35073577555887059 }, "geometry": { "type": "Point", "coordinates": [ 145.162057549999986, -37.87950407 ] } },
{ "type": "Feature", "properties": { "Station_Name": "Glenbervie", "N_Metro_Platform": 2, "daily_volume": 1174.4692737430169, "daily_trains": 150.03631284916202, "peak_volume": 10.424884599244649, "per_platform_volume": 587.23463687150843, "per_platform_trains": 75.018156424581008, "per_train_volume": 7.8279001359075089, "norm_peak_volume": 0.0698349643630293, "norm_per_platform_volume": 0.0267163434822448, "norm_per_platform_trains": 0.2590824855705367, "norm_per_train_volume": 0.064403164660547838, "Crowding_Index": 0.10500923951908966 }, "geometry": { "type": "Point", "coordinates": [ 144.92093868, -37.74720985 ] } },
{ "type": "Feature", "properties": { "Station_Name": "Glenferrie", "N_Metro_Platform": 3, "daily_volume": 11064.416666666666, "daily_trains": 251.96111111111111, "peak_volume": 51.601691698747494, "per_platform_volume": 3688.1388888888887, "per_platform_trains": 83.987037037037041, "per_train_volume": 43.913192071086804, "norm_peak_volume": 0.383409065713393, "norm_per_platform_volume": 0.18237104417856578, "norm_per_platform_trains": 0.31723663499654869, "norm_per_train_volume": 0.40164161827830436, "Crowding_Index": 0.32116459079170295 }, "geometry": { "type": "Point", "coordinates": [ 145.03643883, -37.82146682 ] } },
{ "type": "Feature", "properties": { "Station_Name": "Glenroy", "N_Metro_Platform": 2, "daily_volume": 3861.6759776536314, "daily_trains": 150.04748603351956, "peak_volume": 30.940287543288907, "per_platform_volume": 1930.8379888268157, "per_platform_trains": 75.023743016759781, "per_train_volume": 25.736359066962041, "norm_peak_volume": 0.22606609288335977, "norm_per_platform_volume": 0.094160598643337326, "norm_per_platform_trains": 0.25911870898908629, "norm_per_train_volume": 0.23176833403300742, "Crowding_Index": 0.20277843363719769 }, "geometry": { "type": "Point", "coordinates": [ 144.9172204, -37.70453633 ] } },
{ "type": "Feature", "properties": { "Station_Name": "Gowrie", "N_Metro_Platform": 2, "daily_volume": 1180.7865168539327, "daily_trains": 108.31179775280899, "peak_volume": 17.048857368006303, "per_platform_volume": 590.39325842696633, "per_platform_trains": 54.155898876404493, "per_train_volume": 10.901735003501129, "norm_peak_volume": 0.12027856246218339, "norm_per_platform_volume": 0.026874895392548993, "norm_per_platform_trains": 0.12381177618728684, "norm_per_train_volume": 0.093129974444592423, "Crowding_Index": 0.091023802121652911 }, "geometry": { "type": "Point", "coordinates": [ 144.95887432, -37.700678 ] } },
{ "type": "Feature", "properties": { "Station_Name": "Greensborough", "N_Metro_Platform": 2, "daily_volume": 2275.7142857142858, "daily_trains": 134.35568513119534, "peak_volume": 23.221849173553718, "per_platform_volume": 1137.8571428571429, "per_platform_trains": 67.177842565597672, "per_train_volume": 16.937982813991841, "norm_peak_volume": 0.16728780126474857, "norm_per_platform_volume": 0.054355694587682211, "norm_per_platform_trains": 0.20824595385565042, "norm_per_train_volume": 0.14954229004730787, "Crowding_Index": 0.14485793493884727 }, "geometry": { "type": "Point", "coordinates": [ 145.10793589, -37.70371477 ] } },
{ "type": "Feature", "properties": { "Station_Name": "Hallam", "N_Metro_Platform": 2, "daily_volume": 3193.7237237237237, "daily_trains": 127.44444444444444, "peak_volume": 39.728576305906451, "per_platform_volume": 1596.8618618618618, "per_platform_trains": 63.722222222222221, "per_train_volume": 25.05973279294988, "norm_peak_volume": 0.29299162561070347, "norm_per_platform_volume": 0.077396148709539439, "norm_per_platform_trains": 0.18583973946930543, "norm_per_train_volume": 0.22544486022725579, "Crowding_Index": 0.19541809350420103 }, "geometry": { "type": "Point", "coordinates": [ 145.269776799999988, -38.01774038 ] } },
{ "type": "Feature", "properties": { "Station_Name": "Hampton", "N_Metro_Platform": 2, "daily_volume": 2610.9803921568628, "daily_trains": 161.49859943977592, "peak_volume": 20.374761378478851, "per_platform_volume": 1305.4901960784314, "per_platform_trains": 80.749299719887958, "per_train_volume": 16.167201456942156, "norm_peak_volume": 0.14560634853217452, "norm_per_platform_volume": 0.062770295815370761, "norm_per_platform_trains": 0.29624317239184328, "norm_per_train_volume": 0.14233888115163476, "Crowding_Index": 0.16173967447275583 }, "geometry": { "type": "Point", "coordinates": [ 145.00150445, -37.9379864 ] } },
{ "type": "Feature", "properties": { "Station_Name": "Hartwell", "N_Metro_Platform": 2, "daily_volume": 496.85950413223139, "daily_trains": 113.22038567493112, "peak_volume": 9.0935815776580107, "per_platform_volume": 248.4297520661157, "per_platform_trains": 56.610192837465561, "per_train_volume": 4.3884279422857002, "norm_peak_volume": 0.059696680750842807, "norm_per_platform_volume": 0.0097095065557174318, "norm_per_platform_trains": 0.13972539840104267, "norm_per_train_volume": 0.032259257222528988, "Crowding_Index": 0.060347710732532978 }, "geometry": { "type": "Point", "coordinates": [ 145.075559590000012, -37.84398457 ] } },
{ "type": "Feature", "properties": { "Station_Name": "Hawksburn", "N_Metro_Platform": 2, "daily_volume": 1892.0771513353116, "daily_trains": 203.44510385756678, "peak_volume": 15.674371633752244, "per_platform_volume": 946.03857566765578, "per_platform_trains": 101.72255192878339, "per_train_volume": 9.3001852365047171, "norm_peak_volume": 0.10981142915832859, "norm_per_platform_volume": 0.044727063956971139, "norm_per_platform_trains": 0.43223357025839987, "norm_per_train_volume": 0.078162542068433538, "Crowding_Index": 0.16623365136053328 }, "geometry": { "type": "Point", "coordinates": [ 145.002142060000011, -37.84459087 ] } },
{ "type": "Feature", "properties": { "Station_Name": "Hawkstowe", "N_Metro_Platform": 2, "daily_volume": 891.23626373626371, "daily_trains": 142.98901098901098, "peak_volume": 9.2422317199953792, "per_platform_volume": 445.61813186813185, "per_platform_trains": 71.494505494505489, "per_train_volume": 6.2329003996311103, "norm_peak_volume": 0.060828697487507341, "norm_per_platform_volume": 0.01960768326301399, "norm_per_platform_trains": 0.23623516140968981, "norm_per_train_volume": 0.049496946205981544, "Crowding_Index": 0.091542122091548175 }, "geometry": { "type": "Point", "coordinates": [ 145.09729471, -37.62297489 ] } },
{ "type": "Feature", "properties": { "Station_Name": "Hawthorn", "N_Metro_Platform": 3, "daily_volume": 2719.5, "daily_trains": 182.09444444444443, "peak_volume": 17.525023607176582, "per_platform_volume": 906.5, "per_platform_trains": 60.698148148148142, "per_train_volume": 14.934557769167405, "norm_peak_volume": 0.12390471541232327, "norm_per_platform_volume": 0.042742363798137173, "norm_per_platform_trains": 0.16623166760638042, "norm_per_train_volume": 0.13081909486658636, "Crowding_Index": 0.1159244604208568 }, "geometry": { "type": "Point", "coordinates": [ 145.02289866000001, -37.82182601 ] } },
{ "type": "Feature", "properties": { "Station_Name": "Heatherdale", "N_Metro_Platform": 2, "daily_volume": 2083.9002932551321, "daily_trains": 190.78592375366568, "peak_volume": 14.241319444444445, "per_platform_volume": 1041.950146627566, "per_platform_trains": 95.392961876832842, "per_train_volume": 10.922715115742877, "norm_peak_volume": 0.098898294214075227, "norm_per_platform_volume": 0.049541494090170592, "norm_per_platform_trains": 0.39119255950223891, "norm_per_train_volume": 0.093326046035805924, "Crowding_Index": 0.15823959846057267 }, "geometry": { "type": "Point", "coordinates": [ 145.21397044, -37.8188232 ] } },
{ "type": "Feature", "properties": { "Station_Name": "Heathmont", "N_Metro_Platform": 2, "daily_volume": 880.70234113712377, "daily_trains": 105.11705685618729, "peak_volume": 12.235269880510918, "per_platform_volume": 440.35117056856188, "per_platform_trains": 52.558528428093645, "per_train_volume": 8.3783009863188038, "norm_peak_volume": 0.083621607321993696, "norm_per_platform_volume": 0.019343299967679958, "norm_per_platform_trains": 0.11345443910658654, "norm_per_train_volume": 0.069546987024408147, "Crowding_Index": 0.071491583355167088 }, "geometry": { "type": "Point", "coordinates": [ 145.24455538, -37.82832227 ] } },
{ "type": "Feature", "properties": { "Station_Name": "Heidelberg", "N_Metro_Platform": 2, "daily_volume": 4013.314917127072, "daily_trains": 145.79005524861878, "peak_volume": 33.475790221380372, "per_platform_volume": 2006.657458563536, "per_platform_trains": 72.895027624309392, "per_train_volume": 27.528043049871155, "norm_peak_volume": 0.24537472873345631, "norm_per_platform_volume": 0.097966474578121535, "norm_per_platform_trains": 0.24531613558365081, "norm_per_train_volume": 0.24851268341650007, "Crowding_Index": 0.20929250557793219 }, "geometry": { "type": "Point", "coordinates": [ 145.06068552, -37.75707293 ] } },
{ "type": "Feature", "properties": { "Station_Name": "Heyington", "N_Metro_Platform": 2, "daily_volume": 900.75842696629218, "daily_trains": 141.36235955056179, "peak_volume": 6.8297783354245087, "per_platform_volume": 450.37921348314609, "per_platform_trains": 70.681179775280896, "per_train_volume": 6.3719821162444124, "norm_peak_volume": 0.04245712000486207, "norm_per_platform_volume": 0.01984667314259304, "norm_per_platform_trains": 0.23096156401760082, "norm_per_train_volume": 0.050796747330534645, "Crowding_Index": 0.086015526123897637 }, "geometry": { "type": "Point", "coordinates": [ 145.02264711, -37.83465462 ] } },
{ "type": "Feature", "properties": { "Station_Name": "Highett", "N_Metro_Platform": 2, "daily_volume": 1618.5915492957747, "daily_trains": 199.03943661971832, "peak_volume": 12.57973223032546, "per_platform_volume": 809.29577464788736, "per_platform_trains": 99.519718309859158, "per_train_volume": 8.132014322308553, "norm_peak_volume": 0.086244794484881648, "norm_per_platform_volume": 0.037863046871870462, "norm_per_platform_trains": 0.41795041487135509, "norm_per_train_volume": 0.067245292088236083, "Crowding_Index": 0.15232588707908581 }, "geometry": { "type": "Point", "coordinates": [ 145.0418718, -37.948425 ] } },
{ "type": "Feature", "properties": { "Station_Name": "Holmesglen", "N_Metro_Platform": 2, "daily_volume": 2188.3333333333335, "daily_trains": 144.88333333333333, "peak_volume": 18.704781178851505, "per_platform_volume": 1094.1666666666667, "per_platform_trains": 72.441666666666663, "per_train_volume": 15.104106752559533, "norm_peak_volume": 0.13288893362660337, "norm_per_platform_volume": 0.052162583339476473, "norm_per_platform_trains": 0.24237654679727991, "norm_per_train_volume": 0.13240363066788555, "Crowding_Index": 0.13995792360781131 }, "geometry": { "type": "Point", "coordinates": [ 145.09066203, -37.87440222 ] } },
{ "type": "Feature", "properties": { "Station_Name": "Hoppers Crossing", "N_Metro_Platform": 2, "daily_volume": 4849.7506925207754, "daily_trains": 132.49030470914127, "peak_volume": 51.163600891861762, "per_platform_volume": 2424.8753462603877, "per_platform_trains": 66.245152354570635, "per_train_volume": 36.60457044889084, "norm_peak_volume": 0.38007286893769138, "norm_per_platform_volume": 0.1189595704123286, "norm_per_platform_trains": 0.20219839806313419, "norm_per_train_volume": 0.33333821482034864, "Crowding_Index": 0.25864226305837568 }, "geometry": { "type": "Point", "coordinates": [ 144.70074704000001, -37.88338025 ] } },
{ "type": "Feature", "properties": { "Station_Name": "Hughesdale", "N_Metro_Platform": 2, "daily_volume": 3020.26706231454, "daily_trains": 248.54896142433233, "peak_volume": 15.014917276918904, "per_platform_volume": 1510.13353115727, "per_platform_trains": 124.27448071216617, "per_train_volume": 12.151597999068779, "norm_peak_volume": 0.10478948059330512, "norm_per_platform_volume": 0.073042685570865545, "norm_per_platform_trains": 0.5784600942788245, "norm_per_train_volume": 0.10481068537292421, "Crowding_Index": 0.21527573645397985 }, "geometry": { "type": "Point", "coordinates": [ 145.07763509, -37.89488129 ] } },
{ "type": "Feature", "properties": { "Station_Name": "Huntingdale", "N_Metro_Platform": 2, "daily_volume": 8501.6618911174792, "daily_trains": 245.1948424068768, "peak_volume": 46.391313311799877, "per_platform_volume": 4250.8309455587396, "per_platform_trains": 122.5974212034384, "per_train_volume": 34.673086136982462, "norm_peak_volume": 0.34373042534590847, "norm_per_platform_volume": 0.21061624510928192, "norm_per_platform_trains": 0.56758605397423834, "norm_per_train_volume": 0.31528734845338097, "Crowding_Index": 0.35930501822070243 }, "geometry": { "type": "Point", "coordinates": [ 145.10236432, -37.91101734 ] } },
{ "type": "Feature", "properties": { "Station_Name": "Hurstbridge", "N_Metro_Platform": 1, "daily_volume": 397.02549575070822, "daily_trains": 70.008498583569406, "peak_volume": 7.0250644178964627, "per_platform_volume": 397.02549575070822, "per_platform_trains": 70.008498583569406, "per_train_volume": 5.6711042771011204, "norm_peak_volume": 0.043944283826704768, "norm_per_platform_volume": 0.01716850049044626, "norm_per_platform_trains": 0.22659990460555235, "norm_per_train_volume": 0.044246628266173968, "Crowding_Index": 0.082989829297219334 }, "geometry": { "type": "Point", "coordinates": [ 145.19201689, -37.63939817 ] } },
{ "type": "Feature", "properties": { "Station_Name": "Ivanhoe", "N_Metro_Platform": 2, "daily_volume": 3199.2757660167131, "daily_trains": 145.96100278551532, "peak_volume": 32.994428969359333, "per_platform_volume": 1599.6378830083565, "per_platform_trains": 72.98050139275766, "per_train_volume": 21.918702290076336, "norm_peak_volume": 0.2417090141562519, "norm_per_platform_volume": 0.077535495398623172, "norm_per_platform_trains": 0.24587034680767375, "norm_per_train_volume": 0.19609006738096052, "Crowding_Index": 0.19030123093587734 }, "geometry": { "type": "Point", "coordinates": [ 145.04542519, -37.76889674 ] } },
{ "type": "Feature", "properties": { "Station_Name": "Jacana", "N_Metro_Platform": 2, "daily_volume": 888.49162011173189, "daily_trains": 150.04189944134077, "peak_volume": 6.1597397145256085, "per_platform_volume": 444.24581005586595, "per_platform_trains": 75.020949720670387, "per_train_volume": 5.921623382667784, "norm_peak_volume": 0.037354569000586986, "norm_per_platform_volume": 0.01953879744017431, "norm_per_platform_trains": 0.25910059727981144, "norm_per_train_volume": 0.046587877878752036, "Crowding_Index": 0.090645460399831193 }, "geometry": { "type": "Point", "coordinates": [ 144.91585052, -37.69513079 ] } },
{ "type": "Feature", "properties": { "Station_Name": "Jewell", "N_Metro_Platform": 2, "daily_volume": 2013.7921348314608, "daily_trains": 109.53932584269663, "peak_volume": 28.908491663435441, "per_platform_volume": 1006.8960674157304, "per_platform_trains": 54.769662921348313, "per_train_volume": 18.384193250589806, "norm_peak_volume": 0.21059333984515458, "norm_per_platform_volume": 0.047781900189664425, "norm_per_platform_trains": 0.12779141729572191, "norm_per_train_volume": 0.16305798425646809, "Crowding_Index": 0.13730616039675225 }, "geometry": { "type": "Point", "coordinates": [ 144.95871691, -37.77498702 ] } },
{ "type": "Feature", "properties": { "Station_Name": "Jordanville", "N_Metro_Platform": 2, "daily_volume": 1864.7222222222222, "daily_trains": 142.40555555555557, "peak_volume": 20.192259043764231, "per_platform_volume": 932.36111111111109, "per_platform_trains": 71.202777777777783, "per_train_volume": 13.09444856240003, "norm_peak_volume": 0.14421653689709096, "norm_per_platform_volume": 0.044040502399822622, "norm_per_platform_trains": 0.23434360125147663, "norm_per_train_volume": 0.11362218304742354, "Crowding_Index": 0.13405570589895344 }, "geometry": { "type": "Point", "coordinates": [ 145.11209016, -37.87360339 ] } },
{ "type": "Feature", "properties": { "Station_Name": "Kananook", "N_Metro_Platform": 2, "daily_volume": 709.23976608187138, "daily_trains": 199.43567251461988, "peak_volume": 5.2916354088522128, "per_platform_volume": 354.61988304093569, "per_platform_trains": 99.717836257309941, "per_train_volume": 3.5562332311932794, "norm_peak_volume": 0.030743686644601618, "norm_per_platform_volume": 0.015039884958415718, "norm_per_platform_trains": 0.41923501004190816, "norm_per_train_volume": 0.024481904111964794, "Crowding_Index": 0.12237512143922258 }, "geometry": { "type": "Point", "coordinates": [ 145.135374930000012, -38.12175231 ] } },
{ "type": "Feature", "properties": { "Station_Name": "Keilor Plains", "N_Metro_Platform": 2, "daily_volume": 3029.4230769230771, "daily_trains": 143.55219780219781, "peak_volume": 26.742920599666853, "per_platform_volume": 1514.7115384615386, "per_platform_trains": 71.776098901098905, "per_train_volume": 21.103285935735748, "norm_peak_volume": 0.19410184747201753, "norm_per_platform_volume": 0.073272485751334812, "norm_per_platform_trains": 0.23806101078287362, "norm_per_train_volume": 0.18846951796469366, "Crowding_Index": 0.1734762154927299 }, "geometry": { "type": "Point", "coordinates": [ 144.793738069999989, -37.72927934 ] } },
{ "type": "Feature", "properties": { "Station_Name": "Kensington", "N_Metro_Platform": 2, "daily_volume": 2315.3072625698323, "daily_trains": 147.51396648044692, "peak_volume": 18.275862068965516, "per_platform_volume": 1157.6536312849162, "per_platform_trains": 73.756983240223462, "per_train_volume": 15.69551221359591, "norm_peak_volume": 0.12962258215575023, "norm_per_platform_volume": 0.055349410043120259, "norm_per_platform_trains": 0.25090504883296327, "norm_per_train_volume": 0.13793066543593649, "Crowding_Index": 0.14345192661694256 }, "geometry": { "type": "Point", "coordinates": [ 144.93052444, -37.79378022 ] } },
{ "type": "Feature", "properties": { "Station_Name": "Keon Park", "N_Metro_Platform": 2, "daily_volume": 1210.8080808080808, "daily_trains": 141.75757575757575, "peak_volume": 10.626490353349231, "per_platform_volume": 605.40404040404042, "per_platform_trains": 70.878787878787875, "per_train_volume": 8.5413994584580308, "norm_peak_volume": 0.071370254435852126, "norm_per_platform_volume": 0.027628384886569688, "norm_per_platform_trains": 0.23224285336414155, "norm_per_train_volume": 0.071071238972555184, "Crowding_Index": 0.10057818291477964 }, "geometry": { "type": "Point", "coordinates": [ 145.01188382, -37.69487012 ] } },
{ "type": "Feature", "properties": { "Station_Name": "Kooyong", "N_Metro_Platform": 2, "daily_volume": 1287.1910112359551, "daily_trains": 143.88764044943821, "peak_volume": 12.701749627017497, "per_platform_volume": 643.59550561797755, "per_platform_trains": 71.943820224719104, "per_train_volume": 8.9458066531313438, "norm_peak_volume": 0.087173994639336519, "norm_per_platform_volume": 0.02954546474582747, "norm_per_platform_trains": 0.23914851449010233, "norm_per_train_volume": 0.07485066404159739, "Crowding_Index": 0.10767965947921593 }, "geometry": { "type": "Point", "coordinates": [ 145.033551609999989, -37.83992894 ] } },
{ "type": "Feature", "properties": { "Station_Name": "Laburnum", "N_Metro_Platform": 2, "daily_volume": 1348.8055555555557, "daily_trains": 206.21944444444443, "peak_volume": 6.6921169407465415, "per_platform_volume": 674.40277777777783, "per_platform_trains": 103.10972222222222, "per_train_volume": 6.5406322822236298, "norm_peak_volume": 0.041408785974919704, "norm_per_platform_volume": 0.0310918835764586, "norm_per_platform_trains": 0.44122797123324747, "norm_per_train_volume": 0.052372883150063984, "Crowding_Index": 0.14152538098367243 }, "geometry": { "type": "Point", "coordinates": [ 145.14070271, -37.82078023 ] } },
{ "type": "Feature", "properties": { "Station_Name": "Lalor", "N_Metro_Platform": 2, "daily_volume": 2341.1209439528025, "daily_trains": 144.1976401179941, "peak_volume": 21.262589044460821, "per_platform_volume": 1170.5604719764012, "per_platform_trains": 72.098820058997049, "per_train_volume": 16.235501094450015, "norm_peak_volume": 0.15236743036743047, "norm_per_platform_volume": 0.055997288939561893, "norm_per_platform_trains": 0.24015353216322066, "norm_per_train_volume": 0.14297718176943713, "Crowding_Index": 0.14787385830991254 }, "geometry": { "type": "Point", "coordinates": [ 145.017193170000013, -37.66585075 ] } },
{ "type": "Feature", "properties": { "Station_Name": "Laverton", "N_Metro_Platform": 3, "daily_volume": 5364.9030470914131, "daily_trains": 190.39889196675901, "peak_volume": 36.99300087489064, "per_platform_volume": 1788.3010156971377, "per_platform_trains": 63.466297322253006, "per_train_volume": 28.177175779090408, "norm_peak_volume": 0.27215937396515821, "norm_per_platform_volume": 0.087005734098188764, "norm_per_platform_trains": 0.18418032448568114, "norm_per_train_volume": 0.25457921374103815, "Crowding_Index": 0.19948116157251655 }, "geometry": { "type": "Point", "coordinates": [ 144.77261667, -37.86369404 ] } },
{ "type": "Feature", "properties": { "Station_Name": "Lilydale", "N_Metro_Platform": 2, "daily_volume": 2717.328990228013, "daily_trains": 101.21498371335505, "peak_volume": 33.075075075075077, "per_platform_volume": 1358.6644951140065, "per_platform_trains": 50.607491856677527, "per_train_volume": 26.847101985646702, "norm_peak_volume": 0.24232315915457853, "norm_per_platform_volume": 0.065439462267619139, "norm_per_platform_trains": 0.10080393374115977, "norm_per_train_volume": 0.24214888533731616, "Crowding_Index": 0.16267886012516841 }, "geometry": { "type": "Point", "coordinates": [ 145.345822270000014, -37.75721264 ] } },
{ "type": "Feature", "properties": { "Station_Name": "Lynbrook", "N_Metro_Platform": 2, "daily_volume": 2136.4971751412431, "daily_trains": 124.4180790960452, "peak_volume": 30.638087386644681, "per_platform_volume": 1068.2485875706216, "per_platform_trains": 62.209039548022602, "per_train_volume": 17.17191899010081, "norm_peak_volume": 0.22376474537191574, "norm_per_platform_volume": 0.050861585141388325, "norm_per_platform_trains": 0.17602827523573708, "norm_per_train_volume": 0.15172856234955101, "Crowding_Index": 0.15059579202464804 }, "geometry": { "type": "Point", "coordinates": [ 145.249252109999986, -38.05734985 ] } },
{ "type": "Feature", "properties": { "Station_Name": "Macaulay", "N_Metro_Platform": 2, "daily_volume": 1565.6741573033707, "daily_trains": 109.53089887640449, "peak_volume": 18.711965652417398, "per_platform_volume": 782.83707865168537, "per_platform_trains": 54.765449438202246, "per_train_volume": 14.294360526248301, "norm_peak_volume": 0.1329436456113538, "norm_per_platform_volume": 0.036534911569587457, "norm_per_platform_trains": 0.12776409710504616, "norm_per_train_volume": 0.12483607196073837, "Crowding_Index": 0.10551968156168144 }, "geometry": { "type": "Point", "coordinates": [ 144.93616633, -37.79426673 ] } },
{ "type": "Feature", "properties": { "Station_Name": "Macleod", "N_Metro_Platform": 3, "daily_volume": 2113.8461538461538, "daily_trains": 147.15076923076924, "peak_volume": 18.513329200247984, "per_platform_volume": 704.61538461538464, "per_platform_trains": 49.050256410256416, "per_train_volume": 14.365172298427566, "norm_peak_volume": 0.1314309676896798, "norm_per_platform_volume": 0.032608452258482176, "norm_per_platform_trains": 0.090706831688436948, "norm_per_train_volume": 0.12549784996687352, "Crowding_Index": 0.09506102540086811 }, "geometry": { "type": "Point", "coordinates": [ 145.06914332, -37.7260123 ] } },
{ "type": "Feature", "properties": { "Station_Name": "Malvern", "N_Metro_Platform": 4, "daily_volume": 3601.0511363636365, "daily_trains": 271.84659090909093, "peak_volume": 23.883751651254954, "per_platform_volume": 900.26278409090912, "per_platform_trains": 67.961647727272734, "per_train_volume": 13.246629741874804, "norm_peak_volume": 0.17232839302615424, "norm_per_platform_volume": 0.04242927706710501, "norm_per_platform_trains": 0.21332814019110316, "norm_per_train_volume": 0.11504440642109025, "Crowding_Index": 0.13578255417636317 }, "geometry": { "type": "Point", "coordinates": [ 145.02929394, -37.8662533 ] } },
{ "type": "Feature", "properties": { "Station_Name": "Melbourne Central", "N_Metro_Platform": 4, "daily_volume": 58335.519125683059, "daily_trains": 607.61475409836066, "peak_volume": 125.05423046126222, "per_platform_volume": 14583.879781420765, "per_platform_trains": 151.90368852459017, "per_train_volume": 96.007410505110457, "norm_peak_volume": 0.94277283033700821, "norm_per_platform_volume": 0.72929966552775816, "norm_per_platform_trains": 0.75760765450106404, "norm_per_train_volume": 0.88849298416648426, "Crowding_Index": 0.82954328363307872 }, "geometry": { "type": "Point", "coordinates": [ 144.96260489, -37.80993896 ] } },
{ "type": "Feature", "properties": { "Station_Name": "Mentone", "N_Metro_Platform": 2, "daily_volume": 3258.9910979228484, "daily_trains": 208.75074183976261, "peak_volume": 18.116462976276061, "per_platform_volume": 1629.4955489614242, "per_platform_trains": 104.37537091988131, "per_train_volume": 15.611877922927119, "norm_peak_volume": 0.1284087088429075, "norm_per_platform_volume": 0.079034247272174868, "norm_per_platform_trains": 0.44943442716290766, "norm_per_train_volume": 0.13714905339008618, "Crowding_Index": 0.19850660916701907 }, "geometry": { "type": "Point", "coordinates": [ 145.065802319999989, -37.98277704 ] } },
{ "type": "Feature", "properties": { "Station_Name": "Merinda Park", "N_Metro_Platform": 2, "daily_volume": 2730.1412429378529, "daily_trains": 124.40960451977401, "peak_volume": 38.068350668647845, "per_platform_volume": 1365.0706214689264, "per_platform_trains": 62.204802259887003, "per_train_volume": 21.944778728911697, "norm_peak_volume": 0.28034849470975293, "norm_per_platform_volume": 0.065761027720583107, "norm_per_platform_trains": 0.17600080069370153, "norm_per_train_volume": 0.1963337671665821, "Crowding_Index": 0.1796110225726549 }, "geometry": { "type": "Point", "coordinates": [ 145.26351137, -38.07900048 ] } },
{ "type": "Feature", "properties": { "Station_Name": "Merlynston", "N_Metro_Platform": 2, "daily_volume": 1287.6404494382023, "daily_trains": 108.3061797752809, "peak_volume": 18.788177339901477, "per_platform_volume": 643.82022471910113, "per_platform_trains": 54.153089887640448, "per_train_volume": 11.888891770625309, "norm_peak_volume": 0.13352402114550987, "norm_per_platform_volume": 0.02955674486981175, "norm_per_platform_trains": 0.12379356272683632, "norm_per_train_volume": 0.102355539869455, "Crowding_Index": 0.09730746715290324 }, "geometry": { "type": "Point", "coordinates": [ 144.96131355, -37.72093389 ] } },
{ "type": "Feature", "properties": { "Station_Name": "Mernda", "N_Metro_Platform": 2, "daily_volume": 3385.3296703296705, "daily_trains": 143.56868131868131, "peak_volume": 32.29533372711164, "per_platform_volume": 1692.6648351648353, "per_platform_trains": 71.784340659340657, "per_train_volume": 23.579861841979373, "norm_peak_volume": 0.23638518800779898, "norm_per_platform_volume": 0.0822051276148347, "norm_per_platform_trains": 0.23811445027672284, "norm_per_train_volume": 0.21161458854882179, "Crowding_Index": 0.19207983861204458 }, "geometry": { "type": "Point", "coordinates": [ 145.10095293, -37.60254907 ] } },
{ "type": "Feature", "properties": { "Station_Name": "Merri", "N_Metro_Platform": 2, "daily_volume": 547.90055248618785, "daily_trains": 142.69337016574585, "peak_volume": 5.8165242165242166, "per_platform_volume": 273.95027624309392, "per_platform_trains": 71.346685082872924, "per_train_volume": 3.8397057400058081, "norm_peak_volume": 0.034740876999280662, "norm_per_platform_volume": 0.010990548867745099, "norm_per_platform_trains": 0.2352766950549971, "norm_per_train_volume": 0.027131122820983618, "Crowding_Index": 0.077034810935751624 }, "geometry": { "type": "Point", "coordinates": [ 144.99297248, -37.77784668 ] } },
{ "type": "Feature", "properties": { "Station_Name": "Middle Brighton", "N_Metro_Platform": 2, "daily_volume": 2904.8179271708682, "daily_trains": 162.85434173669466, "peak_volume": 20.066605184957474, "per_platform_volume": 1452.4089635854341, "per_platform_trains": 81.427170868347332, "per_train_volume": 17.836908099554517, "norm_peak_volume": 0.14325964396070276, "norm_per_platform_volume": 0.070145111328651144, "norm_per_platform_trains": 0.30063848344151217, "norm_per_train_volume": 0.15794327995105081, "Crowding_Index": 0.16799662967047924 }, "geometry": { "type": "Point", "coordinates": [ 144.99629909, -37.91513441 ] } },
{ "type": "Feature", "properties": { "Station_Name": "Middle Footscray", "N_Metro_Platform": 2, "daily_volume": 1012.8358208955224, "daily_trains": 133.49253731343285, "peak_volume": 10.419445869676757, "per_platform_volume": 506.41791044776119, "per_platform_trains": 66.746268656716424, "per_train_volume": 7.5872093023255802, "norm_peak_volume": 0.069793546757904695, "norm_per_platform_volume": 0.022659622493661911, "norm_per_platform_trains": 0.20544763211741787, "norm_per_train_volume": 0.062153766078351366, "Crowding_Index": 0.090013641861833957 }, "geometry": { "type": "Point", "coordinates": [ 144.89147208, -37.8025047 ] } },
{ "type": "Feature", "properties": { "Station_Name": "Middle Gorge", "N_Metro_Platform": 2, "daily_volume": 956.75824175824175, "daily_trains": 142.9835164835165, "peak_volume": 7.9905493207324279, "per_platform_volume": 478.37912087912088, "per_platform_trains": 71.491758241758248, "per_train_volume": 6.6913883871959419, "norm_peak_volume": 0.051296749500950457, "norm_per_platform_volume": 0.021252171942631685, "norm_per_platform_trains": 0.23621734824507346, "norm_per_train_volume": 0.053781788357360763, "Crowding_Index": 0.090637014511504091 }, "geometry": { "type": "Point", "coordinates": [ 145.09212201, -37.64403391 ] } },
{ "type": "Feature", "properties": { "Station_Name": "Mitcham", "N_Metro_Platform": 2, "daily_volume": 4368.5923753665693, "daily_trains": 192.68035190615836, "peak_volume": 30.561655405405407, "per_platform_volume": 2184.2961876832846, "per_platform_trains": 96.340175953079182, "per_train_volume": 22.67274442956289, "norm_peak_volume": 0.22318269223278775, "norm_per_platform_volume": 0.10688332623364126, "norm_per_platform_trains": 0.39733428791948983, "norm_per_train_volume": 0.20313703836126626, "Crowding_Index": 0.23263433618679627 }, "geometry": { "type": "Point", "coordinates": [ 145.192208240000014, -37.81816668 ] } },
{ "type": "Feature", "properties": { "Station_Name": "Montmorency", "N_Metro_Platform": 2, "daily_volume": 948.86297376093296, "daily_trains": 118.85714285714286, "peak_volume": 14.598880597014926, "per_platform_volume": 474.43148688046648, "per_platform_trains": 59.428571428571431, "per_train_volume": 7.9832221350078489, "norm_peak_volume": 0.10162123280482484, "norm_per_platform_volume": 0.021054014328406926, "norm_per_platform_trains": 0.15799974241434328, "norm_per_train_volume": 0.065854740856287355, "Crowding_Index": 0.086632432600965606 }, "geometry": { "type": "Point", "coordinates": [ 145.12151574, -37.71529624 ] } },
{ "type": "Feature", "properties": { "Station_Name": "Moonee Ponds", "N_Metro_Platform": 2, "daily_volume": 4383.8268156424583, "daily_trains": 147.53351955307264, "peak_volume": 34.840970914417241, "per_platform_volume": 2191.9134078212292, "per_platform_trains": 73.766759776536318, "per_train_volume": 29.714107200333224, "norm_peak_volume": 0.25577100127507046, "norm_per_platform_volume": 0.10726568441833476, "norm_per_platform_trains": 0.2509684398154251, "norm_per_train_volume": 0.26894274935403867, "Crowding_Index": 0.22073696871571724 }, "geometry": { "type": "Point", "coordinates": [ 144.9191607, -37.76570666 ] } },
{ "type": "Feature", "properties": { "Station_Name": "Moorabbin", "N_Metro_Platform": 3, "daily_volume": 2794.4722222222222, "daily_trains": 202.725, "peak_volume": 19.850683045642274, "per_platform_volume": 931.49074074074076, "per_platform_trains": 67.575, "per_train_volume": 13.784546662830051, "norm_peak_volume": 0.1416153301936397, "norm_per_platform_volume": 0.043996812808502025, "norm_per_platform_trains": 0.21082111945143373, "norm_per_train_volume": 0.12007155906055444, "Crowding_Index": 0.12912620537853248 }, "geometry": { "type": "Point", "coordinates": [ 145.036738289999988, -37.93435329 ] } },
{ "type": "Feature", "properties": { "Station_Name": "Mooroolbark", "N_Metro_Platform": 2, "daily_volume": 2624.5928338762214, "daily_trains": 105.33876221498372, "peak_volume": 38.072457966373101, "per_platform_volume": 1312.2964169381107, "per_platform_trains": 52.669381107491859, "per_train_volume": 24.915736417328919, "norm_peak_volume": 0.2803797730502533, "norm_per_platform_volume": 0.063111944632839798, "norm_per_platform_trains": 0.11417320698415696, "norm_per_train_volume": 0.22409912869962384, "Crowding_Index": 0.17044101334171846 }, "geometry": { "type": "Point", "coordinates": [ 145.3124024, -37.78474883 ] } },
{ "type": "Feature", "properties": { "Station_Name": "Mordialloc", "N_Metro_Platform": 2, "daily_volume": 3003.0945558739254, "daily_trains": 209.95702005730658, "peak_volume": 16.867716395338494, "per_platform_volume": 1501.5472779369627, "per_platform_trains": 104.97851002865329, "per_train_volume": 14.303377686796315, "norm_peak_volume": 0.11889911801947126, "norm_per_platform_volume": 0.072611685266925088, "norm_per_platform_trains": 0.45334517627105003, "norm_per_train_volume": 0.1249203426737119, "Crowding_Index": 0.19244408055778955 }, "geometry": { "type": "Point", "coordinates": [ 145.08765936, -38.00658295 ] } },
{ "type": "Feature", "properties": { "Station_Name": "Moreland", "N_Metro_Platform": 2, "daily_volume": 1345.7865168539327, "daily_trains": 109.54213483146067, "peak_volume": 20.116369278510472, "per_platform_volume": 672.89325842696633, "per_platform_trains": 54.771067415730336, "per_train_volume": 12.28556042772521, "norm_peak_volume": 0.14363861290012753, "norm_per_platform_volume": 0.031016110910278078, "norm_per_platform_trains": 0.12780052402594716, "norm_per_train_volume": 0.10606264371551227, "Crowding_Index": 0.10212947288796626 }, "geometry": { "type": "Point", "coordinates": [ 144.96182303, -37.75448484 ] } },
{ "type": "Feature", "properties": { "Station_Name": "Mount Waverley", "N_Metro_Platform": 2, "daily_volume": 3408.8611111111113, "daily_trains": 142.40277777777777, "peak_volume": 31.459650898052111, "per_platform_volume": 1704.4305555555557, "per_platform_trains": 71.201388888888886, "per_train_volume": 23.938164439676196, "norm_peak_volume": 0.23002120520789326, "norm_per_platform_volume": 0.082795726207068793, "norm_per_platform_trains": 0.23433459570714274, "norm_per_train_volume": 0.21496313881665829, "Crowding_Index": 0.19052866648469077 }, "geometry": { "type": "Point", "coordinates": [ 145.128044100000011, -37.87526408 ] } },
{ "type": "Feature", "properties": { "Station_Name": "Murrumbeena", "N_Metro_Platform": 2, "daily_volume": 3624.6587537091987, "daily_trains": 248.55192878338278, "peak_volume": 19.33609114336091, "per_platform_volume": 1812.3293768545993, "per_platform_trains": 124.27596439169139, "per_train_volume": 14.58310451039851, "norm_peak_volume": 0.13769655395316718, "norm_per_platform_volume": 0.088211874972017601, "norm_per_platform_trains": 0.57846971444487849, "norm_per_train_volume": 0.12753455573305103, "Crowding_Index": 0.23297817477577859 }, "geometry": { "type": "Point", "coordinates": [ 145.06737487, -37.89019832 ] } },
{ "type": "Feature", "properties": { "Station_Name": "Narre Warren", "N_Metro_Platform": 2, "daily_volume": 2429.9126637554587, "daily_trains": 125.87772925764192, "peak_volume": 28.743383199079403, "per_platform_volume": 1214.9563318777293, "per_platform_trains": 62.938864628820959, "per_train_volume": 19.303753555817668, "norm_peak_volume": 0.20933598790403216, "norm_per_platform_volume": 0.058225808017698943, "norm_per_platform_trains": 0.18076045516292383, "norm_per_train_volume": 0.17165182065663839, "Crowding_Index": 0.15499351793532334 }, "geometry": { "type": "Point", "coordinates": [ 145.303993, -38.02777361 ] } },
{ "type": "Feature", "properties": { "Station_Name": "Newmarket", "N_Metro_Platform": 2, "daily_volume": 3228.4916201117317, "daily_trains": 147.50279329608938, "peak_volume": 25.985996446859652, "per_platform_volume": 1614.2458100558658, "per_platform_trains": 73.75139664804469, "per_train_volume": 21.887664280574178, "norm_peak_volume": 0.1883376363122414, "norm_per_platform_volume": 0.078268762964332259, "norm_per_platform_trains": 0.25086882541441363, "norm_per_train_volume": 0.19579999877498433, "Crowding_Index": 0.1783188058664929 }, "geometry": { "type": "Point", "coordinates": [ 144.92897847, -37.78732767 ] } },
{ "type": "Feature", "properties": { "Station_Name": "Newport", "N_Metro_Platform": 2, "daily_volume": 7246.0497237569061, "daily_trains": 303.27900552486187, "peak_volume": 31.093369571371948, "per_platform_volume": 3623.0248618784531, "per_platform_trains": 151.63950276243094, "per_train_volume": 23.892355196881233, "norm_peak_volume": 0.22723185979853203, "norm_per_platform_volume": 0.17910254455338462, "norm_per_platform_trains": 0.75589467615374439, "norm_per_train_volume": 0.21453502427543952, "Crowding_Index": 0.34419102619527514 }, "geometry": { "type": "Point", "coordinates": [ 144.883588300000014, -37.84272637 ] } },
{ "type": "Feature", "properties": { "Station_Name": "Noble Park", "N_Metro_Platform": 2, "daily_volume": 4697.6256983240228, "daily_trains": 235.93575418994413, "peak_volume": 24.686898593634346, "per_platform_volume": 2348.8128491620114, "per_platform_trains": 117.96787709497207, "per_train_volume": 19.910613863730543, "norm_peak_volume": 0.1784446050019961, "norm_per_platform_volume": 0.11514149534201321, "norm_per_platform_trains": 0.53756812737990278, "norm_per_train_volume": 0.17732329013429046, "Crowding_Index": 0.25211937946455065 }, "geometry": { "type": "Point", "coordinates": [ 145.17632482, -37.96661867 ] } },
{ "type": "Feature", "properties": { "Station_Name": "North Brighton", "N_Metro_Platform": 2, "daily_volume": 2646.9467787114845, "daily_trains": 162.84873949579833, "peak_volume": 20.22338354339584, "per_platform_volume": 1323.4733893557423, "per_platform_trains": 81.424369747899163, "per_train_volume": 16.25402067530144, "norm_peak_volume": 0.14445355957294773, "norm_per_platform_volume": 0.063672990106986779, "norm_per_platform_trains": 0.30062032099915825, "norm_per_train_volume": 0.14315025823558303, "Crowding_Index": 0.16297428222866894 }, "geometry": { "type": "Point", "coordinates": [ 145.002605030000012, -37.90488721 ] } },
{ "type": "Feature", "properties": { "Station_Name": "North Melbourne", "N_Metro_Platform": 6, "daily_volume": 21136.584699453553, "daily_trains": 653.68852459016398, "peak_volume": 40.052024539877301, "per_platform_volume": 3522.7641165755922, "per_platform_trains": 108.94808743169399, "per_train_volume": 32.334336468129571, "norm_peak_volume": 0.29545478379233908, "norm_per_platform_volume": 0.17406980086529622, "norm_per_platform_trains": 0.47908388407968644, "norm_per_train_volume": 0.2934303457959056, "Crowding_Index": 0.31050970363330682 }, "geometry": { "type": "Point", "coordinates": [ 144.941510169999987, -37.80630984 ] } },
{ "type": "Feature", "properties": { "Station_Name": "North Richmond", "N_Metro_Platform": 2, "daily_volume": 3777.1787709497207, "daily_trains": 276.7513966480447, "peak_volume": 18.661928517733887, "per_platform_volume": 1888.5893854748604, "per_platform_trains": 138.37569832402235, "per_train_volume": 13.648273565004995, "norm_peak_volume": 0.13256259737940582, "norm_per_platform_volume": 0.092039864439658559, "norm_per_platform_trains": 0.66989227534161122, "norm_per_train_volume": 0.11879800614423675, "Crowding_Index": 0.25332318582622809 }, "geometry": { "type": "Point", "coordinates": [ 144.992500260000014, -37.81039836 ] } },
{ "type": "Feature", "properties": { "Station_Name": "North Williamstown", "N_Metro_Platform": 2, "daily_volume": 1373.6599423631123, "daily_trains": 110.79250720461096, "peak_volume": 20.689509306260575, "per_platform_volume": 686.82997118155617, "per_platform_trains": 55.396253602305478, "per_train_volume": 12.39849135128105, "norm_peak_volume": 0.14800325119554872, "norm_per_platform_volume": 0.031715685833010689, "norm_per_platform_trains": 0.13185422620843318, "norm_per_train_volume": 0.1071180501701423, "Crowding_Index": 0.10467280335178372 }, "geometry": { "type": "Point", "coordinates": [ 144.88906947000001, -37.85733348 ] } },
{ "type": "Feature", "properties": { "Station_Name": "Northcote", "N_Metro_Platform": 2, "daily_volume": 1472.7071823204419, "daily_trains": 142.69337016574585, "peak_volume": 14.317948717948719, "per_platform_volume": 736.35359116022096, "per_platform_trains": 71.346685082872924, "per_train_volume": 10.320782112089827, "norm_peak_volume": 0.099481849794724506, "norm_per_platform_volume": 0.034201600785129051, "norm_per_platform_trains": 0.2352766950549971, "norm_per_train_volume": 0.087700625138613528, "Crowding_Index": 0.11416519269336604 }, "geometry": { "type": "Point", "coordinates": [ 144.995277210000012, -37.76986537 ] } },
{ "type": "Feature", "properties": { "Station_Name": "Nunawading", "N_Metro_Platform": 2, "daily_volume": 3817.4486803519062, "daily_trains": 190.78885630498533, "peak_volume": 23.553126067646055, "per_platform_volume": 1908.7243401759531, "per_platform_trains": 95.394428152492665, "per_train_volume": 20.00876127822438, "norm_peak_volume": 0.16981057711067854, "norm_per_platform_volume": 0.093050569734894159, "norm_per_platform_trains": 0.39120206682177028, "norm_per_train_volume": 0.17824053592933459, "Crowding_Index": 0.20807593739916938 }, "geometry": { "type": "Point", "coordinates": [ 145.1748915, -37.82061218 ] } },
{ "type": "Feature", "properties": { "Station_Name": "Oak Park", "N_Metro_Platform": 2, "daily_volume": 2074.6648044692738, "daily_trains": 150.04748603351956, "peak_volume": 16.652276698530166, "per_platform_volume": 1037.3324022346369, "per_platform_trains": 75.023743016759781, "per_train_volume": 13.826721522050747, "norm_peak_volume": 0.11725847820107499, "norm_per_platform_volume": 0.049309699244874779, "norm_per_platform_trains": 0.25911870898908629, "norm_per_train_volume": 0.1204657081318903, "Crowding_Index": 0.13653814864173158 }, "geometry": { "type": "Point", "coordinates": [ 144.92151877, -37.71794973 ] } },
{ "type": "Feature", "properties": { "Station_Name": "Oakleigh", "N_Metro_Platform": 2, "daily_volume": 9694.3839541547277, "daily_trains": 245.92836676217766, "peak_volume": 44.160960065089157, "per_platform_volume": 4847.1919770773638, "per_platform_trains": 122.96418338108883, "per_train_volume": 39.419543510934531, "norm_peak_volume": 0.32674559664510266, "norm_per_platform_volume": 0.24055151247769224, "norm_per_platform_trains": 0.56996413697082449, "norm_per_train_volume": 0.35964580751280995, "Crowding_Index": 0.37422676340160732 }, "geometry": { "type": "Point", "coordinates": [ 145.08830787, -37.90037214 ] } },
{ "type": "Feature", "properties": { "Station_Name": "Officer", "N_Metro_Platform": 2, "daily_volume": 856.5846153846154, "daily_trains": 127.15384615384616, "peak_volume": 11.946415897799858, "per_platform_volume": 428.2923076923077, "per_platform_trains": 63.57692307692308, "per_train_volume": 6.7366001209921356, "norm_peak_volume": 0.081421895046313447, "norm_per_platform_volume": 0.018737986633506492, "norm_per_platform_trains": 0.18489762098514778, "norm_per_train_volume": 0.054204318822631624, "Crowding_Index": 0.084815455371899842 }, "geometry": { "type": "Point", "coordinates": [ 145.410987229999989, -38.06614572 ] } },
{ "type": "Feature", "properties": { "Station_Name": "Ormond", "N_Metro_Platform": 3, "daily_volume": 2509.8475609756097, "daily_trains": 204.17378048780489, "peak_volume": 19.281736560972838, "per_platform_volume": 836.61585365853659, "per_platform_trains": 68.057926829268297, "per_train_volume": 12.292702593737399, "norm_peak_volume": 0.13728262702373267, "norm_per_platform_volume": 0.039234420631197559, "norm_per_platform_trains": 0.21395241311054378, "norm_per_train_volume": 0.10612939149257775, "Crowding_Index": 0.12414971306451295 }, "geometry": { "type": "Point", "coordinates": [ 145.03961342, -37.90321167 ] } },
{ "type": "Feature", "properties": { "Station_Name": "Pakenham", "N_Metro_Platform": 2, "daily_volume": 2364.7076923076925, "daily_trains": 127.27384615384615, "peak_volume": 27.405040823571174, "per_platform_volume": 1182.3538461538462, "per_platform_trains": 63.636923076923075, "per_train_volume": 18.579682815975247, "norm_peak_volume": 0.19914409743799913, "norm_per_platform_volume": 0.056589275656531844, "norm_per_platform_trains": 0.18528666050037051, "norm_per_train_volume": 0.16488495018062957, "Crowding_Index": 0.15147624594388276 }, "geometry": { "type": "Point", "coordinates": [ 145.48637907, -38.08061397 ] } },
{ "type": "Feature", "properties": { "Station_Name": "Parkdale", "N_Metro_Platform": 2, "daily_volume": 929.63963963963965, "daily_trains": 207.48648648648648, "peak_volume": 4.9006622516556293, "per_platform_volume": 464.81981981981983, "per_platform_trains": 103.74324324324324, "per_train_volume": 4.480482827493379, "norm_peak_volume": 0.027766305321086773, "norm_per_platform_volume": 0.020571541785585165, "norm_per_platform_trains": 0.4453357164149383, "norm_per_train_volume": 0.033119564718202391, "Crowding_Index": 0.13169828205995315 }, "geometry": { "type": "Point", "coordinates": [ 145.07632682, -37.99307882 ] } },
{ "type": "Feature", "properties": { "Station_Name": "Parliament", "N_Metro_Platform": 4, "daily_volume": 39596.748633879783, "daily_trains": 607.60382513661204, "peak_volume": 89.024044241404184, "per_platform_volume": 9899.1871584699456, "per_platform_trains": 151.90095628415301, "per_train_volume": 65.168695448842769, "norm_peak_volume": 0.6683918362478708, "norm_per_platform_volume": 0.49414424994042594, "norm_per_platform_trains": 0.75758993867614499, "norm_per_train_volume": 0.60028690297927756, "Crowding_Index": 0.63010323196092988 }, "geometry": { "type": "Point", "coordinates": [ 144.973119, -37.811337 ] } },
{ "type": "Feature", "properties": { "Station_Name": "Pascoe Vale", "N_Metro_Platform": 2, "daily_volume": 2575.8938547486032, "daily_trains": 150.04469273743015, "peak_volume": 21.033361309274024, "per_platform_volume": 1287.9469273743016, "per_platform_trains": 75.022346368715077, "per_train_volume": 17.167510611363468, "norm_peak_volume": 0.15062179037907289, "norm_per_platform_volume": 0.061889684220349753, "norm_per_platform_trains": 0.25910965313444884, "norm_per_train_volume": 0.15168736343584915, "Crowding_Index": 0.15582712279243016 }, "geometry": { "type": "Point", "coordinates": [ 144.92819562, -37.73075596 ] } },
{ "type": "Feature", "properties": { "Station_Name": "Patterson", "N_Metro_Platform": 3, "daily_volume": 1177.8963414634147, "daily_trains": 204.17073170731706, "peak_volume": 9.8238636363636367, "per_platform_volume": 392.63211382113826, "per_platform_trains": 68.056910569105682, "per_train_volume": 5.7691733365189348, "norm_peak_volume": 0.065258004137028217, "norm_per_platform_volume": 0.01694796786714874, "norm_per_platform_trains": 0.21394582368786036, "norm_per_train_volume": 0.045163141786563957, "Crowding_Index": 0.085328734369650314 }, "geometry": { "type": "Point", "coordinates": [ 145.03547003, -37.92514919 ] } },
{ "type": "Feature", "properties": { "Station_Name": "Prahran", "N_Metro_Platform": 2, "daily_volume": 5696.6949152542375, "daily_trains": 162.81638418079095, "peak_volume": 43.722869774919616, "per_platform_volume": 2848.3474576271187, "per_platform_trains": 81.408192090395474, "per_train_volume": 34.988462272498573, "norm_peak_volume": 0.3234094038043544, "norm_per_platform_volume": 0.14021641015678202, "norm_per_platform_trains": 0.30051542519861363, "norm_per_train_volume": 0.31823472547448001, "Crowding_Index": 0.27059399115855753 }, "geometry": { "type": "Point", "coordinates": [ 144.989859919999986, -37.84951848 ] } },
{ "type": "Feature", "properties": { "Station_Name": "Preston", "N_Metro_Platform": 2, "daily_volume": 2955.2762430939229, "daily_trains": 148.72375690607734, "peak_volume": 25.675833139128407, "per_platform_volume": 1477.6381215469614, "per_platform_trains": 74.361878453038671, "per_train_volume": 19.870909023366398, "norm_peak_volume": 0.18597564694627, "norm_per_platform_volume": 0.071411528061372548, "norm_per_platform_trains": 0.25482718450553321, "norm_per_train_volume": 0.17695222485402068, "Crowding_Index": 0.17229164609179912 }, "geometry": { "type": "Point", "coordinates": [ 145.00052198, -37.73867424 ] } },
{ "type": "Feature", "properties": { "Station_Name": "Regent", "N_Metro_Platform": 2, "daily_volume": 1687.3204419889503, "daily_trains": 142.69060773480663, "peak_volume": 17.216579100992412, "per_platform_volume": 843.66022099447514, "per_platform_trains": 71.345303867403317, "per_train_volume": 11.825028071398149, "norm_peak_volume": 0.12155581525089415, "norm_per_platform_volume": 0.039588023580581465, "norm_per_platform_trains": 0.23526773926505187, "norm_per_train_volume": 0.1017586957256314, "Crowding_Index": 0.12454256845553972 }, "geometry": { "type": "Point", "coordinates": [ 145.002772560000011, -37.72840277 ] } },
{ "type": "Feature", "properties": { "Station_Name": "Reservoir", "N_Metro_Platform": 2, "daily_volume": 4183.2044198895028, "daily_trains": 149.04419889502762, "peak_volume": 38.417231940973458, "per_platform_volume": 2091.6022099447514, "per_platform_trains": 74.52209944751381, "per_train_volume": 28.066871779664158, "norm_peak_volume": 0.28300533333211414, "norm_per_platform_volume": 0.10223040818502491, "norm_per_platform_trains": 0.25586605613918517, "norm_per_train_volume": 0.25354835745030391, "Crowding_Index": 0.22366253877665704 }, "geometry": { "type": "Point", "coordinates": [ 145.006995819999986, -37.71688492 ] } },
{ "type": "Feature", "properties": { "Station_Name": "Richmond", "N_Metro_Platform": 10, "daily_volume": 63317.076502732241, "daily_trains": 1016.4890710382514, "peak_volume": 92.268606620015888, "per_platform_volume": 6331.7076502732243, "per_platform_trains": 101.64890710382514, "per_train_volume": 62.289972717620657, "norm_peak_volume": 0.6931001806731637, "norm_per_platform_volume": 0.31506908026133756, "norm_per_platform_trains": 0.43175605780839282, "norm_per_train_volume": 0.57338353182142388, "Crowding_Index": 0.50332721264107949 }, "geometry": { "type": "Point", "coordinates": [ 144.99016426, -37.82407446 ] } },
{ "type": "Feature", "properties": { "Station_Name": "Ringwood East", "N_Metro_Platform": 2, "daily_volume": 1341.1400651465799, "daily_trains": 105.3257328990228, "peak_volume": 17.810248198558845, "per_platform_volume": 670.57003257328995, "per_platform_trains": 52.662866449511398, "per_train_volume": 12.733261172104532, "norm_peak_volume": 0.12607678875228842, "norm_per_platform_volume": 0.030899492983533425, "norm_per_platform_trains": 0.11413096599444762, "norm_per_train_volume": 0.11024667268191811, "Crowding_Index": 0.095338480103046894 }, "geometry": { "type": "Point", "coordinates": [ 145.250190909999986, -37.81196804 ] } },
{ "type": "Feature", "properties": { "Station_Name": "Ringwood", "N_Metro_Platform": 3, "daily_volume": 9642.5507246376819, "daily_trains": 227.56811594202898, "peak_volume": 51.943226218004945, "per_platform_volume": 3214.1835748792273, "per_platform_trains": 75.856038647342999, "per_train_volume": 42.372151673013974, "norm_peak_volume": 0.38600995654248249, "norm_per_platform_volume": 0.15858012174114794, "norm_per_platform_trains": 0.26451530713315496, "norm_per_train_volume": 0.38723968183998714, "Crowding_Index": 0.29908626681419315 }, "geometry": { "type": "Point", "coordinates": [ 145.22896846, -37.81588648 ] } },
{ "type": "Feature", "properties": { "Station_Name": "Ripponlea", "N_Metro_Platform": 2, "daily_volume": 2390.0564971751414, "daily_trains": 162.81920903954801, "peak_volume": 18.607315112540192, "per_platform_volume": 1195.0282485875707, "per_platform_trains": 81.409604519774007, "per_train_volume": 14.679204691349458, "norm_peak_volume": 0.1321466994343827, "norm_per_platform_volume": 0.057225486953943763, "norm_per_platform_trains": 0.30052458337929217, "norm_per_train_volume": 0.12843266891651925, "Crowding_Index": 0.15458235967103448 }, "geometry": { "type": "Point", "coordinates": [ 144.99525782, -37.87596086 ] } },
{ "type": "Feature", "properties": { "Station_Name": "Riversdale", "N_Metro_Platform": 2, "daily_volume": 587.3829201101928, "daily_trains": 115.37465564738292, "peak_volume": 7.7766548762001007, "per_platform_volume": 293.6914600550964, "per_platform_trains": 57.687327823691462, "per_train_volume": 5.0910914257061668, "norm_peak_volume": 0.049667877255805702, "norm_per_platform_volume": 0.011981488222176697, "norm_per_platform_trains": 0.14670953294888933, "norm_per_train_volume": 0.038826064191641203, "Crowding_Index": 0.061796240654628236 }, "geometry": { "type": "Point", "coordinates": [ 145.06964598, -37.83150543 ] } },
{ "type": "Feature", "properties": { "Station_Name": "Rosanna", "N_Metro_Platform": 2, "daily_volume": 2775.8204334365323, "daily_trains": 146.32198142414862, "peak_volume": 27.972338535718816, "per_platform_volume": 1387.9102167182662, "per_platform_trains": 73.160990712074309, "per_train_volume": 18.970631797215518, "norm_peak_volume": 0.20346424469601618, "norm_per_platform_volume": 0.066907496645009973, "norm_per_platform_trains": 0.24704063809583768, "norm_per_train_volume": 0.16853860026370882, "Crowding_Index": 0.17148774492514315 }, "geometry": { "type": "Point", "coordinates": [ 145.06614029, -37.7428786 ] } },
{ "type": "Feature", "properties": { "Station_Name": "Roxburgh Park", "N_Metro_Platform": 2, "daily_volume": 2710.6460674157302, "daily_trains": 145.11797752808988, "peak_volume": 21.641053197205803, "per_platform_volume": 1355.3230337078651, "per_platform_trains": 72.55898876404494, "per_train_volume": 18.678912934071466, "norm_peak_volume": 0.15524955175929933, "norm_per_platform_volume": 0.065271732427291784, "norm_per_platform_trains": 0.24313726232876262, "norm_per_train_volume": 0.1658123144829384, "Crowding_Index": 0.15736771524957305 }, "geometry": { "type": "Point", "coordinates": [ 144.93540368, -37.63823121 ] } },
{ "type": "Feature", "properties": { "Station_Name": "Royal Park", "N_Metro_Platform": 2, "daily_volume": 1816.1516853932585, "daily_trains": 110.17977528089888, "peak_volume": 17.101589763474216, "per_platform_volume": 908.07584269662925, "per_platform_trains": 55.08988764044944, "per_train_volume": 16.483530491535795, "norm_peak_volume": 0.12068013593729392, "norm_per_platform_volume": 0.042821465667576948, "norm_per_platform_trains": 0.12986775178707938, "norm_per_train_volume": 0.14529516357973274, "Crowding_Index": 0.10966612924292074 }, "geometry": { "type": "Point", "coordinates": [ 144.95230127, -37.78119293 ] } },
{ "type": "Feature", "properties": { "Station_Name": "Rushall", "N_Metro_Platform": 2, "daily_volume": 388.45303867403317, "daily_trains": 142.69337016574585, "peak_volume": 4.0247028664646933, "per_platform_volume": 194.22651933701658, "per_platform_trains": 71.346685082872924, "per_train_volume": 2.7222921304810765, "norm_peak_volume": 0.021095604108947834, "norm_per_platform_volume": 0.0069886911800952946, "norm_per_platform_trains": 0.2352766950549971, "norm_per_train_volume": 0.016688229954702483, "Crowding_Index": 0.070012305074685671 }, "geometry": { "type": "Point", "coordinates": [ 144.99240708, -37.78321711 ] } },
{ "type": "Feature", "properties": { "Station_Name": "Ruthven", "N_Metro_Platform": 2, "daily_volume": 1516.1946902654868, "daily_trains": 144.23598820058996, "peak_volume": 13.984528487229863, "per_platform_volume": 758.09734513274338, "per_platform_trains": 72.117994100294979, "per_train_volume": 10.511902814136127, "norm_peak_volume": 0.096942751778526973, "norm_per_platform_volume": 0.035293062256216243, "norm_per_platform_trains": 0.24027785649207745, "norm_per_train_volume": 0.089486761443904134, "Crowding_Index": 0.11550010799268121 }, "geometry": { "type": "Point", "coordinates": [ 145.00951662, -37.70789754 ] } },
{ "type": "Feature", "properties": { "Station_Name": "Sandown Park", "N_Metro_Platform": 2, "daily_volume": 1965.0, "daily_trains": 235.92737430167597, "peak_volume": 12.185626526533936, "per_platform_volume": 982.5, "per_platform_trains": 117.96368715083798, "per_train_volume": 8.328834268665199, "norm_peak_volume": 0.08324355785172434, "norm_per_platform_volume": 0.046557301729620942, "norm_per_platform_trains": 0.53754095981599048, "norm_per_train_volume": 0.06908469121155969, "Crowding_Index": 0.18410662765222385 }, "geometry": { "type": "Point", "coordinates": [ 145.16282634, -37.95648655 ] } },
{ "type": "Feature", "properties": { "Station_Name": "Sandringham", "N_Metro_Platform": 1, "daily_volume": 4385.2380952380954, "daily_trains": 162.12885154061624, "peak_volume": 31.09915526950925, "per_platform_volume": 4385.2380952380954, "per_platform_trains": 162.12885154061624, "per_train_volume": 27.04785763648929, "norm_peak_volume": 0.22727591967645566, "norm_per_platform_volume": 0.2173630205510502, "norm_per_platform_trains": 0.82390752888153895, "norm_per_train_volume": 0.24402506595314147, "Crowding_Index": 0.37814288376554656 }, "geometry": { "type": "Point", "coordinates": [ 145.00456136, -37.95033018 ] } },
{ "type": "Feature", "properties": { "Station_Name": "Seaford", "N_Metro_Platform": 2, "daily_volume": 1462.7777777777778, "daily_trains": 199.4766081871345, "peak_volume": 9.9878254354748073, "per_platform_volume": 731.38888888888891, "per_platform_trains": 99.738304093567251, "per_train_volume": 7.3330792571202421, "norm_peak_volume": 0.066506623868223813, "norm_per_platform_volume": 0.033952389850741838, "norm_per_platform_trains": 0.4193677233268282, "norm_per_train_volume": 0.059778770093372006, "Crowding_Index": 0.14490137678479145 }, "geometry": { "type": "Point", "coordinates": [ 145.1282304, -38.10402104 ] } },
{ "type": "Feature", "properties": { "Station_Name": "Seaholme", "N_Metro_Platform": 1, "daily_volume": 336.89750692520778, "daily_trains": 111.42105263157895, "peak_volume": 6.1709550806803311, "per_platform_volume": 336.89750692520778, "per_platform_trains": 111.42105263157895, "per_train_volume": 3.0236431892200981, "norm_peak_volume": 0.037439977477130203, "norm_per_platform_volume": 0.014150282788943189, "norm_per_platform_trains": 0.49511857045511981, "norm_per_train_volume": 0.019504534315708515, "Crowding_Index": 0.14155334125922542 }, "geometry": { "type": "Point", "coordinates": [ 144.840957730000014, -37.86784231 ] } },
{ "type": "Feature", "properties": { "Station_Name": "Seddon", "N_Metro_Platform": 2, "daily_volume": 1833.1123919308357, "daily_trains": 198.77521613832852, "peak_volume": 13.564253222137983, "per_platform_volume": 916.55619596541783, "per_platform_trains": 99.387608069164258, "per_train_volume": 9.2220369699166369, "norm_peak_volume": 0.093742225854977088, "norm_per_platform_volume": 0.043247150159122789, "norm_per_platform_trains": 0.41709381313809002, "norm_per_train_volume": 0.077432200171119417, "Crowding_Index": 0.15787884733082733 }, "geometry": { "type": "Point", "coordinates": [ 144.89567157, -37.80900514 ] } },
{ "type": "Feature", "properties": { "Station_Name": "South Kensington", "N_Metro_Platform": 2, "daily_volume": 1328.7031700288185, "daily_trains": 198.79538904899135, "peak_volume": 9.5472715441108118, "per_platform_volume": 664.35158501440924, "per_platform_trains": 99.397694524495677, "per_train_volume": 6.683772578353774, "norm_peak_volume": 0.063151669943626323, "norm_per_platform_volume": 0.030587348358963467, "norm_per_platform_trains": 0.41715921363296421, "norm_per_train_volume": 0.053710614107153928, "Crowding_Index": 0.14115221151067697 }, "geometry": { "type": "Point", "coordinates": [ 144.92546901, -37.79953087 ] } },
{ "type": "Feature", "properties": { "Station_Name": "South Morang", "N_Metro_Platform": 2, "daily_volume": 2653.7637362637361, "daily_trains": 143.69230769230768, "peak_volume": 26.059712060420107, "per_platform_volume": 1326.881868131868, "per_platform_trains": 71.84615384615384, "per_train_volume": 18.468377179565618, "norm_peak_volume": 0.18889900347268812, "norm_per_platform_volume": 0.063844083988193356, "norm_per_platform_trains": 0.23851524648059244, "norm_per_train_volume": 0.16384473299826205, "Crowding_Index": 0.16377576673493399 }, "geometry": { "type": "Point", "coordinates": [ 145.06701257, -37.64905033 ] } },
{ "type": "Feature", "properties": { "Station_Name": "South Yarra", "N_Metro_Platform": 6, "daily_volume": 21468.351648351647, "daily_trains": 590.93406593406598, "peak_volume": 46.460581822166219, "per_platform_volume": 3578.0586080586077, "per_platform_trains": 98.489010989010993, "per_train_volume": 36.329521152952111, "norm_peak_volume": 0.34425792644227848, "norm_per_platform_volume": 0.1768453936674102, "norm_per_platform_trains": 0.41126731693069973, "norm_per_train_volume": 0.33076771603104549, "Crowding_Index": 0.31578458826785849 }, "geometry": { "type": "Point", "coordinates": [ 144.99234221, -37.83844935 ] } },
{ "type": "Feature", "properties": { "Station_Name": "Southern Cross", "N_Metro_Platform": 6, "daily_volume": 103696.93989071039, "daily_trains": 1135.7213114754099, "peak_volume": 121.03435828877005, "per_platform_volume": 17282.823315118399, "per_platform_trains": 189.28688524590166, "per_train_volume": 91.304916833864993, "norm_peak_volume": 0.91216026241772952, "norm_per_platform_volume": 0.86477732423349418, "norm_per_platform_trains": 1.0, "norm_per_train_volume": 0.84454539198164558, "Crowding_Index": 0.90537074465821732 }, "geometry": { "type": "Point", "coordinates": [ 144.952777059999988, -37.8186631 ] } },
{ "type": "Feature", "properties": { "Station_Name": "Southland", "N_Metro_Platform": 2, "daily_volume": 2685.7464788732395, "daily_trains": 199.03943661971832, "peak_volume": 15.618528610354224, "per_platform_volume": 1342.8732394366198, "per_platform_trains": 99.519718309859158, "per_train_volume": 13.493539393424758, "norm_peak_volume": 0.10938616729097674, "norm_per_platform_volume": 0.064646795685126754, "norm_per_platform_trains": 0.41795041487135509, "norm_per_train_volume": 0.11735192354528534, "Crowding_Index": 0.17733382534818598 }, "geometry": { "type": "Point", "coordinates": [ 145.048647859999988, -37.95813507 ] } },
{ "type": "Feature", "properties": { "Station_Name": "Spotswood", "N_Metro_Platform": 2, "daily_volume": 1475.9942363112391, "daily_trains": 198.77809798270894, "peak_volume": 9.1803126163007072, "per_platform_volume": 737.99711815561955, "per_platform_trains": 99.389048991354471, "per_train_volume": 7.4253363488749704, "norm_peak_volume": 0.060357164392419178, "norm_per_platform_volume": 0.034284100172973307, "norm_per_platform_trains": 0.41710315606592924, "norm_per_train_volume": 0.060640967329146749, "Crowding_Index": 0.14309634699011711 }, "geometry": { "type": "Point", "coordinates": [ 144.88593345000001, -37.83063888 ] } },
{ "type": "Feature", "properties": { "Station_Name": "Springvale", "N_Metro_Platform": 2, "daily_volume": 7374.4134078212292, "daily_trains": 235.92737430167597, "peak_volume": 37.593871385412172, "per_platform_volume": 3687.2067039106146, "per_platform_trains": 117.96368715083798, "per_train_volume": 31.257133385427768, "norm_peak_volume": 0.27673518844998257, "norm_per_platform_volume": 0.18232425170708186, "norm_per_platform_trains": 0.53754095981599048, "norm_per_train_volume": 0.28336324414975039, "Crowding_Index": 0.31999091103070132 }, "geometry": { "type": "Point", "coordinates": [ 145.15345183, -37.94950878 ] } },
{ "type": "Feature", "properties": { "Station_Name": "St Albans", "N_Metro_Platform": 2, "daily_volume": 5028.6538461538457, "daily_trains": 143.55769230769232, "peak_volume": 38.61647790361981, "per_platform_volume": 2514.3269230769229, "per_platform_trains": 71.77884615384616, "per_train_volume": 35.028801071667779, "norm_peak_volume": 0.28452265286428524, "norm_per_platform_volume": 0.1234497311153343, "norm_per_platform_trains": 0.23807882394749005, "norm_per_train_volume": 0.31861171547575412, "Crowding_Index": 0.24116573085071594 }, "geometry": { "type": "Point", "coordinates": [ 144.800050449999986, -37.74486131 ] } },
{ "type": "Feature", "properties": { "Station_Name": "Strathmore", "N_Metro_Platform": 2, "daily_volume": 1405.7541899441342, "daily_trains": 150.0391061452514, "peak_volume": 11.824572447801909, "per_platform_volume": 702.87709497206708, "per_platform_trains": 75.019553072625698, "per_train_volume": 9.3692519641061924, "norm_peak_volume": 0.080494019549648327, "norm_per_platform_volume": 0.032521196112479576, "norm_per_platform_trains": 0.2590915414251741, "norm_per_train_volume": 0.078808011598085675, "Crowding_Index": 0.11272869217134691 }, "geometry": { "type": "Point", "coordinates": [ 144.927315709999988, -37.74359132 ] } },
{ "type": "Feature", "properties": { "Station_Name": "Sunbury", "N_Metro_Platform": 2, "daily_volume": 2614.0883977900553, "daily_trains": 95.08011049723757, "peak_volume": 37.793068297655452, "per_platform_volume": 1307.0441988950276, "per_platform_trains": 47.540055248618785, "per_train_volume": 27.493535547226823, "norm_peak_volume": 0.27825213444818769, "norm_per_platform_volume": 0.062848301398142681, "norm_per_platform_trains": 0.080914699558231024, "norm_per_train_volume": 0.24819019033951767, "Crowding_Index": 0.16755133143601977 }, "geometry": { "type": "Point", "coordinates": [ 144.727980980000012, -37.57928396 ] } },
{ "type": "Feature", "properties": { "Station_Name": "Sunshine", "N_Metro_Platform": 2, "daily_volume": 7696.2637362637361, "daily_trains": 143.75549450549451, "peak_volume": 66.077844311377248, "per_platform_volume": 3848.131868131868, "per_platform_trains": 71.877747252747255, "per_train_volume": 53.537179658684806, "norm_peak_volume": 0.49364943805568917, "norm_per_platform_volume": 0.19040214003758074, "norm_per_platform_trains": 0.2387200978736814, "norm_per_train_volume": 0.49158348981721633, "Crowding_Index": 0.35358879144604194 }, "geometry": { "type": "Point", "coordinates": [ 144.83287820000001, -37.78853633 ] } },
{ "type": "Feature", "properties": { "Station_Name": "Syndal", "N_Metro_Platform": 2, "daily_volume": 3535.2222222222222, "daily_trains": 142.98888888888888, "peak_volume": 36.744818652849744, "per_platform_volume": 1767.6111111111111, "per_platform_trains": 71.49444444444444, "per_train_volume": 24.723754759499574, "norm_peak_volume": 0.27026938970631192, "norm_per_platform_volume": 0.085967172232346498, "norm_per_platform_trains": 0.23623476556158723, "norm_per_train_volume": 0.22230494625194844, "Crowding_Index": 0.20369406843804852 }, "geometry": { "type": "Point", "coordinates": [ 145.149780709999987, -37.87622062 ] } },
{ "type": "Feature", "properties": { "Station_Name": "Tecoma", "N_Metro_Platform": 1, "daily_volume": 162.60355029585799, "daily_trains": 100.9585798816568, "peak_volume": 3.1603277999579742, "per_platform_volume": 162.60355029585799, "per_platform_trains": 100.9585798816568, "per_train_volume": 1.6105966475208064, "norm_peak_volume": 0.014513121060795765, "norm_per_platform_volume": 0.0054013271787630218, "norm_per_platform_trains": 0.42727998167743542, "norm_per_train_volume": 0.0062987763723172212, "Crowding_Index": 0.11337330157232786 }, "geometry": { "type": "Point", "coordinates": [ 145.34299458000001, -37.90811849 ] } },
{ "type": "Feature", "properties": { "Station_Name": "Thomastown", "N_Metro_Platform": 2, "daily_volume": 3380.2064896755164, "daily_trains": 146.35398230088495, "peak_volume": 30.628683693516699, "per_platform_volume": 1690.1032448377582, "per_platform_trains": 73.176991150442475, "per_train_volume": 23.096101906719881, "norm_peak_volume": 0.22369313334491092, "norm_per_platform_volume": 0.082076544613470373, "norm_per_platform_trains": 0.24714438480893938, "norm_per_train_volume": 0.20709356505863658, "Crowding_Index": 0.1900019069564893 }, "geometry": { "type": "Point", "coordinates": [ 145.01427887, -37.68033809 ] } },
{ "type": "Feature", "properties": { "Station_Name": "Thornbury", "N_Metro_Platform": 2, "daily_volume": 1828.3701657458564, "daily_trains": 142.69337016574585, "peak_volume": 18.896622546782289, "per_platform_volume": 914.18508287292821, "per_platform_trains": 71.346685082872924, "per_train_volume": 12.813280418158941, "norm_peak_volume": 0.13434986488349643, "norm_per_platform_volume": 0.043128128458117837, "norm_per_platform_trains": 0.2352766950549971, "norm_per_train_volume": 0.11099449999193468, "Crowding_Index": 0.1309372970971365 }, "geometry": { "type": "Point", "coordinates": [ 144.998571520000013, -37.75505179 ] } },
{ "type": "Feature", "properties": { "Station_Name": "Toorak", "N_Metro_Platform": 2, "daily_volume": 1666.053412462908, "daily_trains": 203.43916913946589, "peak_volume": 13.849865350089766, "per_platform_volume": 833.026706231454, "per_platform_trains": 101.71958456973294, "per_train_volume": 8.1894426698172378, "norm_peak_volume": 0.095917250405589377, "norm_per_platform_volume": 0.039054257806707231, "norm_per_platform_trains": 0.43221432992629194, "norm_per_train_volume": 0.067781994053747172, "Crowding_Index": 0.15874195804808394 }, "geometry": { "type": "Point", "coordinates": [ 145.01390858, -37.85077381 ] } },
{ "type": "Feature", "properties": { "Station_Name": "Tooronga", "N_Metro_Platform": 2, "daily_volume": 2402.5, "daily_trains": 141.36235955056179, "peak_volume": 26.985892566467715, "per_platform_volume": 1201.25, "per_platform_trains": 70.681179775280896, "per_train_volume": 16.995330352707402, "norm_peak_volume": 0.1959521540282981, "norm_per_platform_volume": 0.057537797420569275, "norm_per_platform_trains": 0.23096156401760082, "norm_per_train_volume": 0.15007823680672333, "Crowding_Index": 0.15863243806829788 }, "geometry": { "type": "Point", "coordinates": [ 145.041733740000012, -37.84936553 ] } },
{ "type": "Feature", "properties": { "Station_Name": "Tottenham", "N_Metro_Platform": 2, "daily_volume": 2293.0746268656717, "daily_trains": 133.4955223880597, "peak_volume": 22.42334830019243, "per_platform_volume": 1146.5373134328358, "per_platform_trains": 66.747761194029849, "per_train_volume": 17.177165090226069, "norm_peak_volume": 0.16120697053917321, "norm_per_platform_volume": 0.054791409219010635, "norm_per_platform_trains": 0.20545730971729897, "norm_per_train_volume": 0.15177759026643589, "Crowding_Index": 0.14330831993547968 }, "geometry": { "type": "Point", "coordinates": [ 144.86294494, -37.7992509 ] } },
{ "type": "Feature", "properties": { "Station_Name": "Union", "N_Metro_Platform": 3, "daily_volume": 2427.4309392265195, "daily_trains": 173.5939226519337, "peak_volume": 24.308201209079503, "per_platform_volume": 809.1436464088398, "per_platform_trains": 57.864640883977899, "per_train_volume": 13.983386642478639, "norm_peak_volume": 0.17556070747787381, "norm_per_platform_volume": 0.037855410558849507, "norm_per_platform_trains": 0.14785922939916432, "norm_per_train_volume": 0.12192983659297764, "Crowding_Index": 0.12080129600721631 }, "geometry": { "type": "Point", "coordinates": [ 145.10034527, -37.82315506 ] } },
{ "type": "Feature", "properties": { "Station_Name": "Upfield", "N_Metro_Platform": 1, "daily_volume": 1494.3539325842696, "daily_trains": 108.31179775280899, "peak_volume": 20.518655186551864, "per_platform_volume": 1494.3539325842696, "per_platform_trains": 108.31179775280899, "per_train_volume": 13.796778962110013, "norm_peak_volume": 0.14670214431467271, "norm_per_platform_volume": 0.072250604134816515, "norm_per_platform_trains": 0.47495818694277525, "norm_per_train_volume": 0.12018587715172505, "Crowding_Index": 0.20352420313599739 }, "geometry": { "type": "Point", "coordinates": [ 144.946739939999986, -37.66607779 ] } },
{ "type": "Feature", "properties": { "Station_Name": "Upper Ferntree Gully", "N_Metro_Platform": 2, "daily_volume": 806.65680473372777, "daily_trains": 104.95266272189349, "peak_volume": 10.871823409386014, "per_platform_volume": 403.32840236686388, "per_platform_trains": 52.476331360946745, "per_train_volume": 7.685910807915656, "norm_peak_volume": 0.073238541415762262, "norm_per_platform_volume": 0.017484884668453791, "norm_per_platform_trains": 0.11292147398732716, "norm_per_train_volume": 0.063076190183295106, "Crowding_Index": 0.066680272563709578 }, "geometry": { "type": "Point", "coordinates": [ 145.30753019, -37.8926717 ] } },
{ "type": "Feature", "properties": { "Station_Name": "Upwey", "N_Metro_Platform": 2, "daily_volume": 434.46745562130178, "daily_trains": 100.96449704142012, "peak_volume": 6.6253051261187954, "per_platform_volume": 217.23372781065089, "per_platform_trains": 50.482248520710058, "per_train_volume": 4.3031706030592511, "norm_peak_volume": 0.040899993375220163, "norm_per_platform_volume": 0.0081435737104061136, "norm_per_platform_trains": 0.099991856962665354, "norm_per_train_volume": 0.031462476825353872, "Crowding_Index": 0.045124475218411376 }, "geometry": { "type": "Point", "coordinates": [ 145.33133336, -37.90369097 ] } },
{ "type": "Feature", "properties": { "Station_Name": "Victoria Park", "N_Metro_Platform": 2, "daily_volume": 3725.8100558659216, "daily_trains": 295.37709497206703, "peak_volume": 17.619691006285613, "per_platform_volume": 1862.9050279329608, "per_platform_trains": 147.68854748603351, "per_train_volume": 12.613740602392548, "norm_peak_volume": 0.12462563688957762, "norm_per_platform_volume": 0.090750598257653511, "norm_per_platform_trains": 0.73027671406380323, "norm_per_train_volume": 0.10912968207595082, "Crowding_Index": 0.26369565782174631 }, "geometry": { "type": "Point", "coordinates": [ 144.99445143, -37.79915782 ] } },
{ "type": "Feature", "properties": { "Station_Name": "Watergardens", "N_Metro_Platform": 3, "daily_volume": 6979.9450549450548, "daily_trains": 145.1098901098901, "peak_volume": 61.433221221655636, "per_platform_volume": 2326.6483516483518, "per_platform_trains": 48.369963369963365, "per_train_volume": 48.101098068913295, "norm_peak_volume": 0.45827919898029978, "norm_per_platform_volume": 0.11402891399599824, "norm_per_platform_trains": 0.08629581711168649, "norm_per_train_volume": 0.4407800834773809, "Crowding_Index": 0.27484600339134135 }, "geometry": { "type": "Point", "coordinates": [ 144.77418099, -37.70111071 ] } },
{ "type": "Feature", "properties": { "Station_Name": "Watsonia", "N_Metro_Platform": 2, "daily_volume": 2426.0681114551085, "daily_trains": 136.09907120743034, "peak_volume": 25.679864548059392, "per_platform_volume": 1213.0340557275542, "per_platform_trains": 68.049535603715171, "per_train_volume": 17.825750682438581, "norm_peak_volume": 0.18600634737016772, "norm_per_platform_volume": 0.058129316383487235, "norm_per_platform_trains": 0.21389800447185522, "norm_per_train_volume": 0.15783900727116487, "Crowding_Index": 0.15396816887416875 }, "geometry": { "type": "Point", "coordinates": [ 145.08379338, -37.71095798 ] } },
{ "type": "Feature", "properties": { "Station_Name": "Wattle Glen", "N_Metro_Platform": 1, "daily_volume": 101.27478753541077, "daily_trains": 70.025495750708217, "peak_volume": 2.7196858124693177, "per_platform_volume": 101.27478753541077, "per_platform_trains": 70.025495750708217, "per_train_volume": 1.4462559165014766, "norm_peak_volume": 0.011157496257005139, "norm_per_platform_volume": 0.0023228347663182976, "norm_per_platform_trains": 0.22671011409994973, "norm_per_train_volume": 0.0047629147782105108, "Crowding_Index": 0.061238339975370919 }, "geometry": { "type": "Point", "coordinates": [ 145.18161453, -37.66396792 ] } },
{ "type": "Feature", "properties": { "Station_Name": "Werribee", "N_Metro_Platform": 3, "daily_volume": 6040.3878116343494, "daily_trains": 133.8393351800554, "peak_volume": 65.525508781711736, "per_platform_volume": 2013.4626038781164, "per_platform_trains": 44.613111726685133, "per_train_volume": 45.131633413362039, "norm_peak_volume": 0.48944323243755539, "norm_per_platform_volume": 0.098308069406935372, "norm_per_platform_trains": 0.061936421410606513, "norm_per_train_volume": 0.41302867522191894, "Crowding_Index": 0.26567909961925407 }, "geometry": { "type": "Point", "coordinates": [ 144.66111801, -37.89937805 ] } },
{ "type": "Feature", "properties": { "Station_Name": "West Footscray", "N_Metro_Platform": 2, "daily_volume": 2876.4477611940297, "daily_trains": 133.49253731343285, "peak_volume": 30.849262347658755, "per_platform_volume": 1438.2238805970148, "per_platform_trains": 66.746268656716424, "per_train_volume": 21.547629695885508, "norm_peak_volume": 0.22537290791029976, "norm_per_platform_volume": 0.069433069076627912, "norm_per_platform_trains": 0.20544763211741787, "norm_per_train_volume": 0.19262217392260539, "Crowding_Index": 0.17321894575673774 }, "geometry": { "type": "Point", "coordinates": [ 144.88398479, -37.80180266 ] } },
{ "type": "Feature", "properties": { "Station_Name": "West Richmond", "N_Metro_Platform": 2, "daily_volume": 2141.1452513966478, "daily_trains": 276.75977653631287, "peak_volume": 10.898671880266972, "per_platform_volume": 1070.5726256983239, "per_platform_trains": 138.37988826815644, "per_train_volume": 7.7364755752926913, "norm_peak_volume": 0.07344300081225659, "norm_per_platform_volume": 0.050978243841488149, "norm_per_platform_trains": 0.66991944290552341, "norm_per_train_volume": 0.063548747922010498, "Crowding_Index": 0.21447235887031965 }, "geometry": { "type": "Point", "coordinates": [ 144.99142278, -37.81494896 ] } },
{ "type": "Feature", "properties": { "Station_Name": "Westall", "N_Metro_Platform": 3, "daily_volume": 3453.3425414364642, "daily_trains": 229.37845303867402, "peak_volume": 18.882523678582341, "per_platform_volume": 1151.1141804788215, "per_platform_trains": 76.45948434622467, "per_train_volume": 15.055217679291866, "norm_peak_volume": 0.13424249764846113, "norm_per_platform_volume": 0.055021152162446012, "norm_per_platform_trains": 0.26842804416909138, "norm_per_train_volume": 0.13194673328439729, "Crowding_Index": 0.14740960681609896 }, "geometry": { "type": "Point", "coordinates": [ 145.13883263, -37.93849121 ] } },
{ "type": "Feature", "properties": { "Station_Name": "Westgarth", "N_Metro_Platform": 2, "daily_volume": 860.36211699164346, "daily_trains": 134.27855153203342, "peak_volume": 9.8126737889653146, "per_platform_volume": 430.18105849582173, "per_platform_trains": 67.139275766016709, "per_train_volume": 6.4072936978799326, "norm_peak_volume": 0.065172789993695121, "norm_per_platform_volume": 0.018832795410920256, "norm_per_platform_trains": 0.20799588703877256, "norm_per_train_volume": 0.051126755002551025, "Crowding_Index": 0.08578205686148474 }, "geometry": { "type": "Point", "coordinates": [ 144.999233190000012, -37.7806207 ] } },
{ "type": "Feature", "properties": { "Station_Name": "Westona", "N_Metro_Platform": 2, "daily_volume": 1088.9196675900278, "daily_trains": 111.42382271468144, "peak_volume": 13.945875163683981, "per_platform_volume": 544.45983379501388, "per_platform_trains": 55.711911357340718, "per_train_volume": 9.7727724741447908, "norm_peak_volume": 0.096648394783682395, "norm_per_platform_volume": 0.02456919586687286, "norm_per_platform_trains": 0.13390094854168677, "norm_per_train_volume": 0.082579150073365665, "Crowding_Index": 0.084424422316401918 }, "geometry": { "type": "Point", "coordinates": [ 144.813493560000012, -37.86516348 ] } },
{ "type": "Feature", "properties": { "Station_Name": "Williams Landing", "N_Metro_Platform": 2, "daily_volume": 7044.5706371191136, "daily_trains": 132.49030470914127, "peak_volume": 92.780100334448164, "per_platform_volume": 3522.2853185595568, "per_platform_trains": 66.245152354570635, "per_train_volume": 53.170461435530747, "norm_peak_volume": 0.69699536325645328, "norm_per_platform_volume": 0.17404576685591605, "norm_per_platform_trains": 0.20219839806313419, "norm_per_train_volume": 0.48815629053857174, "Crowding_Index": 0.39034895467851882 }, "geometry": { "type": "Point", "coordinates": [ 144.74744472, -37.86986533 ] } },
{ "type": "Feature", "properties": { "Station_Name": "Williamstown Beach", "N_Metro_Platform": 2, "daily_volume": 873.65994236311235, "daily_trains": 110.79250720461096, "peak_volume": 12.378035902851108, "per_platform_volume": 436.82997118155617, "per_platform_trains": 55.396253602305478, "per_train_volume": 7.8855507868383397, "norm_peak_volume": 0.084708814667879231, "norm_per_platform_volume": 0.019166547900498307, "norm_per_platform_trains": 0.13185422620843318, "norm_per_train_volume": 0.064941944183376552, "Crowding_Index": 0.075167883240046821 }, "geometry": { "type": "Point", "coordinates": [ 144.89448368, -37.86398189 ] } },
{ "type": "Feature", "properties": { "Station_Name": "Williamstown", "N_Metro_Platform": 1, "daily_volume": 769.27953890489914, "daily_trains": 110.78386167146974, "peak_volume": 10.107708553326294, "per_platform_volume": 769.27953890489914, "per_platform_trains": 110.78386167146974, "per_train_volume": 6.9439675355080386, "norm_peak_volume": 0.067419570830248313, "norm_per_platform_volume": 0.035854369824355699, "norm_per_platform_trains": 0.49098702941803291, "norm_per_train_volume": 0.05614229029110903, "Crowding_Index": 0.16260081509093649 }, "geometry": { "type": "Point", "coordinates": [ 144.90532331, -37.86775292 ] } },
{ "type": "Feature", "properties": { "Station_Name": "Willison", "N_Metro_Platform": 2, "daily_volume": 237.07988980716254, "daily_trains": 113.22038567493112, "peak_volume": 4.3900048995590399, "per_platform_volume": 118.53994490358127, "per_platform_trains": 56.610192837465561, "per_train_volume": 2.093968223071121, "norm_peak_volume": 0.023877491895249837, "norm_per_platform_volume": 0.0031894861312771142, "norm_per_platform_trains": 0.13972539840104267, "norm_per_train_volume": 0.01081617041070237, "Crowding_Index": 0.044402136709567996 }, "geometry": { "type": "Point", "coordinates": [ 145.07029756, -37.83571565 ] } },
{ "type": "Feature", "properties": { "Station_Name": "Windsor", "N_Metro_Platform": 2, "daily_volume": 3463.4180790960454, "daily_trains": 162.82485875706215, "peak_volume": 26.379622186495176, "per_platform_volume": 1731.7090395480227, "per_platform_trains": 81.412429378531073, "per_train_volume": 21.270818875780709, "norm_peak_volume": 0.1913352178701391, "norm_per_platform_volume": 0.084165012039913986, "norm_per_platform_trains": 0.30054289974064918, "norm_per_train_volume": 0.19003521264529344, "Crowding_Index": 0.19151958557399892 }, "geometry": { "type": "Point", "coordinates": [ 144.99203517, -37.85605308 ] } },
{ "type": "Feature", "properties": { "Station_Name": "Yarraman", "N_Metro_Platform": 2, "daily_volume": 1223.9944134078212, "daily_trains": 221.50279329608938, "peak_volume": 7.2679597103138267, "per_platform_volume": 611.99720670391059, "per_platform_trains": 110.75139664804469, "per_train_volume": 5.5258644606421345, "norm_peak_volume": 0.045794006483878158, "norm_per_platform_volume": 0.027959339099805941, "norm_per_platform_trains": 0.49077652646844999, "norm_per_train_volume": 0.042889276046484577, "Crowding_Index": 0.15185478702465466 }, "geometry": { "type": "Point", "coordinates": [ 145.191600279999989, -37.97825454 ] } },
{ "type": "Feature", "properties": { "Station_Name": "Yarraville", "N_Metro_Platform": 2, "daily_volume": 4361.0662824207493, "daily_trains": 198.77521613832852, "peak_volume": 30.444775286126362, "per_platform_volume": 2180.5331412103747, "per_platform_trains": 99.387608069164258, "per_train_volume": 21.939688292859735, "norm_peak_volume": 0.22229261403221029, "norm_per_platform_volume": 0.10669443427670125, "norm_per_platform_trains": 0.41709381313809002, "norm_per_train_volume": 0.19628619402277911, "Crowding_Index": 0.23559176386744518 }, "geometry": { "type": "Point", "coordinates": [ 144.88993371, -37.81585044 ] } }
]
}
